ID,Title,url,images,Type,Period,Materials,Measurements,Artist,Description,Illusion,Credit Line
2004.19.1.1.17,Album Leaf from Illustrations of Costumes from the Qianlong Court,https://search.museums.ualberta.ca/21-20189,https://media.museums.ualberta.ca/UAAC/fullres/2004/2004_019_001_001_017_ve_s21-03v01.jpg,album leaf,Qing 18th century,ink; silk; paper,sheet: 42.2 cm x 40.8 cm; image: 36.2 cm x 37.6 cm,unknown,"This album leaf is part of a section of the illustrations of costumes from the Qianlong court, Huangchao liqi tushi (“The Regulations for the Ceremonial Paraphernalia of the [Qing] Dynasty”). In total there are 34 folios that depict costumes appropriate for the Empress Dowager or Empress to wear at the imperial court along with short descriptive captions. This is the right leaf of one folio (attached to 2004.19.1.16) depicting the front of a formal court robe. The Chinese script describes the pictorial content of the painting and is translated as  ""illustration of summer court robe chaopao, the second style for the Empress Dowager and Empress."" This painting is nearly identical to another leaf found in the album, 2004.19.1.1.15.","皇太后 皇后 夏朝袍二圖 Translation of the Chinese text: ""Illustration of Summer court robe chaopao, the second style for the Empress Dowager and Empress.""
On the reverse of the piece ""(51)"" is handwritten in… 

													皇太后 皇后 夏朝袍二圖 Translation of the Chinese text: ""Illustration of Summer court robe chaopao, the second style for the Empress Dowager and Empress.""
On the reverse of the piece ""(51)"" is handwritten in pencil on the upper left corner.  Below it are two markings in black ink. 
Read More +",Gift of Sandy and Cécile Mactaggart
2004.19.2.21,Album Leaf from Illustrations of Chinese Costumes,https://search.museums.ualberta.ca/21-19986,https://media.museums.ualberta.ca/UAAC/fullres/2004/2004_019_002_021_s21-10v01.jpg,album leaf,Qing 18th century,ink; paper,sheet: 17.2 cm x 28 cm; image: 10.8 cm x 16.8 cm,unknown,"This album leaf is a part of a 48-page album that depicts Chinese subjects participating in various aspects of daily life, including government business, daily life, cultural customs, modes of transportation, and corporal punishment. This leaf contains an ink and watercolour depiction of a male figure being pushed in a rear-powered wheeled cart or rickshaw. The passenger, labelled as a merchant, is wearing a long blue robe with cuffs covering his hands. He also wears a brown coned hat with red tassels and black boots. The porter wears a black tunic over short pants with sandals and a straw hat.",,Gift of Sandy and Cécile Mactaggart
2005.5.356,Embroidered Purple Silk Robe for a Woman,https://search.museums.ualberta.ca/21-19578,https://media.museums.ualberta.ca/UAAC/fullres/2005/2005_005_356_ve_s21-03v01.jpg,robe,Qing 19th century,purple silk plain weave embroidered with silk,overall: 142.7 cm x 131.6 cm; neck to hem: 142.7 cm; cuff to cuff: x 131.6 cm,unknown,,,Gift of Sandy and Cécile Mactaggart
2004.19.72.8,Album Leaf from Figures in River Landscapes,https://search.museums.ualberta.ca/21-20442,https://media.museums.ualberta.ca/UAAC/fullres/2004/2004_019_072_008_s21-03v01.jpg,album leaf,Qing 18th century,ink and colour on paper,,Wang Gai,"This is the eighth leaf from the Figures in River Landscape  album by Wang Gai (1677-1705), which is painted with ink and colour on paper. Each leaf contains a landscape, which was painted in situ by Wang Gai. Repeating themes throughout the album include figures immersed in the natural environment, which reflects the literati’s yearning and nostalgia.
This leaf contains a scenic and tranquil landscape of several mountain ranges, cliffs, a river, a cottage and blooming trees and mosses. On the right side of the scene, there is a man standing on a bridge observing the landscape around him.",,Gift of Sandy and Cécile Mactaggart
2005.5.145.1,Red Silk Cut Velvet Hanging,https://search.museums.ualberta.ca/21-20880,https://media.museums.ualberta.ca/UAAC/fullres/2005/2005_005_145_001_re_s21-03v01.jpg,hanging,Qing 19th century,silk; silk velvet brocade,overall: 198 cm x 177.5 cm,unknown,,,Gift of Sandy and Cécile Mactaggart
2005.5.592,Front and Back Panels of a Rank Badge for a Third Rank Military Official,https://search.museums.ualberta.ca/21-19814,https://media.museums.ualberta.ca/UAAC/fullres/2005/2005_005_592_002_re_s23-03v01.jpg,rank badge,Qing 19th century,silk and metal-wrapped thread tapestry weave with ink,,unknown,"Rank badges, always made in pairs, were placed on the front and back of surcoats in order to communicate their wearer’s rank during the Ming (1368-1644) and Qing dynasties (1644-1911). Different motifs were regulated by the imperial court, including bird motifs used only for civil officials while beasts were used for military officials. The hierarchy of ranks within these categories was represented by specific birds and beasts. This pair of rank badges features a leopard rendered in tapestry weave with details painted with ink, representing a third rank military official. The leopard is identified by its spots, which look like geometric marks throughout its body, and green eyebrows, which are typical in the late Qing dynasty.
The front badge is made into two separate panels to accommodate the front opening of a surcoat, while the back badge is made in one piece. The patterns on the front and back badges are identical. The leopard is positioned in the center of the badge, surrounded by clouds, small white flowers, bats, and other auspicious symbols. Select details are highlighted with metal-wrapped threads, including the standing water waves below the leopard. The position of the sun on the right side of the badge indicates that the wearer was a woman, likely the spouse of a military official. The border features show characters and bats, which are symbols of luck.",,Gift of Sandy and Cécile Mactaggart
2004.19.1.1.32,Album Leaf from Illustrations of Costumes from the Qianlong Court,https://search.museums.ualberta.ca/21-20240,https://media.museums.ualberta.ca/UAAC/fullres/2004/2004_019_001_001_032_s21-03v01.jpg,album leaf,Qing 18th century,ink; silk; paper,sheet: 42.2 cm x 81.7 cm; image: 12.5 cm x 12.5 cm,unknown,"This album leaf is part of a section of the illustrations of costumes from the Qianlong court, Huangchao liqi tushi (“The Regulations for the Ceremonial Paraphernalia of the [Qing] Dynasty”). In total there are 34 folios that depict costumes appropriate for the Empress Dowager or Empress to wear at the imperial court along with short descriptive captions. This is the left leaf of one folio (attached to 2004.19.1.33) and it contains seven columns of regular script calligraphy describing the regulations of a winter court robe (chaopao) the first style for the empress dowager and empress.","龍九 間以五色雲 中無襞積 下幅八寶平水 披領行龍二 袖端正龍各一 袖相接處行龍各二 領後垂明黃縧 其飾珠寶惟宜 餘俱如前 皇貴妃同 Translation of the Chinese text:… 

													龍九 間以五色雲 中無襞積 下幅八寶平水 披領行龍二 袖端正龍各一 袖相接處行龍各二 領後垂明黃縧 其飾珠寶惟宜 餘俱如前 皇貴妃同 Translation of the Chinese text: ""[continuing from the right leaf, 2004.19.1.1.33]...include nine golden dragons spaced by five-colour clouds. The middle [of the robe] does not have pleats. The lower part is decorated with ""eight treasures and level waters"" [babao, pingshui]. There are two moving dragons embroidered on the flared shoulder collar, one front-facing dragon on each cuff, and each sleeve has two moving dragons at the joint place. The back of the collar attaches a hanging with bright yellow ribbons adorned with pearls and gems as fitting. The first-rank imperial consort will have the same design.""
(Translated and transcribed by Lisa Claypool, Ed., China’s Imperial Modern: The Painter’s Craft, Edmonton, AB: University of Alberta Museums, 2012, p. 103; Modified by Isabel Pi-fen Chueh)
On the reverse of the piece ""(36)"" is handwritten in pencil on the upper right corner 
Read More +",Gift of Sandy and Cécile Mactaggart
2005.5.621.6.1.2,Insole,https://search.museums.ualberta.ca/21-21047,https://media.museums.ualberta.ca/UAAC/fullres/2004/2004_019_001_001_032_s21-03v01.jpg,insole,Qing 19th century,"felt, cork",overall: 26.4 cm x 7.9 cm x .4 cm,unknown,,,Gift of Sandy and Cécile Mactaggart
2004.19.1.1.10,Album Leaf from Illustrations of Costumes from the Qianlong Court,https://search.museums.ualberta.ca/21-20155,https://media.museums.ualberta.ca/UAAC/fullres/2004/2004_019_001_001_010_s21-03v01.jpg,album leaf,Qing 18th century,ink; silk; paper,sheet: 42.2 cm x 40.8 cm; image: 34.2 cm x 31.6 cm,unknown,"This album leaf is part of a section of the illustrations of costumes from the Qianlong court, Huangchao liqi tushi (“The Regulations for the Ceremonial Paraphernalia of the [Qing] Dynasty”). In total there are 34 folios that depict costumes appropriate for the Empress Dowager or Empress to wear at the imperial court along with short descriptive captions. This is the left leaf of one folio (attached to 2004.19.1.11) and it contains eight columns of regular script calligraphy describing the regulations for a jeweled collar (lingyue) for the empress dowager and empress.","皇太后 皇后領約 謹按 本朝定制 皇太后 皇后領約 縷金為之 飾東珠十一 間以珊瑚 兩端垂明黃縧二 中各貫珊瑚 末墜綠松石各二 Translation of the Chinese text: ""Jeweled collar… 

													皇太后 皇后領約 謹按 本朝定制 皇太后 皇后領約 縷金為之 飾東珠十一 間以珊瑚 兩端垂明黃縧二 中各貫珊瑚 末墜綠松石各二 Translation of the Chinese text: ""Jeweled collar lingyue for the Empress Dowager and Empress/In accordance with the decree of the present dynasty: The jeweled collar lingyue of the Empress Dowager and Empress is engraved gold decorated with eleven eastern pearls spaced by coral. There are two bright yellow dangling bands: at the centre which are strung with coral beads, and the ends are adorned with two green turquoise stones.""
 (Translated and transcribed by Lisa Claypool, Ed., China’s Imperial Modern: The Painter’s Craft, Edmonton, AB: University of Alberta Museums, 2012, p. 104)
On the reverse ""(58)"" is handwritten in pencil on the upper left corner. 
Read More +",Gift of Sandy and Cécile Mactaggart
2005.5.518,Silk Brocade Yardage,https://search.museums.ualberta.ca/21-19740,https://media.museums.ualberta.ca/UAAC/fullres/2005/2005_005_518_ve_g01_s23-01v01.jpg,yardage,Qing 20th century,gold wrapped silk thread; silk brocade,overall: 73.5 cm x 409 cm,unknown,,,Gift of Sandy and Cécile Mactaggart
2005.5.587.1,Front Panel of a Rank Badge for a Ninth Rank Civil Official,https://search.museums.ualberta.ca/21-20679,https://media.museums.ualberta.ca/UAAC/bfw/2005/2005_005_587_001_ve_s19-12v01.jpg,rank badge,Qing 19th-20th centuries,gold wrapped silk thread; linen; silk; silver wrapped silk thread; embroidery,,unknown,"Rank badges, always made in pairs, were placed on the front and back of surcoats in order to communicate their wearer’s rank during the Ming (1368-1644) and Qing dynasties (1644-1911). Different motifs were regulated by the imperial court, including bird motifs used only for civil officials, while beasts were used for military officials. The hierarchy of ranks within these categories was represented by specific birds and beasts. 
This rank badge features a flycatcher, representing a ninth rank civil official. In the Ming Dynasty, the birds on rank badges were often presented in pairs in an upper and lower position. Later, in the Qing Dynasty, only one bird or beast was seen on rank badges. The bird perches on rocks, surrounded with bamboo and cherry blossoms. The badge is adorned with counted stitch embroidery on silk gauze.",,Gift of Sandy and Cécile Mactaggart
2010.20.1.5.2,"Magnificent Record of the Southern Tours, volumes 26, chapters 63-65",https://search.museums.ualberta.ca/21-23704,https://media.museums.ualberta.ca/UAAC/bfw/2010/2010_020_001_005_002_s20-02v01.jpg,book,,"printed woodblock, thread binding",overall: 29.8 cm x 20.5 cm,Gao Jin,"One set of the Yuzhi nanxun shengdian [Magnificent Record of the Southern Tours], edited by Gao Jin et al. Volume 26, Chapter 63-65. Sidian [Sacrificial rites]. Woodblock printed, thread binding.",,Gift of Sandy and Cécile Mactaggart
2005.5.568.1,Front Panel of a Rank Badge for a Fifth Rank Civil Official,https://search.museums.ualberta.ca/21-20714,https://media.museums.ualberta.ca/UAAC/bfw/2005/2005_005_568_001_ve_s19-12v01.jpg,rank badge,Qing 19th century,gold wrapped silk thread; ink; tapestry weave; linen; silk; silver wrapped silk thread,,unknown,"Qing Period (1644-1911), Fifth Rank Civil Official (Silver Pheasant)

(source: John E. Vollmer & Jacqueline Simcox, ""Emblems of Empire: Selections from the Mactaggart Art Collection,"" (The University of Alberta Press and University of Alberta Museums, Edmonton, Alberta, 2009), p. 74.)",,Gift of Sandy and Cécile Mactaggart
2005.5.639.1,Embroidered Silk Chair Cover,https://search.museums.ualberta.ca/21-20809,https://media.museums.ualberta.ca/UAAC/bfw/2005/2005_005_639_001_re_m01_s20-02v01.jpg,chair cover,Qing 17th-18th centuries,silk floss; silk twill; metallic thread; embroidery,overall: 136.5 cm x 51.9 cm,unknown,(bird looking right),,Gift of Sandy and Cécile Mactaggart
2005.5.621.4,Collar,https://search.museums.ualberta.ca/21-21038,https://media.museums.ualberta.ca/UAAC/bfw/2005/2005_005_621_004_ve_s19-12v01.jpg,collar,Qing 19th century,brass; cotton; paper; silk; silk damask; silk satin,overall: 66 cm x 30.8 cm,unknown,"This late Qing collar, made from a light blue silk damask with a floral pattern, was designed to be worn as a part of an official’s attire.The short  standing collar is attached to a front placket and a back yoke, with two simple frog closures at the chest. This separate collar was worn as a form of underwear that could be laundered easier than a robe or surcoat.",,Gift of Sandy and Cécile Mactaggart
2005.5.387.2,Circular Fan Cover,https://search.museums.ualberta.ca/21-21022,https://media.museums.ualberta.ca/UAAC/bfw/2005/2005_005_621_004_ve_s19-12v01.jpg,cover,Qing 19th century,polyester; brocade ribbon,overall:,unknown,,,Gift of Sandy and Cécile Mactaggart
2005.5.542,Silk Brocade Fragmentary Banner,https://search.museums.ualberta.ca/21-19764,https://media.museums.ualberta.ca/UAAC/fullres/2005/2005_005_542_ve_s23-01v01.jpg,banner,Ming 16th-17th centuries,metallic thread; silk brocade; silk satin,overall: 224.3 cm x 15.2 cm,unknown,,,Gift of Sandy and Cécile Mactaggart
2005.5.347,Front and Back Panels of a Rank Badge for a First-Rank Civil Official,https://search.museums.ualberta.ca/21-19569,https://media.museums.ualberta.ca/UAAC/bfw/2005/2005_005_347_002_re_s19-12v01.jpg,rank badge,Qing 18th century,gold wrapped silk thread; ink; linen; silk; tapestry weave; glass; wood,overall: 44.2 cm x 90.5 cm x 1.7 cm,unknown,"Rank badges, always made in pairs, were placed on the front and back of surcoats in order to communicate their wearer’s rank during the Ming (1368-1644) and Qing dynasties (1644-1911). Different motifs were regulated by the imperial court, including bird motifs used only for civil officials while beasts were used for military officials. The hierarchy of ranks within these categories was represented by specific birds and beasts. This pair of rank badges features a crane, which is identified by its red crown and white feathers. The crane is standing on a rock amidst multi-coloured waves, pink peonies, trees, and clouds. The motifs on these badges have been rendered in tapestry weave with a brilliant gold background. The front badge is made into two separate panels to accommodate the front opening of a surcoat, while the back badge is made in one piece. The patterns on the front and back badges are identical. The sun on the left side of these badges indicates that the wearer was male.",,Gift of Sandy and Cécile Mactaggart
2004.19.79.1,Rocks and Stream in Bamboo Grove,https://search.museums.ualberta.ca/21-20460,https://media.museums.ualberta.ca/UAAC/fullres/2004/2004_019_079_001_m01_alt_edit_s23-01v01.jpg,hanging scroll,Qing 17th century,ink on silk,,Zhu Sheng,,,Gift of Sandy and Cécile Mactaggart
2009.8.6,Embroidered Blue-Black Silk Robe for a Woman,https://search.museums.ualberta.ca/21-22443,https://media.museums.ualberta.ca/UAAC/ppt/2009/09_008_006s01v01d02.jpg,robe,,blue silk embroidered with metal-wrapped threads and silk,overall: 99 cm x 106.6 cm,unknown,,,Gift of Jean Small
2005.5.28,Red Silk Brocade Chair Cover,https://search.museums.ualberta.ca/21-19250,https://media.museums.ualberta.ca/UAAC/bfw/2005/2005_005_028_m01_s20-02v01.jpg,chair cover,Qing 18th century,silk brocade; linen; silk,overall: 160.8 cm x 52.9 cm,unknown,,,Gift of Sandy and Cécile Mactaggart
2004.19.1.1.36,Album Leaf from Illustrations of Costumes from the Qianlong Court,https://search.museums.ualberta.ca/21-20244,https://media.museums.ualberta.ca/UAAC/fullres/2004/2004_019_001_001_036_s21-03v01.jpg,album leaf,Qing 18th century,ink; silk; paper,sheet: 42.2 cm x 40.9 cm; image: 25.1 cm x 31.4 cm,unknown,"This album leaf is part of a section of the illustrations of costumes from the Qianlong court, Huangchao liqi tushi (“The Regulations for the Ceremonial Paraphernalia of the [Qing] Dynasty”). In total there are 34 folios that depict costumes appropriate for the Empress Dowager or Empress to wear at the imperial court along with short descriptive captions. This is the left leaf of one folio (attached to 2004.19.1.37) and it contains seven columns of regular script calligraph describing the regulations of a court vest (chaogua), the third style, for the empress dowager and empress. The text on this leaf continues from the attached leaf on the right side.","無襞積 下幅八寶平水 領後垂明黃縧 其飾珠寶惟宜 緞紗單袷 各以其時 皇貴妃 皇太子妃皆同 Translation of the Chinese text: ""[continuing from the right leaf, 2004.19.1.1.37]... [of the… 

													無襞積 下幅八寶平水 領後垂明黃縧 其飾珠寶惟宜 緞紗單袷 各以其時 皇貴妃 皇太子妃皆同 Translation of the Chinese text: ""[continuing from the right leaf, 2004.19.1.1.37]... [of the vest] does not have pleats. At the bottom [of the vest] decorates with the design ""eight treasures and level waters"" [babao pingshui]. The back of the collar attaches a hanging with bright yellow ribbons adorned with pearls and gems as fitting. Satin, gauze, lined and unlined garments are worn according to the season. The court vest of the imperial consort and that of the imperial heir apparent's consort is the same.""
(Translated and transcribed by Lisa Claypool Ed., China’s Imperial Modern: The Painter’s Craft, Edmonton, AB: University of Alberta Museums, 2012, p. 103; Modified by Isabel Pi-fen Chueh)
On the reverse of the piece ""(31)"" is handwritten in pencil on the upper left corner.  Below the pencil number are two black ink markings. 
Read More +",Gift of Sandy and Cécile Mactaggart
2005.5.440,Blue Silk Tapestry Weave Uncut Platform Shoes for a Woman,https://search.museums.ualberta.ca/21-19662,https://media.museums.ualberta.ca/UAAC/fullres/2004/2004_019_001_001_036_s21-03v01.jpg,yardage,Qing 19th century,silk tapestry weave,,unknown,,,Gift of Sandy and Cécile Mactaggart
2005.5.547,Front and Back Panels of a Rank Badge for a Fourth Rank Civil Official,https://search.museums.ualberta.ca/21-19769,https://media.museums.ualberta.ca/UAAC/bfw/2005/2005_005_547_002_re_s19-12v01.jpg,rank badge,Qing 19th-20th centuries,gold wrapped silk thread; linen; silk; silk floss; silver wrapped silk thread; embroidery,,unknown,"Rank badges, always made in pairs, were placed on the front and back of surcoats in order to communicate their wearer’s rank during the Ming (1368-1644) and Qing dynasties (1644-1911). Different motifs were regulated by the imperial court, including bird motifs used only for civil officials while beasts were used for military officials. The hierarchy of ranks within these categories was represented by specific birds and beasts. This pair of rank badges features a goose, which represents the fourth rank of a civil official.
The front badge is made into two separate panels to accommodate the front opening of a surcoat, while the back badge is made in one piece. The patterns on the front and back badges are identical. This rank badge pair was decorated with counted stitch embroidery made from polychrome silk floss and metal-wrapped threads. In the center of the badge is a goose standing on rocks and surrounded by waves. The bird is looking toward a red sun at the upper left corner. Blue curvilinear clouds fill the background of the top of the badge, while interlinked ruyi clouds form a line underneath the waves. The bottom shows diagonal stripes, representing standing water, woven in two-toned metal-wrapped threads. The Eight Buddhist Treasures are scattered throughout, including the parasol, canopy, endless knot and lotus in the sky, and the vase, fish, conch, and wheel in the waves. The border of the badge features black embroidery with bats (which represent fortune) and longevity characters.",,Gift of Sandy and Cécile Mactaggart
2005.5.621.5,Court Necklace and Box,https://search.museums.ualberta.ca/21-21039,https://media.museums.ualberta.ca/UAAC/bfw/2005/2005_005_621_005_s20-02v01.jpg,necklace and box,Qing 19th century,,,unknown,"A court necklace (chaozhu) with 108 translucent red glass beads (possibly imitating amber), large jadeite beads, opaque coral beads, and jadeite and brass pendants. Two strands of beads hang off the right side of the necklace, while the single strand hangs off the left. Each of these strands contains two groups of five coral beads on a silk cord and end in a jadeite teardrop pendant with a brass connector. A flat yellow silk cord with blue and white striped sections and a jadeite and brass pendant hangs down the back of the wearer's neck as a counterweight. This counterweight strand is connected to the rest of the necklace by a jadeite bead. Near this bead, the necklace cord is wrapped with white, blue and black silk thread and has two circular brass connectors. Court necklaces have 108 beads divided into four sets of 27 beads, which are separated by large Buddha beads (futou) (Vollmer, Dressed to Rule, p. 52). The Huangchao liqi tushi (2004.19.1.1.9) demonstrates how high ranking female members of the imperial court wore three court necklaces (two criss-crossed around her torso and one around her neck), with specific materials for each rank. This necklace was accessioned as a part of a group of garments and accessories that make up a man's court outfit during the Qing Dynasty. There is an accompanying blue cotton box (2005.5.621.5.2) that may have stored this necklace.",,Gift of Sandy and Cécile Mactaggart
2005.5.89,Embroidered Yellow Silk Banner,https://search.museums.ualberta.ca/21-19311,https://media.museums.ualberta.ca/UAAC/bfw/2005/2005_005_089_ve_s20-02v01.jpg,banner,Qing 19th century,yellow silk satin embroidered with silk and metal-wrapped threads,overall: 203 cm x 30 cm,unknown,,,Gift of Sandy and Cécile Mactaggart
2005.5.381.1,Embroidered Blue Silk Sleeve Band,https://search.museums.ualberta.ca/21-20846,https://media.museums.ualberta.ca/UAAC/bfw/2005/2005_005_089_ve_s20-02v01.jpg,sleeve band,Qing 18th century,silk floss; silk gauze; ink; cotton; linen; embroidery; cardboard,overall: 110.6 cm x 8.9 cm,unknown,,,Gift of Sandy and Cécile Mactaggart
2005.5.384.2,Embroidered Blue Silk Sleeve Band,https://search.museums.ualberta.ca/21-20848,https://media.museums.ualberta.ca/UAAC/bfw/2005/2005_005_089_ve_s20-02v01.jpg,sleeve band,Qing 19th century,cotton; ink; silk; silk floss; muslin; embroidery; adhesive; cardboard,overall: 101.4 cm x 9.2 cm,unknown,"One embroidered silk sleeve band attached to a piece of grey cardboard with collector's tag. Each sleeve band is embroidered with peonies and butterflies in a ""three-blue"" style, which takes inspiration from monochromatic Chinese ink paintings. This tone-on-tone embroidery style was popular during the Qing Dynasty (1644-1911) and the delicate satin stitches are meant to recreate the gradient of ink painting. Sleeve bands are the wide decorated cuffs attached to women's robes and jackets.",,Gift of Sandy and Cécile Mactaggart
2005.5.381.2,Embroidered Blue Silk Sleeve Band,https://search.museums.ualberta.ca/21-20845,https://media.museums.ualberta.ca/UAAC/bfw/2005/2005_005_089_ve_s20-02v01.jpg,sleeve band,Qing 18th century,silk floss; silk gauze; ink; cotton; linen; embroidery; cardboard,overall: 110.5 cm x 8.9 cm,unknown,,,Gift of Sandy and Cécile Mactaggart
2004.19.38.9,Album Leaf from Album of Figures,https://search.museums.ualberta.ca/21-20408,https://media.museums.ualberta.ca/UAAC/fullres/2004/2004_019_038_009_s21-10v01.jpg,album leaf,Qing 19th century,ink and colour on paper,,Ren Yi,"The painting is associated with the poem (2004.19.38.8).This ink and color painting depicts two figures, likely a scholar and his young attendant or student, gazing upon a towering rock amid a mountain landscape. The man grips a calligraphy brush in his right hand, poised to inscribe a proclamation on the rock. The towering cliffs contrast to the small scale of the figures, emphasizing the vastness of nature. 
The inscription on the right states, “Written by Ren Yi, also known as Ren Bonian from Shanyin, in his residence at the sea [山陰伯年任頤寫於海上庽齋東牕下并记]”, and the red seal belongs to Ren Yi.",,Gift of Sandy and Cécile Mactaggart
2005.5.284,Three Red Cut Velvet Chair Covers and Matching Table Frontal,https://search.museums.ualberta.ca/21-19506,https://media.museums.ualberta.ca/UAAC/fullres/2004/2004_019_038_009_s21-10v01.jpg,chair covers and table frontal,Qing 19th century,gold wrapped silk thread; silk; silk cut velvet,,unknown,,,Gift of Sandy and Cécile Mactaggart
2010.20.1.3.1,"Magnificent Record of the Southern Tours, volume 13, chapters 32-33",https://search.museums.ualberta.ca/21-23691,https://media.museums.ualberta.ca/UAAC/bfw/2010/2010_020_001_003_001_s20-02v01.jpg,book,,"printed woodblock, thread binding",overall: 29.8 cm x 20.5 cm,Gao Jin,"One set of the Yuzhi nanxun shengdian [Magnificent Record of the Southern Tours], edited by Gao Jin et al. Volume 13, Chapter 32-33. Tianzhang [Imperial essays]. Woodblock printed, thread binding.",,Gift of Sandy and Cécile Mactaggart
2005.5.334,Embroidered Red Silk Damask Skirt for a Woman,https://search.museums.ualberta.ca/21-19556,https://media.museums.ualberta.ca/UAAC/bfw/2005/2005_005_334_re_d01_s19-12v01.jpg,skirt,Qing 19th century,red silk damask embroidered with silk and metal-wrapped threads and edged with dark blue silk satin,overall: 120.5 cm x 100.8 cm,unknown,,,Gift of Sandy and Cécile Mactaggart
2005.5.621.5.1,Court Necklace,https://search.museums.ualberta.ca/21-21040,https://media.museums.ualberta.ca/UAAC/bfw/2005/2005_005_621_005_001_re_s20-02v01.jpg,necklace,Qing 19th century,brass; silk; jade; coral,overall: 71 cm,unknown,"A court necklace (chaozhu) with 108 translucent red glass beads (possibly imitating amber), large jadeite beads, opaque coral beads, and jadeite and brass pendants. Two strands of beads hang off the right side of the necklace, while the single strand hangs off the left. Each of these strands contains two groups of five coral beads on a silk cord and end in a jadeite teardrop pendant with a brass connector. A flat yellow silk cord with blue and white striped sections and a jadeite and brass pendant hangs down the back of the wearer's neck as a counterweight. This counterweight strand is connected to the rest of the necklace by a jadeite bead. Near this bead, the necklace cord is wrapped with white, blue and black silk thread and has two circular brass connectors. Court necklaces have 108 beads divided into four sets of 27 beads, which are separated by large Buddha beads (futou) (Vollmer, Dressed to Rule, p. 52). The Huangchao liqi tushi (2004.19.1.1.9) demonstrates how high ranking female members of the imperial court wore three court necklaces (two criss-crossed around her torso and one around her neck), with specific materials for each rank. This necklace was accessioned as a part of a group of garments and accessories that make up a man's court outfit during the Qing Dynasty. There is an accompanying blue cotton box (2005.5.621.5.2) that may have stored this necklace.",,Gift of Sandy and Cécile Mactaggart
2009.8.11.2,Bib for front of Puppet Costume,https://search.museums.ualberta.ca/21-22845,https://media.museums.ualberta.ca/UAAC/ppt/2009/09_008_011_002s01v01.jpg,bib,,"white silk satin embroidered with silk and metal-wrapped threads, trimmed with fur",overall: 57.5 cm x 29 cm x 1.4 cm,unknown,,,Gift of Jean Small
2005.5.265,Imperial Yellow Silk Bhutanese Court Costume,https://search.museums.ualberta.ca/21-19487,https://media.museums.ualberta.ca/UAAC/bfw/2005/2005_005_265_ve_s20-02v01.jpg,costume,Qing 19th century,yellow silk twill embroidered with silk and metal-wrapped threads and edged with fur,overall: 107 cm x 77.5 cm; neck to hem: 107 cm; cuff to cuff: x 77.5 cm,unknown,,,Gift of Sandy and Cécile Mactaggart
2004.19.1.1.1,Album Leaf from Illustrations of Costumes from the Qianlong Court,https://search.museums.ualberta.ca/21-20145,https://media.museums.ualberta.ca/UAAC/fullres/2004/2004_019_001_001_001_s21-03v01.jpg,album leaf,Qing 18th century,ink; silk; paper,sheet: 42.2 cm x 40.8 cm; image: 33.7 cm x 31.1 cm,"Huang Dao; Men Yingzhao; Jiang Renshu, and others","This album leaf is part of a section of the illustrations of costumes from the Qianlong court, Huangchao liqi tushi (“The Regulations for the Ceremonial Paraphernalia of the [Qing] Dynasty”). In total there are 34 folios that depict costumes appropriate for the Empress Dowager or Empress to wear at the imperial court along with short descriptive captions. This single detached album leaf depicts seven columns of regular script calligraphy describing regulations for a summer court skirt worn by the Empress Dowager and Empress.","皇太后 皇后夏朝裙  謹按 本朝定制 皇太后 皇后夏朝裙片金緣緞紗各惟其時餘俱如冬朝裙Translation of the Chinese text: ""Illustration of Summer court skirt chaoqun for the Empress Dowager… 

													皇太后 皇后夏朝裙  謹按 本朝定制 皇太后 皇后夏朝裙片金緣緞紗各惟其時餘俱如冬朝裙Translation of the Chinese text: ""Illustration of Summer court skirt chaoqun for the Empress Dowager and Empress; In accordance with the decree of the present dynasty: the summer court skirt for the Empress Dowager and the Empress has bands of gold embroidery, satin, and gauze, each appropriate to the season; everything else is like the winter skirt""  (Translated and transcribed by Lisa Claypool, Ed., China’s Imperial Modern: The Painter’s Craft, Edmonton, AB: University of Alberta Museums, 2012, p. 105)
On the reverse of the piece ""(67)"" is written in pencil at the top left corner.  Below the pencil number is a black ink marking composed of three short vertical lines and three short horizontal lines. 
Read More +",Gift of Sandy and Cécile Mactaggart
2004.19.38.25,Album Leaf from Album of Figures,https://search.museums.ualberta.ca/21-20424,https://media.museums.ualberta.ca/UAAC/fullres/2004/2004_019_038_025_s21-10v01.jpg,album leaf,Qing 19th century,ink and colour on paper,,Ren Yi,"The painting is associated with the poem (2004.19.38.24). It shows a man walking barefoot beside a dark-colored donkey. He carries a bundle on his back, wrapped in cloth and securely tied. The load is so heavy that he is bent over. His attire is simple and loose-fitting, suggesting that he is a laborer from a lower class. The horse, moving ahead of the man, is slightly turned to the side with its head lowered, either grazing or resting.
On the right side, Ren Yi wrote “the Seal of Bonian [伯年 印]” along with his red personal seal.",,Gift of Sandy and Cécile Mactaggart
2005.5.455,Embroidered Blue Silk Dragon Robe for a Child,https://search.museums.ualberta.ca/21-19677,https://media.museums.ualberta.ca/UAAC/bfw/2005/2005_005_455_op_s19-12v01.jpg,robe,Qing 20th century,blue silk satin embroidered with silk and metal-wrapped threads,overall: 97 cm x 126 cm,unknown,,,Gift of Sandy and Cécile Mactaggart
2005.5.302,Blue Silk Tapestry Weave Imperial Man's Surcoat,https://search.museums.ualberta.ca/21-19524,https://media.museums.ualberta.ca/UAAC/bfw/2005/2005_005_302_ve_s19-12v01.jpg,surcoat,Qing 20th century,dark blue silk with silk and metal-wrapped thread tapestry weave roundels,overall: 126.5 cm x 189.5 cm; neck to hem: 126.5 cm; cuff to cuff: x 189.5 cm,unknown,,,Gift of Sandy and Cécile Mactaggart
2005.5.426.2,Wool Carpet Throne Cover for the Seat of a Throne,https://search.museums.ualberta.ca/21-20933,https://media.museums.ualberta.ca/UAAC/fullres/2005/2005_005_426_002_ve_s22-02v01.jpg,throne cover,Qing 19th century,wool; silk noil,overall: 75.5 cm x 75.5 cm,unknown,,,Gift of Sandy and Cécile Mactaggart
2005.5.378,Embroidered Cream Silk Hanging,https://search.museums.ualberta.ca/21-19600,https://media.museums.ualberta.ca/UAAC/fullres/2005/2005_005_378_re_s21-03v01.jpg,hanging,Qing 19th century,silk satin; silk organza; ink; silk floss; embroidery,overall: 263.7 cm x 236 cm,unknown,,,Gift of Sandy and Cécile Mactaggart
2005.5.349,Aqua Brocaded Silk Gauze,https://search.museums.ualberta.ca/21-19571,https://media.museums.ualberta.ca/UAAC/bfw/2005/2005_005_349_g05_s20-02v01.jpg,yardage,Qing 19th century,silk gauze; silk brocade,overall: 871.5 cm x 77.5 cm,unknown,,,Gift of Sandy and Cécile Mactaggart
2005.5.84,Embroidered Silk Wedding Skirt and Collar,https://search.museums.ualberta.ca/21-19306,https://media.museums.ualberta.ca/UAAC/bfw/2005/2005_005_349_g05_s20-02v01.jpg,skirt and collar,Qing 19th century,silk satin embroidered with silk,,unknown,,,Gift of Sandy and Cécile Mactaggart
2005.5.411,Silk and Peacock Feather Parasol Cover,https://search.museums.ualberta.ca/21-19633,https://media.museums.ualberta.ca/UAAC/fullres/2005/2005_005_411_ve_s21-03v01.jpg,parasol cover,Qing 19th century,embroidery; gold wrapped silk thread; silk; silk floss; peacock feathers; pearle cotton thread; copper-wrapped silk thread; rayon; silk jacquard,overall: 136 cm x 155 cm,unknown,,,Gift of Sandy and Cécile Mactaggart
2010.20.1.5.4,"Magnificent Record of the Southern Tours, volume 28, chapters 68-70",https://search.museums.ualberta.ca/21-23706,https://media.museums.ualberta.ca/UAAC/bfw/2010/2010_020_001_005_004_s20-02v01.jpg,book,,"printed woodblock, thread binding",overall: 29.8 cm x 20.5 cm,Gao Jin,"One set of the Yuzhi nanxun shengdian [Magnificent Record of the Southern Tours], edited by Gao Jin et al. Volume 28, Chapter 68-70. Baoshang [Honours and emoluments]. Woodblock printed, thread binding.",,Gift of Sandy and Cécile Mactaggart
2004.19.9.12,Album Leaf from Album of Landscapes,https://search.museums.ualberta.ca/21-20509,https://media.museums.ualberta.ca/UAAC/fullres/2004/2004_019_009_012_s21-10v01.jpg,album leaf,Qing 17th-18th centuries,ink and colour on paper,overall: 3.3 cm x 16.8 cm x 26.6 cm; image: 16 cm x 9.9 cm,Yao Song,,,Gift of Sandy and Cécile Mactaggart
2005.5.244,Three Silk Tapestry Weave Fragments from a Hanging,https://search.museums.ualberta.ca/21-19466,https://media.museums.ualberta.ca/UAAC/fullres/2004/2004_019_009_012_s21-10v01.jpg,fragment,Qing 17th-18th centuries,gold wrapped silk thread; peacock feathers; silk tapestry weave,,unknown,,,Gift of Sandy and Cécile Mactaggart
2004.19.68.1.5,Print from the Qianlong Emperor’s Conquests,https://search.museums.ualberta.ca/21-19874,https://media.museums.ualberta.ca/UAAC/fullres/2004/2004_019_068_001_005_s21-03v01.jpg,print,Qing 18th century,silk; paper; ink,overall: 63.4 cm x 112.4 cm; image: 52.3 cm x 93 cm,unknown,"A printed calligraphic piece with two square red seals.  This manuscript goes along with engraving .68.1.26. It is number 1, chronologically, in the set of 16 copperplate engravings.",,Gift of Sandy and Cécile Mactaggart
2005.5.373,Black Silk Damask Front Opening Robe,https://search.museums.ualberta.ca/21-19595,https://media.museums.ualberta.ca/UAAC/bfw/2005/2005_005_373_ve_s20-02v01.jpg,robe,Qing 19th century,black silk damask embroidered with silk and metal-wrapped threads,overall: 134.5 cm x 130 cm,unknown,,,Gift of Sandy and Cécile Mactaggart
2005.5.395.6,Fragment of Embroidered Silk,https://search.museums.ualberta.ca/21-20961,https://media.museums.ualberta.ca/UAAC/bfw/2005/2005_005_395_006_ve_s20-02v01.jpg,fragment,Qing 17th-18th centuries,gold wrapped silk thread; silk floss; silk jacquard; embroidery,overall: 33.2 cm x 31.1 cm,unknown,"Fragment of yellow silk with blue, purple, and pink clouds embroidered in satin stitch. Each cloud is outlined with two strands of gold metal-wrapped thread, which is couched in place with silk yarns. The clouds are ruyi-shaped and feature an ombré colour effect. The selvedge is folded over on one side and stitched in place.",,Gift of Sandy and Cécile Mactaggart
2004.19.3.25,Album Leaf from Insects,https://search.museums.ualberta.ca/21-20112,https://media.museums.ualberta.ca/UAAC/fullres/2004/2004_019_003_025_s21-03v01.jpg,album leaf,Qing 18th-19th centuries,ink; paper,sheet: 35.4 cm x 43.1 cm; image: 21.3 cm x 22.6 cm,unknown,A painting of three butterflies and two black beetles.,,Gift of Sandy and Cécile Mactaggart
2005.5.396,Brocade Silk Hanging,https://search.museums.ualberta.ca/21-19618,https://media.museums.ualberta.ca/UAAC/fullres/2005/2005_005_396_re_m01_s23-01v01.jpg,hanging,Qing 20th century,gold wrapped silk thread; silk brocade; silk satin; cotton,overall: 126 cm x 469 cm,unknown,,,Gift of Sandy and Cécile Mactaggart
2005.5.87.6,Embroidered Silk Purse,https://search.museums.ualberta.ca/21-20907,https://media.museums.ualberta.ca/UAAC/bfw/2005/2005_005_087_006_ve_s20-02v01.jpg,purse,Qing 19th century,silk satin; embroidery; silk floss; cotton; gold wrapped silk thread; linen; plastic; metal; paper,overall: 24.5 cm x 9 cm x 1 cm,unknown,,,Gift of Sandy and Cécile Mactaggart
2005.5.564,Front and Back Panels of a Rank Badge for a Fourth Rank Civil Official,https://search.museums.ualberta.ca/21-19786,https://media.museums.ualberta.ca/UAAC/bfw/2005/2005_005_564_002_re_s19-12v01.jpg,rank badge,Qing 19th-20th centuries,ink; linen; silk; metallic thread; tapestry weave,,unknown,"Qing Period (1644-1911), Fourth Rank Civil Official (Wild Goose)

(source: John E. Vollmer & Jacqueline Simcox, ""Emblems of Empire: Selections from the Mactaggart Art Collection,"" (The University of Alberta Press and University of Alberta Museums, Edmonton, Alberta, 2009), p. 74.)",,Gift of Sandy and Cécile Mactaggart
2005.5.307,Two Silk Tapestry Weave Panels from a Dragon Robe,https://search.museums.ualberta.ca/21-19529,https://media.museums.ualberta.ca/UAAC/fullres/2004/2004_019_023_d01_s21-10v01.jpg,panel,Qing 19th-20th centuries,silk; silk brocade; silk satin; silk tapestry weave,,unknown,,,Gift of Sandy and Cécile Mactaggart
2005.5.431,Silk Brocade,https://search.museums.ualberta.ca/21-19653,https://media.museums.ualberta.ca/UAAC/fullres/2005/2005_005_431_g05_s22-02v01.jpg,yardage,Qing 20th century,silk brocade; sateen,overall: 71.5 cm x 1007 cm,unknown,,,Gift of Sandy and Cécile Mactaggart
2005.5.350.2,Gilt Metal Mirror from a Guard's Uniform,https://search.museums.ualberta.ca/21-20929,https://media.museums.ualberta.ca/UAAC/bfw/2005/2005_005_350_002_ve_s20-02v01.jpg,mirror,Qing 19th century,brass; silk; silver,overall: 15.5 cm,unknown,,,Gift of Sandy and Cécile Mactaggart
2010.21.8,Embroidered Dark Blue and Cream Fragmentary Panel,https://search.museums.ualberta.ca/21-23814,https://media.museums.ualberta.ca/UAAC/fullres/2010/2010_021_008_ve_s21-03v01.jpg,panel,Qing 18th-19th centuries,Silk tapestry embroidered with metal-wrapped threads and lined with silk,overall: 143 cm x 234 cm,unknown,"Upper dark blue silk ground panel has a five-clawed gold dragon, flanked by two gold dragons, surrounded by eight buddhist symbols, flaming pearls, bats, peaches and etc. The lower panel in cream coloured silk has nine gold dragons, surrounded by the eight treasures.",,Gift of Sandy and Cécile Mactaggart
2004.19.2.17,Album Leaf from Illustrations of Chinese Costumes,https://search.museums.ualberta.ca/21-19969,https://media.museums.ualberta.ca/UAAC/fullres/2004/2004_019_002_017_s21-10v01.jpg,album leaf,Qing 18th century,ink; paper,overall: 38.8 cm x 28.1 cm; sheet: 17.2 cm x 28 cm; image: 11.4 cm x 18.5 cm,unknown,"This album leaf is a part of a 48-page album that depicts Chinese subjects participating in various aspects of daily life, including government business, daily life, cultural customs, modes of transportation, and corporal punishment. This leaf has an ink and watercolour drawing of two female figures. The woman on the left, labelled as “Tartar Woman”, wears a long pink robe under a blue vest and holds a long, skinny pipe. The more ornately-dressed woman on the right, “Lady of Nankin”, wears a green pleated skirt under an orange skirt with long decorated ribbons. The orange skirt may be a part of her purple robe, which has a green collar and wide sleeves with many ribbons decorating the cuff. She also wears a golden crown, earrings and a gold necklace.",,Gift of Sandy and Cécile Mactaggart
2005.5.622,Brown Silk Brocade Yardage,https://search.museums.ualberta.ca/21-19844,https://media.museums.ualberta.ca/UAAC/fullres/2005/2005_005_622_ve_g01_s23-01v01.jpg,yardage,Qing 19th-20th centuries,gold wrapped silk thread; silk brocade; silk satin,overall: 78 cm x 445 cm,unknown,,,Gift of Sandy and Cécile Mactaggart
2004.19.11.10,One Scroll from Peach Blossom Spring,https://search.museums.ualberta.ca/21-20457,https://media.museums.ualberta.ca/UAAC/fullres/2004/2004_019_011_010_s21-10v01.jpg,hanging scroll,Qing 18th century,ink and colour on silk,,Yuan Jiang,,,Gift of Sandy and Cécile Mactaggart
2004.19.2.35,Album Leaf from Illustrations of Chinese Costumes,https://search.museums.ualberta.ca/21-20046,https://media.museums.ualberta.ca/UAAC/fullres/2004/2004_019_002_035_s21-10v01.jpg,album leaf,Qing 18th century,ink; paper,sheet: 17.2 cm x 28 cm; image: 11.4 cm x 18.5 cm,unknown,"This album leaf is a part of a 48-page album that depicts Chinese subjects participating in various aspects of daily life, including government business, daily life, cultural customs, modes of transportation, and corporal punishment. This leaf contains an ink and watercolour depiction of an ornate funeral sedan being carried by 16 valets. The valets are all dressed in white, which is a customary funeral attire colour in China.",,Gift of Sandy and Cécile Mactaggart
2004.19.1.1.37,Album Leaf from Illustrations of Costumes from the Qianlong Court,https://search.museums.ualberta.ca/21-20245,https://media.museums.ualberta.ca/UAAC/fullres/2004/2004_019_001_001_037_s21-03v01.jpg,album leaf,Qing 18th century,ink; silk; paper,sheet: 42.2 cm x 40.9 cm; image: 32.8 cm x 30.5 cm,unknown,"This album leaf is part of a section of the illustrations of costumes from the Qianlong court, Huangchao liqi tushi (“The Regulations for the Ceremonial Paraphernalia of the [Qing] Dynasty”). In total there are 34 folios that depict costumes appropriate for the Empress Dowager or Empress to wear at the imperial court along with short descriptive captions. This is the right leaf of one folio (attached to 2004.19.1.36) and it contains seven columns of regular script calligraphy describing the regulations of a court vest (chaogua), the third style, for the empress dowager and empress. The text on this leaf is continued on the attached leaf on the left side.","皇太后 皇后朝褂三 謹按 本朝定制 皇太后 皇后朝褂 色用石青 片金緣  繡文前後立龍各二 中... Translation of the Chinese text: Court vest chaogua, the third style, for the Empress… 

													皇太后 皇后朝褂三 謹按 本朝定制 皇太后 皇后朝褂 色用石青 片金緣  繡文前後立龍各二 中... Translation of the Chinese text: Court vest chaogua, the third style, for the Empress Dowager and Empress/In accordance with the decree of the present dynasty:/The court vest of the Empress Dowager and Empress is in azurite-blue colour and with gold trimming. There are embroidered patterns with two standing-dragon motifs on each of the front and back. The middle... [text continued on left leaf, 2004.19.1.1.36]""
(Translated and transcribed by Lisa Claypool, Ed., China’s Imperial Modern: The Painter’s Craft, Edmonton, AB: University of Alberta Museums, 2012, p. 103; Modified by Isabel Pi-fen Chueh) 
On the reverse of the piece ""(32)"" is handwritten in pencil on the upper right corner. 
Read More +",Gift of Sandy and Cécile Mactaggart
2005.5.254,Red Velvet Hanging with a Central Shou or Long Life Character,https://search.museums.ualberta.ca/21-19476,https://media.museums.ualberta.ca/UAAC/fullres/2005/2005_005_254_re_s21-03v01.jpg,hanging,Qing 19th-20th centuries,gold wrapped silk thread; silk; silk cut velvet,overall: 338 cm x 181 cm,unknown,,,Gift of Sandy and Cécile Mactaggart
2005.5.184,Brown Silk Dragon Robe,https://search.museums.ualberta.ca/21-19406,https://media.museums.ualberta.ca/UAAC/bfw/2005/2005_005_184_ve_s20-02v01.jpg,robe,Qing 20th century,brown silk gauze brocaded with metal-wrapped threads and silk,overall: 136 cm x 75.5 cm; neck to hem: 136 cm; cuff to cuff: x 75.5 cm,unknown,,,Gift of Sandy and Cécile Mactaggart
2010.16.1.14,Album Leaf from Album of Landscape Paintings,https://search.museums.ualberta.ca/21-23582,https://media.museums.ualberta.ca/UAAC/ppt/2010/10_016_001_014s01v01.jpg,album leaf,,ink and colour on paper,overall: 49 cm x 32 cm; sheet: 49 cm x 32 cm; image: 42 cm x 23 cm,Pan Gongshou,,,Purchased by Museums and Collections Services
2005.5.135,Embroidered Blue Silk Chair Cover with Designs of Cranes,https://search.museums.ualberta.ca/21-19357,https://media.museums.ualberta.ca/UAAC/bfw/2005/2005_005_135_re_m01_s20-02v01.jpg,chair cover,Qing 18th century,silk floss; silk satin,overall: 153 cm x 54.5 cm,unknown,,,Gift of Sandy and Cécile Mactaggart
2022.7.6.1.1,Front Left Panel of a Rank Badge for a First Rank Military Official,https://search.museums.ualberta.ca/21-27270,https://media.museums.ualberta.ca/UAAC/bfw/2005/2005_005_135_re_m01_s20-02v01.jpg,rank badge,,Polychrome silk floss and metal-wrapped thread embroidery on silk satin,overall: 29.5 cm x 15.3 cm,unknown,Qilin rank badges from the Guangxu Period (1875 - 1908),,Purchased by University of Alberta Museums
2010.21.6,Dark Blue Cut Velvet Carpet,https://search.museums.ualberta.ca/21-23812,https://media.museums.ualberta.ca/UAAC/fullres/2010/2010_021_006_re_s21-03v01.jpg,carpet,Qing 19th century,Silk tapestry velvet cut with lining,overall: 213 cm x 124.2 cm x .4 cm,unknown,Dark blue cut velvet rug with a voided circular medallion in the center surrounded by flowers. The rug is bordered with scrolling peony vines.,,Gift of Sandy and Cécile Mactaggart
2005.5.162,Embroidered Blue Silk Jacket,https://search.museums.ualberta.ca/21-19384,https://media.museums.ualberta.ca/UAAC/bfw/2005/2005_005_162_op_s19-12v01.jpg,jacket,Qing 19th century,blue silk satin embroidered with silk and metal-wrapped threads,overall: 63.5 cm x 121.8 cm; neck to hem: 63.5 cm; cuff to cuff: x 121.8 cm,unknown,,,Gift of Sandy and Cécile Mactaggart
2005.5.158,Blue Silk Gauze Dragon Robe for a Man,https://search.museums.ualberta.ca/21-19380,https://media.museums.ualberta.ca/UAAC/bfw/2005/2005_005_158_op_s19-12v01.jpg,robe,Qing 20th century,dark blue silk gauze brocaded with metal-wrapped threads,overall: 137 cm x 93.2 cm; neck to hem: 137 cm,unknown,,,Gift of Sandy and Cécile Mactaggart
2005.5.201,Embroidered Red Silk Jacket for a Woman,https://search.museums.ualberta.ca/21-19423,https://media.museums.ualberta.ca/UAAC/bfw/2005/2005_005_201_ve_s20-02v01.jpg,jacket,Qing 19th century,red silk damask embroidered with silk and metal-wrapped threads,overall: 91.1 cm x 160.5 cm,unknown,,,Gift of Sandy and Cécile Mactaggart
2005.5.544.2,Back Panel of a Rank Badge for a First Rank Civil Official,https://search.museums.ualberta.ca/21-20611,https://media.museums.ualberta.ca/UAAC/bfw/2005/2005_005_544_002_ve_s19-12v01.jpg,rank badge,Qing 19th century,copper-wrapped silk thread; gold wrapped silk thread; ink; linen; silk; silver wrapped silk thread; tapestry weave,overall: 28.9 cm x 31.4 cm,unknown,"Rank badges, always made in pairs, were placed on the front and back of surcoats in order to communicate their wearer’s rank during the Ming (1368-1644) and Qing dynasties (1644-1911). Different motifs were regulated by the imperial court, including bird motifs used only for civil officials, while beasts were used for military officials. The hierarchy of ranks within these categories was represented by specific birds and beasts. This rank badge features a crane, representing a first rank civil official. It is centrally-positioned, perched on a rock with its wings outstretched, gazing toward the sun in the upper left corner. Surrounding the birds are peonies, clouds, and auspicious ornaments.",,Gift of Sandy and Cécile Mactaggart
2005.12.73,brown inscribed stone,https://search.museums.ualberta.ca/13-171451,https://media.museums.ualberta.ca/UAAC/bfw/2005/2005_005_544_002_ve_s19-12v01.jpg,talisman,,,,,"Brown round stone, fairly flat inscribed with a gilded Chinese character on one side, and with the word 'Health' on the other.",,Bequest of Lois Hole
2005.5.639.2,Embroidered Silk Chair Cover,https://search.museums.ualberta.ca/21-20810,https://media.museums.ualberta.ca/UAAC/bfw/2005/2005_005_639_002_re_m01_s20-02v01.jpg,chair cover,Qing 17th-18th centuries,silk floss; silk twill; metallic thread; embroidery,overall: 134.8 cm x 53.1 cm,unknown,(bird looking left),,Gift of Sandy and Cécile Mactaggart
2005.5.371,Silk Tapestry Weave Collar from a Court Robe,https://search.museums.ualberta.ca/21-19593,https://media.museums.ualberta.ca/UAAC/bfw/2005/2005_005_371_ve_s20-02v01.jpg,collar,Qing 19th century,gold wrapped silk thread; silk damask; silk satin; silk tapestry weave,overall: 108 cm x 109.5 cm,unknown,,,Gift of Sandy and Cécile Mactaggart
2010.21.5.2,Right Panel from Pair of Dark Blue Brocade Panel,https://search.museums.ualberta.ca/21-24287,https://media.museums.ualberta.ca/UAAC/fullres/2010/2010_021_005_002_re_s23-01v01.jpg,panel,Qing 19th-20th centuries,Dyed silk brocade with glazed gilt wood frame,overall: 166.6 cm x 53.8 cm x 3 cm,unknown,"Right panel from a pair of dark blue silk brocade panels with a design of a flower vase and pendants at the top of the panel, followed by a five-clawed dragon, a round flower and lingzhi medallion and a pair of lion dogs flanking a pavillion on the bottom.",,Gift of Sandy and Cécile Mactaggart
2004.19.22,Landscape After Wang Meng,https://search.museums.ualberta.ca/21-19087,https://media.museums.ualberta.ca/UAAC/bfw/2004/2004_019_022_s20-02v01.jpg,hanging scroll,Qing 17th-18th centuries,ink on paper,sheet: 286.8 cm x 67.6 cm; image: 100.6 cm x 47.1 cm,Gu Fang,A hanging scroll painting of a mountain landscape in the style of Wang Meng.,"Signed by Yunjian Gu Fang and impressed with 2 seals of the artist.  The scroll is also inscribed and impressed with a seal by Wang Hui (1632-1717), and is impressed with 4 collector's seals.",Gift of Sandy and Cécile Mactaggart
2005.5.405,Embroidered Blue Silk Gauze Court Dragon Robe for a Man,https://search.museums.ualberta.ca/21-19627,https://media.museums.ualberta.ca/UAAC/bfw/2005/2005_005_405_ve_s20-02v01.jpg,robe,Qing 19th century,dark blue silk gauze embroidered with metal-wrapped threads,overall: 137 cm x 140 cm,unknown,,,Gift of Sandy and Cécile Mactaggart
2004.19.2.40,Album Leaf from Illustrations of Chinese Costumes,https://search.museums.ualberta.ca/21-20051,https://media.museums.ualberta.ca/UAAC/fullres/2004/2004_019_002_040_s21-10v01.jpg,album leaf,Qing 18th century,ink; paper,sheet: 17.2 cm x 27.9 cm; image: 12.1 cm x 16.4 cm,unknown,"This album leaf is a part of a 48-page album that depicts Chinese subjects participating in various aspects of daily life, including government business, daily life, cultural customs, modes of transportation, and corporal punishment. This leaf contains an ink and watercolour depiction of a female dancer and a male merchant. The woman, left, stands on one leg and holds an instrument above her head. The man, right, wears a long jacket and conical hat while holding a fan.",,Gift of Sandy and Cécile Mactaggart
2004.19.2.13,Album Leaf from Illustrations of Chinese Costumes,https://search.museums.ualberta.ca/21-19961,https://media.museums.ualberta.ca/UAAC/fullres/2004/2004_019_002_013_s21-10v01.jpg,album leaf,Qing 18th century,ink; paper,sheet: 17.2 cm x 28 cm; image: 11.4 cm x 18.5 cm,unknown,"This album leaf is a part of a 48-page album that depicts Chinese subjects participating in various aspects of daily life, including government business, daily life, cultural customs, modes of transportation, and corporal punishment. This leaf contains ink and watercolour depictions of three figures – two priests (labelled as “padre”) and one priestess. The figure on the left wears a long dark grey robe with very wide sleeves, a dark grey head cover, and black shoes. The middle figure wears a mid-length brown robe with wide sleeves over a blue pleated skirt and blue shoes. She also has a straw hat and a bag slung over her shoulder. The figure on the right is wearing a long brown robe, small black cap, and black shoes. He also carries a ruyi, a type of decorated sceptre, and had a decorated belt with a long tassel.",,Gift of Sandy and Cécile Mactaggart
2005.5.633,Silk Brocade Yardage for a Robe,https://search.museums.ualberta.ca/21-19855,https://media.museums.ualberta.ca/UAAC/fullres/2005/2005_005_633_re_s21-03v01.jpg,yardage,Qing 19th century,cotton; silk brocade,overall: 222 cm x 202 cm,unknown,,,Gift of Sandy and Cécile Mactaggart
2004.19.1.1.65,Album Leaf from Illustrations of Costumes from the Qianlong Court,https://search.museums.ualberta.ca/21-20274,https://media.museums.ualberta.ca/UAAC/fullres/2004/2004_019_001_001_065_ve_s21-03v01.jpg,album leaf,Qing 18th century,ink; silk; paper,sheet: 42.2 cm x 81.7 cm; image: 12.7 cm x 12.7 cm,unknown,"This album leaf is part of a section of the illustrations of costumes from the Qianlong court, Huangchao liqi tushi (“The Regulations for the Ceremonial Paraphernalia of the [Qing] Dynasty”). In total there are 34 folios that depict costumes appropriate for the Empress Dowager or Empress to wear at the imperial court along with short descriptive captions. This folio features a large red imperial seal on gold-flecked paper.",The seal impression reads: 五福五代堂古稀天子寶 'Treasure of the Septuagenary Son of Heaven and the Five Generations in the Hall of the Five Happinesses',Gift of Sandy and Cécile Mactaggart
2004.19.68.1.11,Print from the Qianlong Emperor’s Conquests,https://search.museums.ualberta.ca/21-19881,https://media.museums.ualberta.ca/UAAC/fullres/2004/2004_019_068_001_011_s21-03v01.jpg,print,Qing 18th century,silk; paper; ink,overall: 63.1 cm x 112.4 cm; image: 52.2 cm x 93 cm,unknown,"A printed calligraphic piece with two square red seals.  This manuscript goes along with engraving .68.1.29. It is number 12, chronologically, in the set of 16 copperplate engravings.",,Gift of Sandy and Cécile Mactaggart
2005.5.441,Two Embroidered Cream Silk Sleeve Bands,https://search.museums.ualberta.ca/21-19663,https://media.museums.ualberta.ca/UAAC/bfw/2005/2005_005_441_ve_s20-02v01.jpg,sleeve band,Qing 18th-19th centuries,silk floss; silk satin; rhinestone; plastic beads; mylar gold braid,,unknown,,,Gift of Sandy and Cécile Mactaggart
2004.19.82,Landscape After Dong Qichang,https://search.museums.ualberta.ca/21-19147,https://media.museums.ualberta.ca/UAAC/fullres/2004/2004_019_082_s21-10v01.jpg,hanging scroll,Qing 17th century,ink and colour on paper,overall: 182.9 cm x 53.8 cm; image: 54.5 cm x 34.2 cm; rolled: 6.5 cm x 63.5 cm x 5 cm,Wang Hui,"A hanging scroll painting of a mountainous river landscape, painted in the style of Dong Qichang.","The scroll is signed by Gengan Sanren, Wang Hui and is inscribed with a poem.  The scroll is impressed with 4 artist seals.",Gift of Sandy and Cécile Mactaggart
2005.5.42,Two Blue Silk Panels made from Fragments of a Woman's Skirt,https://search.museums.ualberta.ca/21-19264,https://media.museums.ualberta.ca/UAAC/fullres/2004/2004_019_082_s21-10v01.jpg,panel,Qing 19th-20th centuries,silk; embroidery; braid,,unknown,,,Gift of Sandy and Cécile Mactaggart
2005.5.374,Embroidered Magenta Silk Damask Jacket for a Woman,https://search.museums.ualberta.ca/21-19596,https://media.museums.ualberta.ca/UAAC/bfw/2005/2005_005_374_ve_s20-02v01.jpg,jacket,Qing 20th century,dark pink silk damask with embroidered off-white silk damask sleeve bands and pale gray silk satin facings,overall: 98.1 cm x 144.9 cm,unknown,,,Gift of Sandy and Cécile Mactaggart
2005.5.620,Right Side of the Front Panel of a Rank Badge,https://search.museums.ualberta.ca/21-19842,https://media.museums.ualberta.ca/UAAC/bfw/2005/2005_005_620_ve_s19-12v01.jpg,rank badge,Qing 19th century,gold wrapped silk thread; silk; silk floss; silk satin; silver wrapped silk thread; embroidery,overall: 27.5 cm x 11.2 cm,unknown,,,Gift of Sandy and Cécile Mactaggart
2010.20.1.4.3,"Magnificent Record of the Southern Tours, volumes 21, chapters 51-52",https://search.museums.ualberta.ca/21-23699,https://media.museums.ualberta.ca/UAAC/bfw/2010/2010_020_001_004_003_s20-02v01.jpg,book,,"printed woodblock, thread binding",overall: 29.8 cm x 20.5 cm,Gao Jin,"One set of the Yuzhi nanxun shengdian [Magnificent Record of the Southern Tours], edited by Gao Jin et al. Volumes 21, Chapter 51-52. Hefang [River conservation]. Woodblock printed, thread binding.",,Gift of Sandy and Cécile Mactaggart
2004.19.15,"Qianlong Emperor's Southern Inspection Tour, Scroll Two: Crossing the Grand Canal at Dezhou Handscroll with Storage Box",https://search.museums.ualberta.ca/21-19080,https://media.museums.ualberta.ca/UAAC/full/2004/19-15_4.jpg,handscroll set,Qing 18th century,ink and colour on silk,sheet: 72.6 cm x 2433.1 cm; image: 68.9 cm x 1533.9 cm,Xu Yang,A handscroll painting with lacquer storage box.,,Gift of Sandy and Cécile Mactaggart
2005.5.50,A Pair of Silk Brocade Panels made from Fragments of a Dragon Robe,https://search.museums.ualberta.ca/21-19272,https://media.museums.ualberta.ca/UAAC/full/2004/19-15_4.jpg,panel,Qing 19th century,metallic thread; silk; silk jacquard; silk satin,,unknown,,,Gift of Sandy and Cécile Mactaggart
2005.5.305,Blue Silk Tapestry Weave Surcoat for a Man,https://search.museums.ualberta.ca/21-19527,https://media.museums.ualberta.ca/UAAC/bfw/2005/2005_005_305_ve_s19-12v01.jpg,surcoat,Qing 19th century,dark blue silk with silk and metal-wrapped thread tapestry weave rank badges,overall: 121.5 cm x 169 cm; neck to hem: 121.5 cm; cuff to cuff: x 169 cm,unknown,"A dark blue silk surcoat (or bufu) with tapestry woven rank badges on the front and back. There is a crane, recognizable with a red cap on its head, depicted on the square rank badges, identifying the wearer as a first-rank civil official. The position of the sun on the left side of the badge (the wearer's right side) indicates that the wearer is a man. Auspicious symbols, including bats for good fortune and a geometric wan - multiplying good fortune by an infinite amount - in the background, surround the crane and there is a standing water and waves motif below. This surcoat has a typical front opening with five brass buttons, two side vents, and a standing collar. The standing collar is not a typical design feature on surcoats, which can be seen when compared to other examples in the collection, such as Blue Silk Gauze Surcoat for a Man (2005.5.93). This robe design has likely been modified from a traditional surcoat, including longer and narrower sleeves, and may not be typical official’s attire. The lining fabric is a pale blue plain weave silk.",,Gift of Sandy and Cécile Mactaggart
2005.5.288.2,Embroidered Yellow Silk Sleeve Band,https://search.museums.ualberta.ca/21-20788,https://media.museums.ualberta.ca/UAAC/bfw/2005/2005_005_305_ve_s19-12v01.jpg,sleeve band,Qing 19th century,silk floss; silk satin; silk twist,overall: 89.2 cm x 12.4 cm,unknown,,,Gift of Sandy and Cécile Mactaggart
2005.5.152.2,Embroidered Silk Legging for a Woman,https://search.museums.ualberta.ca/21-20947,https://media.museums.ualberta.ca/UAAC/bfw/2005/2005_005_152_002_re_s19-12v01.jpg,leggings,Qing 19th century,silk damask edged with blue and black silk satin borders embroidered with silk and metal-wrapped threads,overall: 69 cm x 40.4 cm,unknown,,,Gift of Sandy and Cécile Mactaggart
2004.19.68.1.3,Print from the Qianlong Emperor’s Conquests,https://search.museums.ualberta.ca/21-19870,https://media.museums.ualberta.ca/UAAC/fullres/2004/2004_019_068_001_003_s21-03v01.jpg,print,Qing 18th century,ink; silk; paper,overall: 63.4 cm x 112.5 cm; image: 49.2 cm x 92 cm,unknown,A blank piece composed of two pieces of paper mounted side-by-side with a visible seam between the two.,,Gift of Sandy and Cécile Mactaggart
2004.19.72.4,Album Leaf from Figures in River Landscapes,https://search.museums.ualberta.ca/21-20438,https://media.museums.ualberta.ca/UAAC/fullres/2004/2004_019_072_004_s21-03v01.jpg,album leaf,Qing 18th century,ink and colour on paper,,Wang Gai,"This is the fourth leaf from the Figures in River Landscape album by Wang Gai (1677-1705), which is painted with ink and colour on paper. Each leaf contains a landscape, which was painted in situ by Wang Gai. Repeating themes throughout the album include figures immersed in the natural environment, which reflects the literati’s yearning and nostalgia.
In this scene, a fisherman sits on a boat watching a flock of birds fly towards the horizon. He appears relaxed, with a fishing line hanging off the side of the boat. The three clusters of river bamboo on the side of the boat are painted with different tones of black ink to indicate depth. The fading of the distant bamboo into the background is a technique found throughout this album.",,Gift of Sandy and Cécile Mactaggart
2005.5.530,Yellow Silk Brocade Hanging,https://search.museums.ualberta.ca/21-19752,https://media.museums.ualberta.ca/UAAC/bfw/2005/2005_005_530_re_s20-02v01.jpg,hanging,Qing 19th century,gold wrapped silk thread; silk; silk brocade; silk satin; silk floss,overall: 157 cm x 63 cm,unknown,,,Gift of Sandy and Cécile Mactaggart
2005.5.134,Red Silk Brocade Yardage with the Hundred Boys Pattern,https://search.museums.ualberta.ca/21-19356,https://media.museums.ualberta.ca/UAAC/bfw/2005/2005_005_134_ve_g01_s20-02v01.jpg,yardage,Qing 19th century,gold wrapped silk thread; silk brocade,overall: 331.5 cm x 68.6 cm,unknown,,,Gift of Sandy and Cécile Mactaggart
2005.5.596,Front and Back Panels of a Rank Badge for a Fourth Rank Military Official,https://search.museums.ualberta.ca/21-19818,https://media.museums.ualberta.ca/UAAC/fullres/2005/2005_005_596_002_re_s23-03v01.jpg,rank badge,Qing 19th century,silk; silk floss; silk satin; embroidery,,unknown,"Rank badges, always made in pairs, were placed on the front and back of surcoats in order to communicate their wearer’s rank during the Ming (1368-1644) and Qing dynasties (1644-1911). Different motifs were regulated by the imperial court, including bird motifs used only for civil officials, while beasts were used for military officials. The hierarchy of ranks within these categories was represented by specific birds and beasts. 
This pair of rank badges features a tiger, symbolizing a fourth rank military official. The tiger is crouching on a rock and surrounded by ruyi-shaped clouds. The pattern on the badge is embroidered with fine seed stitches. The border is adorned with bats and shou characters (symbolizing longevity).",,Gift of Sandy and Cécile Mactaggart
2005.5.561.1.2,Left Side of the Front Panel of a Rank Badge for a Fourth Rank Civil Official,https://search.museums.ualberta.ca/21-20735,https://media.museums.ualberta.ca/UAAC/fullres/2005/2005_005_596_002_re_s23-03v01.jpg,rank badge,Qing 19th century,gold wrapped silk thread; linen; silk; ink; tapestry weave,overall: 28.9 cm x 14.6 cm,unknown,,,Gift of Sandy and Cécile Mactaggart
2005.5.433.1,Embroidered Wool Hanging,https://search.museums.ualberta.ca/21-20822,https://media.museums.ualberta.ca/UAAC/bfw/2005/2005_005_433_001_re_m01_s20-02v01.jpg,hanging,Qing 19th century,copper-wrapped silk thread; gold wrapped silk thread; linen; silk floss; wool; embroidery,overall: 294.5 cm x 57.9 cm,unknown,,,Gift of Sandy and Cécile Mactaggart
2005.5.230.4,Silk Tapestry Weave Fragmentary Panel,https://search.museums.ualberta.ca/21-20885,https://media.museums.ualberta.ca/UAAC/bfw/2005/2005_005_230_004_ve_s19-12v01.jpg,panel,Qing 17th-18th centuries,gold wrapped silk thread; silk; silk tapestry weave,overall: 38 cm x 37.2 cm,unknown,,,Gift of Sandy and Cécile Mactaggart
2004.19.3.14,Album Leaf from Insects,https://search.museums.ualberta.ca/21-20087,https://media.museums.ualberta.ca/UAAC/fullres/2004/2004_019_003_014_s21-03v01.jpg,album leaf,Qing 18th-19th centuries,ink; paper,sheet: 43.3 cm x 35.2 cm; image: 31.1 cm x 21.2 cm,unknown,"A painting of two leafy plants, complete with root systems, and three butterflies.",,Gift of Sandy and Cécile Mactaggart
2005.5.621.7,Trunk,https://search.museums.ualberta.ca/21-21051,https://media.museums.ualberta.ca/UAAC/bfw/2005/2005_005_621_007_d01_s20-02v01.jpg,trunk,Qing 19th century,painted wood with metal hardware,overall: 27.1 cm x 67.5 cm x 45.7 cm,unknown,,,Gift of Sandy and Cécile Mactaggart
2010.20.1.6.5,"Magnificent Record of the Southern Tours, volume 35, chapters 89-91",https://search.museums.ualberta.ca/21-23713,https://media.museums.ualberta.ca/UAAC/bfw/2010/2010_020_001_006_005_s20-02v01.jpg,book,,"printed woodblock, thread binding",overall: 29.8 cm x 20.5 cm,Gao Jin,"One set of the Yuzhi nanxun shengdian [Magnificent Record of the Southern Tours], edited by Gao Jin et al. Volume 35, Chapter 89-91. Chengtu [Imperial highways]. Woodblock printed, thread binding.",,Gift of Sandy and Cécile Mactaggart
2004.19.35,Portrait of Wang Guyuan,https://search.museums.ualberta.ca/21-19100,https://media.museums.ualberta.ca/UAAC/fullres/2004/2004_019_035_m01_s22-02v01.jpg,hanging scroll,Qing 18th century,ink and light colour on paper,sheet: 265.7 cm x 68.9 cm; image: 160.5 cm x 51.3 cm,Huang Zeng,A hanging scroll painting depicting figures in front of a studio.,"Signed by Huang Zeng of Suzhou.  The scroll is inscribed with 9 colophons by: Qian Chenqun, Wang Chang, Shen Dacheng, Jiang Shiquan, Zhang Gang, Jin Nong, Wang Guyuan, Zhang Sike and Min Hua. The scroll is impressed…												

													Signed by Huang Zeng of Suzhou.  The scroll is inscribed with 9 colophons by: Qian Chenqun, Wang Chang, Shen Dacheng, Jiang Shiquan, Zhang Gang, Jin Nong, Wang Guyuan, Zhang Sike and Min Hua. The scroll is impressed with 6 collector's seals.												
Read More +",Gift of Sandy and Cécile Mactaggart
2005.5.585,Back Panel of a Rank Badge for a Civil Official,https://search.museums.ualberta.ca/21-19807,https://media.museums.ualberta.ca/UAAC/bfw/2005/2005_005_585_ve_s19-12v01.jpg,rank badge,Qing 19th century,silk brocade; paper,overall: 35.2 cm x 37.4 cm,unknown,,,Gift of Sandy and Cécile Mactaggart
2004.19.29,Monk Meditating in Woods Handscroll with Storage Box,https://search.museums.ualberta.ca/21-19094,https://media.museums.ualberta.ca/UAAC/fullres/2004/2004_019_029_001_m02_s22-02v01.jpg,handscroll set,Ming 16th century,ink and colour on paper,sheet: 30.7 cm x 1197.6 cm; image: 27.5 cm x 133 cm,Qian Gu,A handscroll painting with wooden storage box.,,Gift of Sandy and Cécile Mactaggart
2005.5.595.1.2,Left Side of the Front Panel of a Rank Badge for a Fourth Rank Military Official,https://search.museums.ualberta.ca/21-20704,https://media.museums.ualberta.ca/UAAC/fullres/2004/2004_019_029_001_m02_s22-02v01.jpg,rank badge,Qing 19th century,silk and metal-wrapped thread embroidery with ink,overall: 29.1 cm x 15.1 cm,unknown,,,Gift of Sandy and Cécile Mactaggart
2005.5.212,Embroidered Blue Silk Surcoat for a Woman,https://search.museums.ualberta.ca/21-19434,https://media.museums.ualberta.ca/UAAC/bfw/2005/2005_005_212_d01_s19-12v01.jpg,surcoat,Qing 19th century,dark blue silk satin embroidered with silk threads,overall: 126.5 cm x 148.5 cm; neck to hem: 126.5 cm; cuff to cuff: x 148.5 cm,unknown,,,Gift of Sandy and Cécile Mactaggart
2005.5.448.3,Uncut Embroidered Yellow Silk Cushion Cover,https://search.museums.ualberta.ca/21-20971,https://media.museums.ualberta.ca/UAAC/bfw/2005/2005_005_448_003_ve_s20-02v01.jpg,cushion cover,Qing 19th century,gold wrapped silk thread; silk floss; silk satin; embroidery,overall: 55.5 cm x 76.4 cm,unknown,,,Gift of Sandy and Cécile Mactaggart
2005.5.606.2,Left Side of the Front Panel of a Rank Badge for a First Rank Civil Official,https://search.museums.ualberta.ca/21-20763,https://media.museums.ualberta.ca/UAAC/bfw/2005/2005_005_448_003_ve_s20-02v01.jpg,rank badge,Qing 19th century,gold wrapped silk thread; ink; silk brocade; paper,,unknown,,,Gift of Sandy and Cécile Mactaggart
2009.8.9,Embroidered Blue Silk Surcoat for a Child,https://search.museums.ualberta.ca/21-22446,https://media.museums.ualberta.ca/UAAC/ppt/2009/09_008_009s01v01d01.jpg,surcoat,,dark blue silk embroidered with silk and metal-wrapped threads,overall: 64.3 cm x 90.5 cm,unknown,"This surcoat was made for a male child and would have resembled one worn by his patriarch, who would have been a first rank civil official. The rank badge on the front and back of the surcoat features a crane. It likely dates to the late Qing period, as its style would not have been regarded as permissible during earlier regulations.",,Gift of Jean Small
2005.5.189,Embroidered Blue Silk Jacket for a Straits Chinese Woman,https://search.museums.ualberta.ca/21-19411,https://media.museums.ualberta.ca/UAAC/bfw/2005/2005_005_189_d02_s19-12v01.jpg,jacket,Qing 19th century,blue-green silk satin damask embroidered with silk and metal-wrapped threads,overall: 118 cm x 174.5 cm; neck to hem: 118 cm; cuff to cuff: x 174.5 cm,unknown,,,Gift of Sandy and Cécile Mactaggart
2005.5.363.1,Embroidered Wool Panel,https://search.museums.ualberta.ca/21-20811,https://media.museums.ualberta.ca/UAAC/fullres/2005/2005_005_363_001_ve_g03_s22-02v01.jpg,panel,Qing 19th century,gold wrapped silk thread; silk floss; wool; copper-wrapped silk thread; embroidery,overall: 299.2 cm x 61.6 cm,unknown,,,Gift of Sandy and Cécile Mactaggart
2004.19.1.1.24,Album Leaf from Illustrations of Costumes from the Qianlong Court,https://search.museums.ualberta.ca/21-20212,https://media.museums.ualberta.ca/UAAC/fullres/2004/2004_019_001_001_024_s21-03v01.jpg,album leaf,Qing 18th century,ink; silk; paper,sheet: 42.2 cm x 40.8 cm; image: 25.6 cm x 12.8 cm,unknown,"This album leaf is part of a section of the illustrations of costumes from the Qianlong court, Huangchao liqi tushi (“The Regulations for the Ceremonial Paraphernalia of the [Qing] Dynasty”). In total there are 34 folios that depict costumes appropriate for the Empress Dowager or Empress to wear at the imperial court along with short descriptive captions. This is the left leaf of one folio (attached to 2004.19.1.25) and it contains three columns of regular script calligraphy describing the regulations of a winter court robe (chaopao), the third style for the empress dowager and empress. The text on this leaf continues from the attached leaf on the right side.","緣 中無襞積 裾後開  餘俱如前 皇貴妃同 Translation of the Chinese text: ""[continuing from the right leaf, 2004.19.1.1.25]...The middle of [the robe] is not pleated and has a split at the back. Other… 

													緣 中無襞積 裾後開  餘俱如前 皇貴妃同 Translation of the Chinese text: ""[continuing from the right leaf, 2004.19.1.1.25]...The middle of [the robe] is not pleated and has a split at the back. Other ornamentation is the same as previous mentioned [as the second style of the winter court robe] . The first-rank imperial consort will have the same design.""
(Translated and transcribed by Lisa Claypool, Ed., China’s Imperial Modern: The Painter’s Craft, Edmonton, AB: University of Alberta Museums, 2012, p. 104; Modified by Isabel Pi-fen Chueh).
On the reverse of the piece ""(44)"" is handwritten in pencil on the upper right corner. 
Read More +",Gift of Sandy and Cécile Mactaggart
2010.21.10,Pair of Marble Carp Fountains,https://search.museums.ualberta.ca/21-23816,https://media.museums.ualberta.ca/UAAC/fullres/2004/2004_019_001_001_024_s21-03v01.jpg,sculpture,Modern 20th century,Metal with white marble,overall: 120 cm x 65 cm x 65 cm,unknown,"Two fountains, each in the form of a leaping carp spewing water from its open mouth. The base is carved in the shape of stylized waves. The deep golden amber colour of the fountains is likely the result of application of a stain, but might be due to exposure to the weather.",,Gift of Sandy and Cécile Mactaggart
2005.5.24,Length of Green Silk Brocade Yardage,https://search.museums.ualberta.ca/21-19246,https://media.museums.ualberta.ca/UAAC/fullres/2005/2005_005_024_ve_s22-02v01.jpg,yardage,Qing 19th century,silk brocade,,unknown,,,Gift of Sandy and Cécile Mactaggart
2005.5.630,Purple Silk Brocade Jacket for a Woman,https://search.museums.ualberta.ca/21-19852,https://media.museums.ualberta.ca/UAAC/bfw/2005/2005_005_630_ve_s20-02v01.jpg,jacket,Qing 19th century,purple silk brocade with off-white embroidered silk satin facings,overall: 85.7 cm x 155 cm,unknown,,,Gift of Sandy and Cécile Mactaggart
2005.5.641,Framed Embroidered Silk Vest for a Woman,https://search.museums.ualberta.ca/21-19863,https://media.museums.ualberta.ca/UAAC/bfw/2005/2005_005_630_ve_s20-02v01.jpg,vest,Qing 19th century,metallic thread; metallic ribbon; peacock feathers; silk; glass; embroidery; silk satin,,unknown,,,Gift of Sandy and Cécile Mactaggart
2005.5.364,Two Fragmentary Panels from an Imperial Robe,https://search.museums.ualberta.ca/21-19586,https://media.museums.ualberta.ca/UAAC/fullres/2004/2004_019_068_001_036_d01_s21-03v01.jpg,panel,Qing 19th century,gold wrapped silk thread; silk; silk satin; silk tapestry weave,,unknown,,,Gift of Sandy and Cécile Mactaggart
2005.5.82,Embroidered Blue Silk Dragon Robe for a Woman,https://search.museums.ualberta.ca/21-19304,https://media.museums.ualberta.ca/UAAC/fullres/2005/2005_005_082_ve_s21-03v01.jpg,robe,Qing 19th century,blue silk twill embroidered with silk and metal-wrapped threads,overall: 140.5 cm x 204 cm; neck to hem: 140.5 cm; cuff to cuff: x 204 cm,unknown,,,Gift of Sandy and Cécile Mactaggart
2005.5.347.1,Front Panel of a Rank Badge for a First-Rank Civil Official,https://search.museums.ualberta.ca/21-20922,https://media.museums.ualberta.ca/UAAC/bfw/2005/2005_005_347_001_ve_s19-12v01.jpg,rank badge,Qing 18th century,gold wrapped silk thread; ink; linen; silk; tapestry weave; glass; wood,overall: 30.8 cm x 31.1 cm,unknown,"Rank badges, always made in pairs, were placed on the front and back of surcoats in order to communicate their wearer’s rank during the Ming (1368-1644) and Qing dynasties (1644-1911). The front badge is made into two separate panels to accommodate the front opening of a surcoat, while the back badge is made in one piece. Different motifs were regulated by the imperial court, including bird motifs used only for civil officials while beasts were used for military officials. The hierarchy of ranks within these categories was represented by specific birds and beasts. This pair of rank badges features a crane, which is identified by its red crown and white feathers. The crane is standing on a rock amidst multi-coloured waves, pink peonies, trees, and clouds. The motifs on these badges, which are identical for the front and back, have been rendered in tapestry weave with a brilliant gold background. The sun on the left side of these badges indicates that the wearer was male.",,Gift of Sandy and Cécile Mactaggart
2005.5.72,Green Silk Informal Robe for a Woman,https://search.museums.ualberta.ca/21-19294,https://media.museums.ualberta.ca/UAAC/bfw/2005/2005_005_072_re_d01_s19-12v01.jpg,robe,Qing 19th century,green-blue silk satin embroidered with silk,overall: 144 cm x 182 cm; neck to hem: 144 cm; cuff to cuff: x 182 cm,unknown,,,Gift of Sandy and Cécile Mactaggart
2005.5.588.2,Back Panel of a Rank Badge for a Ninth Rank Civil Official,https://search.museums.ualberta.ca/21-20686,https://media.museums.ualberta.ca/UAAC/bfw/2005/2005_005_588_002_ve_s19-12v01.jpg,rank badge,Qing 19th-20th centuries,gold wrapped silk thread; silk; silk floss; silk gauze; silk satin; silver wrapped silk thread; embroidery,overall: 28.7 cm x 27.5 cm,unknown,"Rank badges, always made in pairs, were placed on the front and back of surcoats in order to communicate their wearer’s rank during the Ming (1368-1644) and Qing dynasties (1644-1911). Different motifs were regulated by the imperial court, including bird motifs used only for civil officials, while beasts were used for military officials. The hierarchy of ranks within these categories was represented by specific birds and beasts. 
This rank badge features a flycatcher, representing a ninth rank civil official. In the Ming Dynasty, the birds on rank badges were often presented in pairs in an upper and lower position. Later, in the Qing Dynasty, only one bird was seen on rank badges. The flycatcher is surrounded by ruyi-shaped clouds and four bats, with its wings spread wide and gaze directed toward the sun disk in the upper left corner. This badge is embroidered with gold-metal wrapped thread and silk floss using counted stitches on silk gauze.",,Gift of Sandy and Cécile Mactaggart
2005.5.264,Embroidered Blue Silk Court Collar,https://search.museums.ualberta.ca/21-19486,https://media.museums.ualberta.ca/UAAC/bfw/2005/2005_005_264_ve_s19-12v01.jpg,collar,Qing 19th century,blue silk satin embroidered with silk and metal-wrapped threads,overall: 71 cm x 33 cm,unknown,,,Gift of Sandy and Cécile Mactaggart
2005.5.534,Two Embroidered Silk Fragmentary Panels,https://search.museums.ualberta.ca/21-19756,https://media.museums.ualberta.ca/UAAC/bfw/2005/2005_005_264_ve_s19-12v01.jpg,panel,Qing 19th-20th centuries,gold wrapped silk thread; silk; silk brocade; silk jacquard; silk satin,,unknown,,,Gift of Sandy and Cécile Mactaggart
2010.20.1.5.1,"Magnificent Record of the Southern Tours, volumes 25, chapters 60-62",https://search.museums.ualberta.ca/21-23703,https://media.museums.ualberta.ca/UAAC/bfw/2010/2010_020_001_005_001_s20-02v01.jpg,book,,"printed woodblock, thread binding",overall: 29.8 cm x 20.5 cm,Gao Jin,"One set of the Yuzhi nanxun shengdian [Magnificent Record of the Southern Tours], edited by Gao Jin et al. Volume 25, Chapters 60-62. Sidian [Sacrificial rites]. Woodblock printed, thread binding.",,Gift of Sandy and Cécile Mactaggart
2005.5.43,Fragment of Silk Brocade Yardage,https://search.museums.ualberta.ca/21-19265,https://media.museums.ualberta.ca/UAAC/bfw/2005/2005_005_043_re_g02_s20-02v01.jpg,panel,Qing 19th century,silk brocade,overall: 159 cm x 33.2 cm,unknown,,,Gift of Sandy and Cécile Mactaggart
2004.19.13,River Landscape,https://search.museums.ualberta.ca/21-19078,https://media.museums.ualberta.ca/UAAC/fullres/2004/2004_019_013_g03_s22-02v01.jpg,handscroll,Ming 15th century,ink on paper,sheet: 21.7 cm x 1054.1 cm; image: 17.4 cm x 125.3 cm,Wen Zhengming,A handscroll painting of a river landscape.,"Signed by Hengshan Wenbi and impressed with 2 seals of the artist.  Others seals include the following: 2 collector's seals of the Emperor Qianlong, 4 seals of the Jiaqing Emperor, 1 collector's seal of the Yao…												

													Signed by Hengshan Wenbi and impressed with 2 seals of the artist.  Others seals include the following: 2 collector's seals of the Emperor Qianlong, 4 seals of the Jiaqing Emperor, 1 collector's seal of the Yao family, 4 twentieth century collector's seals.  The scroll is mounted with colophons from the following people: Shen Zhou (1427-1529), Wu Kuan (1435-1504), Yang Xunji (1458-1546), Zhu Yunming (1461-1527) (2 colophons), Wang Chong (1494-1533), Wen Zhengming (1470-1559), Chen Shun (1483-1544), Peng Nian (1505-1566), Wang Guxiang (1501-1568), Wen Ping (1498-1573), Lu Shidao (ca. 1510-1570), Xu Yuangfu (dates unknown), and Zhang Fengyi (1527-1613).												
Read More +",Gift of Sandy and Cécile Mactaggart
2010.21.1,Light Brown Cut Velvet Hanging,https://search.museums.ualberta.ca/21-23803,https://media.museums.ualberta.ca/UAAC/fullres/2010/2010_021_001_re_s21-03v01.jpg,hanging,,silk tapestry cut velvet lined with linen,overall: 209.2 cm x 125 cm x .2 cm,Unknown,Light brown cut-velvet hanging with a design of large peony flowers surrounded with a border of peony flowers. The panel is made up of two pieces stitched together at center line.,,Gift of Sandy and Cécile Mactaggart
2004.19.76,Bamboo in the Wind Hanging Scroll and Storage Box,https://search.museums.ualberta.ca/21-19141,https://media.museums.ualberta.ca/UAAC/fullres/2010/2010_021_001_re_s21-03v01.jpg,hanging scroll set,Ming 15th century,ink on silk,sheet: 233.4 cm x 79.1 cm; image: 120 cm x 61.9 cm,Xia Chang,A hanging scroll painting and storage box.,,Gift of Sandy and Cécile Mactaggart
2005.5.108,Gold Silk Brocade Tibetan Chuba,https://search.museums.ualberta.ca/21-19330,https://media.museums.ualberta.ca/UAAC/bfw/2005/2005_005_108_d02_s19-12v01.jpg,robe,17th century,metal-wrapped thread and silk brocade,overall: 152.5 cm x 206.5 cm; neck to hem: 152.5 cm; cuff to cuff: x 206.5 cm,unknown,"This Tibetan robe incorporates segments of Chinese rank badges, which have been stitched into a patchwork fabric. Typically, a rank badge features a single animal symbolizing the wearer's rank. However, on the left sleeve, there is a lion representing a second rank military officer, while the right sleeve displays a leopard symbolizing the third military rank. At the center, where the blue dragon is intersected, two qilin badges—indicating the first military rank—are repeated, alongside a panther badge representing the sixth military rank. On the back, the central section includes two crane badges, signifying the first rank for civil officials and a panther badge. These additional segments extend both the body and sleeve lengths, suggesting that the original dragon-patterned fabric was not sized for the Tibetan owner.",,Gift of Sandy and Cécile Mactaggart
2005.5.150,Embroidered Silk Velvet Daoist Priest's Robe,https://search.museums.ualberta.ca/21-19372,https://media.museums.ualberta.ca/UAAC/bfw/2005/2005_005_150_ve_s20-02v01.jpg,robe,Qing 19th century,orange velvet and dark blue silk satin borders embroidered with metal-wrapped threads and silk,overall: 124.5 cm x 153.2 cm; neck to hem: 124.5 cm; cuff to cuff: x 153.2 cm,unknown,,,Gift of Sandy and Cécile Mactaggart
2004.19.70.2,Box for Landscape After Xia Gui,https://search.museums.ualberta.ca/21-20546,https://media.museums.ualberta.ca/UAAC/bfw/2005/2005_005_150_ve_s20-02v01.jpg,box,Qing 17th century,,overall: 6.6 cm x 7 cm x 49.7 cm,unknown,Storage box for hanging scroll.,,Gift of Sandy and Cécile Mactaggart
2004.19.3.2,Album Leaf from Insects,https://search.museums.ualberta.ca/21-20075,https://media.museums.ualberta.ca/UAAC/fullres/2004/2004_019_003_002_s21-03v01.jpg,album leaf,Qing 18th-19th centuries,ink; paper,sheet: 43.3 cm x 35.5 cm; image: 34.8 cm x 25.8 cm,unknown,A painting of a bamboo stem with a hornet's nest.,,Gift of Sandy and Cécile Mactaggart
2004.19.38.23,Album Leaf from Album of Figures,https://search.museums.ualberta.ca/21-20422,https://media.museums.ualberta.ca/UAAC/fullres/2004/2004_019_038_023_s21-10v01.jpg,album leaf,Qing 19th century,ink and colour on paper,,Ren Yi,"The painting is associated with the poem (2004.19.38.22). An elderly figure stands next to a large, white horse. The person appears to be guiding or holding the horse by a leash. He only shows his back, with his head slightly turned to the left, as if glancing back to check on the horse. The horse is slightly bent forward, grazing or simply standing peacefully. The background is made up of soft, misty brushstrokes, depicting a serene landscape with muted colors. 

The inscription on the right states, “Written by Ren Yi, also known as Ren Bonian, from Shanyin, over the Huangpu River [畯師冬心居士(金農)法書山陰任頤伯年寫於浦上].”",,Gift of Sandy and Cécile Mactaggart
2005.5.594.2,Left Side of the Front Panel of a Rank Badge for a Fourth Rank Military Official,https://search.museums.ualberta.ca/21-20701,https://media.museums.ualberta.ca/UAAC/fullres/2004/2004_019_038_023_s21-10v01.jpg,rank badge,Qing 19th century,gold wrapped silk thread; linen; peacock feathers; silk; ink; tapestry weave,,unknown,,,Gift of Sandy and Cécile Mactaggart
2005.5.292,Two Embroidered Blue Silk Fragmentary Panels from a Woman's Surcoat,https://search.museums.ualberta.ca/21-19514,https://media.museums.ualberta.ca/UAAC/fullres/2004/2004_019_038_023_s21-10v01.jpg,panel,Qing 19th century,silk; silk floss; silk jacquard; silk twill; embroidery,,unknown,,,Gift of Sandy and Cécile Mactaggart
2004.19.75.2.2,"Lid of Box for Kangxi Emperor's Southern Inspection Tour, Scroll Seven: Wuxi to Suzhou",https://search.museums.ualberta.ca/21-20558,https://media.museums.ualberta.ca/UAAC/full/2004/19-75-2-2_2.jpg,"box, lid",Qing 17th century,lacquer,,unknown,Lid of lacquer storage box for handscroll.,This lid is inscribed with the date 'second (lunar calendar) month of 28th year of the reign of Kangxi (1698)'.  There is a seal below that is inscribed 'Precious Collection of the Celestial Palace'.,Gift of Sandy and Cécile Mactaggart
2004.19.51,Landscape,https://search.museums.ualberta.ca/21-19116,https://media.museums.ualberta.ca/UAAC/fullres/2004/2004_019_051_m01_s22-02v01.jpg,hanging scroll,Modern 20th century,ink and colour on paper,sheet: 232.2 cm x 35.7 cm; image: 148.9 cm x 20 cm,Yao Hua,A hanging scroll painting of a mountain landscape.,Signed by Mangfu and impressed with 1artist seal.,Gift of Sandy and Cécile Mactaggart
2005.5.60,Pair of Embroidered Silk Sleeve Bands Mounted as a Panel,https://search.museums.ualberta.ca/21-19282,https://media.museums.ualberta.ca/UAAC/bfw/2005/2005_005_060_s19-12v01.jpg,panel,Qing 19th century,gold wrapped silk thread; silk; silk brocade; silk floss; embroidery,overall: 71 cm x 32.5 cm,unknown,,,Gift of Sandy and Cécile Mactaggart
2004.19.3.18,Album Leaf from Insects,https://search.museums.ualberta.ca/21-20091,https://media.museums.ualberta.ca/UAAC/fullres/2004/2004_019_003_018_s21-03v01.jpg,album leaf,Qing 18th-19th centuries,ink; paper,sheet: 35.4 cm x 43.1 cm; image: 22.4 cm x 27.6 cm,unknown,A painting of three butterflies and two other insects.,,Gift of Sandy and Cécile Mactaggart
2005.5.560.2,Back Panel of a Rank Badge for a Fourth Rank Civil Official,https://search.museums.ualberta.ca/21-20647,https://media.museums.ualberta.ca/UAAC/bfw/2005/2005_005_560_002_ve_s19-12v01.jpg,rank badge,Qing 19th century,linen; silk,overall: 30.2 cm x 31.2 cm,unknown,"Rank badges, always made in pairs, were placed on the front and back of surcoats in order to communicate their wearer’s rank during the Ming (1368-1644) and Qing dynasties (1644-1911). Different motifs were regulated by the imperial court, including bird motifs used only for civil officials, while beasts were used for military officials. The hierarchy of ranks within these categories was represented by specific birds and beasts. 
This rank badge features a wild goose, symbolizing a fourth rank civil official. Perched on a rock amid waves, the goose gazes toward the sun disc in the upper right corner. Ruyi-shaped clouds and bats decorate the sky. The badge is woven in tapestry (kesi), and ink was used for details and colour gradation.",,Gift of Sandy and Cécile Mactaggart
2005.5.200,Embroidered Brown Silk Dragon Robe for an Imperial Prince,https://search.museums.ualberta.ca/21-19422,https://media.museums.ualberta.ca/UAAC/fullres/2005/2005_005_200_ve_s21-03v01.jpg,robe,Qing 19th century,brown silk twill embroidered with silk and metal-wrapped threads,overall: 138.5 cm x 187 cm; neck to hem: 138.5 cm; cuff to cuff: x 187 cm,unknown,This semiformal robe is made from brown silk embroidered with dragons and has a broad lishui stripe border.,,Gift of Sandy and Cécile Mactaggart
2005.5.594.1,Right Side of the Front Panel of a Rank Badge for a Fourth Rank Military Official,https://search.museums.ualberta.ca/21-20700,https://media.museums.ualberta.ca/UAAC/fullres/2005/2005_005_200_ve_s21-03v01.jpg,rank badge,Qing 19th century,gold wrapped silk thread; linen; peacock feathers; silk; ink; tapestry weave,,unknown,,,Gift of Sandy and Cécile Mactaggart
2010.16.1.8,Album Leaf from Album of Landscape Paintings,https://search.museums.ualberta.ca/21-23576,https://media.museums.ualberta.ca/UAAC/ppt/2010/10_016_001_008s01v01.jpg,album leaf,,ink and colour on paper,overall: 49 cm x 32 cm; sheet: 49 cm x 32 cm; image: 42 cm x 23 cm,Pan Gongshou,,,Purchased by Museums and Collections Services
2005.5.592.1.1,Right Side of the Front Panel of a Rank Badge for a Third Rank Military Official,https://search.museums.ualberta.ca/21-20693,https://media.museums.ualberta.ca/CLTX/full/1998/30-50.jpg,rank badge,Qing 19th century,silk and metal-wrapped thread tapestry weave with ink,overall: 26.9 cm x 14.6 cm,unknown,,,Gift of Sandy and Cécile Mactaggart
2010.20.1.4.5,"Magnificent Record of the Southern Tours, volume 23, chapters 54-56",https://search.museums.ualberta.ca/21-23701,https://media.museums.ualberta.ca/UAAC/bfw/2010/2010_020_001_004_005_s20-02v01.jpg,book,,"printed woodblock, thread binding",overall: 29.8 cm x 20.5 cm,Gao Jin,"One set of the Yuzhi nanxun shengdian [Magnificent Record of the Southern Tours], edited by Gao Jin et al. Volume 23, Chapter 54-56. Haitang [Seawall embankments]. Woodblock printed, thread binding.",,Gift of Sandy and Cécile Mactaggart
2005.5.565,Front and Back Panels of a Rank Badge for a Fourth Rank Civil Official,https://search.museums.ualberta.ca/21-19787,https://media.museums.ualberta.ca/UAAC/bfw/2005/2005_005_565_002_re_s19-12v01.jpg,rank badge,Qing 19th century,copper-wrapped silk thread; gold wrapped silk thread; ink; tapestry weave; linen; silk; silver wrapped silk thread,,unknown,"Qing Period (1644-1911), Fourth Rank Civil Official (Wild Goose)

(source: John E. Vollmer & Jacqueline Simcox, ""Emblems of Empire: Selections from the Mactaggart Art Collection,"" (The University of Alberta Press and University of Alberta Museums, Edmonton, Alberta, 2009), p. 74.)",,Gift of Sandy and Cécile Mactaggart
2005.5.594,Front Panel of a Rank Badge for a Fourth Rank Military Official,https://search.museums.ualberta.ca/21-19816,https://media.museums.ualberta.ca/UAAC/bfw/2005/2005_005_594_ve_s19-12v01.jpg,rank badge,Qing 19th century,gold wrapped silk thread; linen; peacock feathers; silk; ink; paper; tapestry weave,overall: 33.3 cm x 36.6 cm,unknown,"Qing Period (1644-1911), Fourth Rank Military Official (Tiger)

(source: John E. Vollmer & Jacqueline Simcox, ""Emblems of Empire: Selections from the Mactaggart Art Collection,"" (The University of Alberta Press and University of Alberta Museums, Edmonton, Alberta, 2009), p. 74.)",,Gift of Sandy and Cécile Mactaggart
2010.16.1.1,Album Leaf from Album of Landscape Paintings,https://search.museums.ualberta.ca/21-23569,https://media.museums.ualberta.ca/UAAC/ppt/2010/10_016_001_001s01v01.jpg,album leaf,,ink and colour on paper,overall: 49 cm x 32 cm; sheet: 49 cm x 32 cm; image: 42 cm x 23 cm,Pan Gongshou,,,Purchased by Museums and Collections Services
2005.5.575.2,Back Panel of a Rank Badge for a Fifth Rank Civil Official,https://search.museums.ualberta.ca/21-20659,https://media.museums.ualberta.ca/UAAC/bfw/2005/2005_005_575_002_ve_s19-12v01.jpg,rank badge,Qing 19th century,ink; tapestry weave; metallic thread; linen; silk,overall: 28 cm x 30.4 cm,unknown,"Qing Period (1644-1911), Fifth Rank Civil Official (Silver Pheasant)

(source: John E. Vollmer & Jacqueline Simcox, ""Emblems of Empire: Selections from the Mactaggart Art Collection,"" (The University of Alberta Press and University of Alberta Museums, Edmonton, Alberta, 2009), p. 74.)",,Gift of Sandy and Cécile Mactaggart
2005.5.341,Beaded Leather Belt,https://search.museums.ualberta.ca/21-19563,https://media.museums.ualberta.ca/UAAC/bfw/2005/2005_005_341_ve_s20-02v01.jpg,belt,Qing 19th century,linen; brass; glass beads; leather,overall: 71.1 cm x 4.8 cm,unknown,,,Gift of Sandy and Cécile Mactaggart
2005.5.543,Front and Back Panels of a Rank Badge,https://search.museums.ualberta.ca/21-19765,https://media.museums.ualberta.ca/UAAC/bfw/2005/2005_005_543_002_re_s19-12v01.jpg,rank badge,Qing 19th-20th centuries,gold wrapped silk thread; silk; silk floss; silk satin; silver wrapped silk thread; embroidery,,unknown,"Honorific Badge (Hoofed Dragon) - awarded to elderly Chinese officials in acknowledgement of years of service to the throne
(source: John E. Vollmer)",,Gift of Sandy and Cécile Mactaggart
CCEA2003.5.12,Zheng,https://search.museums.ualberta.ca/14-189299,https://media.museums.ualberta.ca/UAAC/bfw/2005/2005_005_543_002_re_s19-12v01.jpg,zheng,,,,,Chinese zither,,Donated by Linda W. Mah
2004.19.88,River Landscape,https://search.museums.ualberta.ca/21-19153,https://media.museums.ualberta.ca/UAAC/bfw/2005/2005_005_543_002_re_s19-12v01.jpg,hanging scroll,Modern 20th century,ink and light colour on paper,sheet: 198.1 cm x 64.4 cm; image: 96.4 cm x 51.5 cm,Fu Yiyao,A hanging scroll painting of a boat in a river landscape.,The scroll is signed by Fu Yiyao and is impressed with 3 artist seals.,Gift of Sandy and Cécile Mactaggart
2004.19.78.2,Male Ancestor Portrait,https://search.museums.ualberta.ca/21-20473,https://media.museums.ualberta.ca/UAAC/fullres/2004/2004_019_078_002_s23-03v01.jpg,hanging scroll,Qing 18th-19th centuries,ink and colour on paper,overall: 138.4 cm x 75.6 cm; image: 119 cm x 70 cm,unknown,"One (1) Chinese ancestor portrait hanging scroll, anonymous, ink and colors on silk, a portrait of a seated male wearing official robes.",,Gift of Sandy and Cécile Mactaggart
2005.5.240.2,Silk Tapestry Weave Sleeve Band,https://search.museums.ualberta.ca/21-20889,https://media.museums.ualberta.ca/UAAC/bfw/2005/2005_005_240_002_ve_g02_s20-02v01.jpg,sleeve band,Ming 15th century,gold wrapped silk thread; silk tapestry weave,overall: 107.6 cm x 12.8 cm,unknown,,,Gift of Sandy and Cécile Mactaggart
2005.5.362.2,Embroidered Silk Roundel,https://search.museums.ualberta.ca/21-20794,https://media.museums.ualberta.ca/UAAC/bfw/2005/2005_005_362_002_ve_s19-12v01.jpg,roundel,Modern 20th century,silk floss; silk satin; embroidery,overall: 23 cm diameter,unknown,"With the fall of the Qing dynasty in 1911, the rank badge system was abolished along with the end of the imperial bureaucracy. However, in 1916, Yuan Shikai attempted to restore the Qing Empire by declaring himself Emperor Hongxian. This embroidered roundel, featuring the Twelve Symbols of Imperial Authority, serves as an example of his effort to invoke imperial imagery. There are nine motifs of the Twelve Symbols embroidered on the roundel, including a pair of cups, seaweed, fire, grain, an axe, a pheasant, a dragon, mountains and the fu character in the centre. Encircling the entire composition is a border of circular ruyi-shaped clouds.",,Gift of Sandy and Cécile Mactaggart
2004.19.1.1.16,Album Leaf from Illustrations of Costumes from the Qianlong Court,https://search.museums.ualberta.ca/21-20162,https://media.museums.ualberta.ca/UAAC/fullres/2004/2004_019_001_001_016_s21-03v01.jpg,album leaf,Qing 18th century,ink; silk; paper,sheet: 42.2 cm x 40.8 cm; image: 29.6 cm x 37.9 cm,unknown,"This album leaf is part of a section of the illustrations of costumes from the Qianlong court, Huangchao liqi tushi (“The Regulations for the Ceremonial Paraphernalia of the [Qing] Dynasty”). In total there are 34 folios that depict costumes appropriate for the Empress Dowager or Empress to wear at the imperial court along with short descriptive captions. This is the left leaf of one folio (attached to 2004.19.1.17), depicting the backside of a formal court robe. This painting is nearly identical to another leaf found in the album, 2004.19.1.1.14.",On the reverse of the piece "(52)" is handwritten in pencil on the upper right corner.,Gift of Sandy and Cécile Mactaggart
2004.19.14,Hanging Scroll and Storage Bag for Landscape in Style of Wang Meng,https://search.museums.ualberta.ca/21-19079,https://media.museums.ualberta.ca/UAAC/fullres/2004/2004_019_001_001_016_s21-03v01.jpg,hanging scroll set,Qing 17th century,ink and light colour,sheet: 239.4 cm x 57.5 cm; image: 78 cm x 34.7 cm,Wang Jian,A hanging scroll painting with storage bag.,Signed by Wang Jian and impressed with two seals of the artist. The piece is also impressed with one collector's seal from Feng Chaoran (1882-1954).,Gift of Sandy and Cécile Mactaggart
2004.19.38.21,Album Leaf from Album of Figures,https://search.museums.ualberta.ca/21-20420,https://media.museums.ualberta.ca/UAAC/fullres/2004/2004_019_038_021_s21-10v01.jpg,album leaf,Qing 19th century,ink and colour on paper,,Ren Yi,"The painting is associated with the poem (2004.19.38.20). It depicts a lone rider on a limping donkey, as suggested by the accompanying poem, journeying through a forest of towering trees. The rider wears a red robe and a white hat. The row of trees in the foreground is characterized by brown trunks with dark ink spots and dense foliage, overlapping with a line of lighter-colored trees.
The inscription on the right states, “Written by Ren Yi, also known as Ren Bonian from Shanyin, in Chunshenpu (now the Huangpu River in Shanghai) [山陰任頤伯年寫于春申浦]”, and the red seal belongs to Ren Yi.",,Gift of Sandy and Cécile Mactaggart
2005.5.402.1,Set of Two Embroidered Cream Silk Bed Curtains,https://search.museums.ualberta.ca/21-20963,https://media.museums.ualberta.ca/UAAC/fullres/2004/2004_019_038_021_s21-10v01.jpg,curtain,Qing 18th century,off-white silk satin embroidered with silk,overall: 302 cm x 252 cm,unknown,,,Gift of Sandy and Cécile Mactaggart
2005.5.59,Pair of Embroidered Silk Sleeve Bands Mounted as a Panel,https://search.museums.ualberta.ca/21-19281,https://media.museums.ualberta.ca/UAAC/bfw/2005/2005_005_59_s19-12v01.jpg,panel,Qing 19th century,silk damask; silk; silk floss; gold wrapped silk thread; embroidery,overall: 62.1 cm x 34 cm,unknown,,,Gift of Sandy and Cécile Mactaggart
2009.8.8,Embroidered Black Silk Gauze Jacket for a Woman,https://search.museums.ualberta.ca/21-22445,https://media.museums.ualberta.ca/UAAC/ppt/2009/09_008_008s01v01d01.jpg,jacket,,black silk gauze embroidered with silk,overall: 84.5 cm x 142.4 cm,unknown,,,Gift of Jean Small
2004.19.19,Blue-Green Landscape,https://search.museums.ualberta.ca/21-19084,https://media.museums.ualberta.ca/UAAC/fullres/2004/2004_019_019_d03_s21-10v01.jpg,hanging scroll,Ming 16th century,ink and colour on silk,sheet: 252.7 cm x 84.2 cm; image: 147.9 cm x 61.2 cm,Qiu Ying,"A hanging scroll painting of a landscape, painted in the blue and green style of the Song dynasty.","Signed by Shifu Qiu Ying mo Songren biyi and impressed with 2 seals of the artist. The scroll is also impressed with 7 collector's seals, including 5 of the Emperor Qianlong.",Gift of Sandy and Cécile Mactaggart
2005.5.279,Yellow Silk Brocade Fragment from the Back of a Dragon Robe,https://search.museums.ualberta.ca/21-19501,https://media.museums.ualberta.ca/UAAC/fullres/2005/2005_005_279_re_s23-01v01.jpg,panel,Qing 19th century,silk; silk brocade,overall: 134.6 cm x 113.2 cm,unknown,,,Gift of Sandy and Cécile Mactaggart
2005.5.562.1.2,Left Side of the Front Panel of a Rank Badge for a Fourth Rank Civil Official,https://search.museums.ualberta.ca/21-20720,https://media.museums.ualberta.ca/UAAC/fullres/2005/2005_005_279_re_s23-01v01.jpg,rank badge,Qing 19th century,copper-wrapped silk thread; gold wrapped silk thread; ink; tapestry weave; linen; silk; silver wrapped silk thread,overall: 26.7 cm x 14.3 cm,unknown,,,Gift of Sandy and Cécile Mactaggart
2005.5.287,Embroidered Red Silk Panel,https://search.museums.ualberta.ca/21-19509,https://media.museums.ualberta.ca/UAAC/bfw/2005/2005_005_287_m01_s19-12v01.jpg,panel,Qing 19th century,gold wrapped silk thread; silk; silk brocade; silk damask; silk floss; silk ribbon; paint; embroidery,overall: 49.3 cm x 199.8 cm,unknown,,,Gift of Sandy and Cécile Mactaggart
2004.19.85.1,Green Bamboo and Old Trees,https://search.museums.ualberta.ca/21-20563,https://media.museums.ualberta.ca/UAAC/fullres/2004/2004_019_085_001_rolled_s22-02v01.jpg,handscroll,Qing 17th century,ink on paper,overall: 27.9 cm x 924.6 cm; image: 19.2 cm x 208 cm,Yun Shouping,"A handscroll painting depicting a landscape with a stream, bamboo and trees.","The frontispiece is written by Wu Jin and signed by Anxiang Shouping.  The scroll is impressed with 2 artist seals.  There are two colophons, one written by Wu Jin and one written by Zhang Xiong (1803-1886).  The…												

													The frontispiece is written by Wu Jin and signed by Anxiang Shouping.  The scroll is impressed with 2 artist seals.  There are two colophons, one written by Wu Jin and one written by Zhang Xiong (1803-1886).  The scroll also has 3 collector's seals.												
Read More +",Gift of Sandy and Cécile Mactaggart
2005.5.598.2,Left Side of the Front Panel of a Rank Badge for a Censor,https://search.museums.ualberta.ca/21-20749,https://media.museums.ualberta.ca/UAAC/fullres/2004/2004_019_085_001_rolled_s22-02v01.jpg,rank badge,Qing 19th century,gold wrapped silk thread; linen; silk; tapestry weave,overall: 28.8 cm x 15.5 cm,unknown,,,Gift of Sandy and Cécile Mactaggart
2005.5.632.1,Spectacles,https://search.museums.ualberta.ca/21-21056,https://media.museums.ualberta.ca/UAAC/bfw/2005/2005_005_632_001_d02_s20-02v01.jpg,spectacles,Qing 18th-19th centuries,brass; glass,overall: 5.8 cm x 13.6 cm x 15.2 cm,unknown,,,Gift of Sandy and Cécile Mactaggart
2005.5.16,Silk Tapestry Weave Tibetan Chuba Robe for a Man,https://search.museums.ualberta.ca/21-19238,https://media.museums.ualberta.ca/UAAC/bfw/2005/2005_005_016_d02_s19-12v01.jpg,robe,17th century,metal-wrapped thread and silk tapestry weave,overall: 145.7 cm x 192 cm; neck to hem: 145.7 cm; cuff to cuff: x 192 cm,unknown,"This robe is a traditional style of Tibetan robe, or a chuba, made with fragments cut from Chinese silk tapestry hangings and chair covers. It contains more than one hundred fragments pieced together on the front, back and the front left flap. That implies Tibetans highly valued Chinese silks and reused them to avoid waste.
At the center front of the robe there is a tapestry fragment depicting a phoenix standing on a rock in a peony garden. Below, two large tapestry fragments with descending blue dragons are pieced together near the hem. A large green and red dragon, portrayed in tapestry weave with gold metal-wrapped threads, is on the centre back. Under this dragon are two blue dragons leaping above waves, rocks and water. Interestingly, the dragons on the front and back of the robe have hooves instead of claws.
More patterns are on the top of the robe, such as cranes, frogs, lotus diamond-shapes, and other auspicious ornaments. They include secular and religious longing representing longevity, wealth, fortune, and purity.",,Gift of Sandy and Cécile Mactaggart
2005.5.153,Orange Silk Leggings for a Woman,https://search.museums.ualberta.ca/21-19375,https://media.museums.ualberta.ca/UAAC/bfw/2005/2005_005_153_ve_s19-12v01.jpg,leggings,Qing 19th century,orange silk damask edged with blue and black silk satin borders embroidered with silk and metal-wrapped threads,,unknown,,,Gift of Sandy and Cécile Mactaggart
2005.5.523,Embroidered Yellow Silk Skirt for a Child,https://search.museums.ualberta.ca/21-19745,https://media.museums.ualberta.ca/UAAC/bfw/2005/2005_005_523_op_ve_s19-12v01.jpg,skirt,Qing 19th century,yellow silk satin embroidered with silk and metal-wrapped threads and edged with embroidered purple silk satin,overall: 69.4 cm x 84.4 cm,unknown,,,Gift of Sandy and Cécile Mactaggart
2005.5.232,Back Panel of a Rank Badge for a Second Rank Civil Official,https://search.museums.ualberta.ca/21-19454,https://media.museums.ualberta.ca/UAAC/bfw/2005/2005_005_232_ve_s19-12v01.jpg,rank badge,Ming 16th century,tapestry weave; gold wrapped silk thread,overall: 38.9 cm x 36.5 cm,unknown,"Rank badges, always made in pairs, were placed on the front and back of surcoats in order to communicate their wearer’s rank during the Ming (1368-1644) and Qing dynasties (1644-1911). Different motifs were regulated by the imperial court, including bird motifs used only for civil officials, while beasts were used for military officials. The hierarchy of ranks within these categories was represented by specific birds and beasts. In the Ming Dynasty, the birds on rank badges were often presented in pairs in an upper and lower position. Later, in the Qing Dynasty, only one bird or beast was seen on rank badges. 
This Ming-era rank badge features a pair of golden pheasants, representing a second-rank civil official. Surrounding the birds in this badge are peonies and clouds. The lower bird is perched on a scholar's rock, which are particularly-shaped rocks appreciated by the literati and found in Chinese gardens. This badge is woven in tapestry, with a ground made from gold-wrapped thread and details rendered in multi-coloured silk floss.",,Gift of Sandy and Cécile Mactaggart
2005.5.358,Embroidered Silk Vest for a Woman,https://search.museums.ualberta.ca/21-19580,https://media.museums.ualberta.ca/UAAC/bfw/2005/2005_005_358_ve_s19-12v01.jpg,vest,Qing 19th century,black silk satin embroidered with metal-wrapped threads and silk and edged with silk fringe,overall: 87.5 cm x 45.5 cm; neck to hem: 87.5 cm,unknown,,,Gift of Sandy and Cécile Mactaggart
2004.19.71.5,Album Leaf from Landscapes After the Old Masters,https://search.museums.ualberta.ca/21-20429,https://media.museums.ualberta.ca/UAAC/fullres/2004/2004_019_071_005_s21-03v01.jpg,album leaf,Qing 17th century,ink on paper,,Wang Shimin,,,Gift of Sandy and Cécile Mactaggart
2016.3.2,Back Panel of a Rank Badge for a Seventh Rank Civil Official,https://search.museums.ualberta.ca/21-26193,https://media.museums.ualberta.ca/UAAC/fullres/2016/2016_003_002_ve_s25-01v01.jpg,rank badge,,silk thread and metallic thread on silk; embroidering,overall: 27.3 cm x 30.3 cm,unknown,"The bird in the centre has a plume head and a puffy feathered neck featuring a mandarin duck and a symbol for a 7th rank civil official. Worked in metallic threads on brown silk. Bird shown against a trellis background, surrounded by clouds and Daoist emblems.",,
2004.19.2.12,Album Leaf from Illustrations of Chinese Costumes,https://search.museums.ualberta.ca/21-19960,https://media.museums.ualberta.ca/UAAC/fullres/2004/2004_019_002_012_s21-10v01.jpg,album leaf,Qing 18th century,ink; paper,sheet: 17.2 cm x 28 cm; image: 11.5 cm x 18.5 cm,unknown,"This album leaf is a part of a 48-page album that depicts Chinese subjects participating in various aspects of daily life, including government business, daily life, cultural customs, modes of transportation, and corporal punishment. This leaf has an ink and watercolour drawing of two different forms of confinement punishments. The male figure on the left, in a red tunic and blue pants, sits in a barred cage with a chain around his neck. The figure on the right sits in a structure with their head in a square wooden collar, sometimes referred to as a cangue, which acts as a portable pillory. The crime of the figure would have been written on the vertical white stripes on either side of their head. During the Qing Dynasty these types of punishments were a form of public humiliation.",,Gift of Sandy and Cécile Mactaggart
2005.5.224,Brown Silk Formal Court Robe for a Man,https://search.museums.ualberta.ca/21-19446,https://media.museums.ualberta.ca/UAAC/fullres/2005/2005_005_224_ve_s21-03v01.jpg,robe,Qing 17th-20th centuries,brown silk satin brocaded with silk and metal-wrapped threads,overall: 149.2 cm x 211.5 cm; neck to hem: 149.2 cm; cuff to cuff: x 211.5 cm,unknown,,,Gift of Sandy and Cécile Mactaggart
2005.5.583.1,Left Side of the Front Panel of a Rank Badge for a Seventh Rank Civil Official,https://search.museums.ualberta.ca/21-20675,https://media.museums.ualberta.ca/UAAC/bfw/2005/2005_005_583_001_ve_s19-12v01.jpg,rank badge,Qing 19th century,linen; silk; tapestry weave,overall: 28.4 cm x 15.2 cm,unknown,,,Gift of Sandy and Cécile Mactaggart
2005.5.337.2.2,Interior Lid for the Lacquer Hat Storage Box,https://search.museums.ualberta.ca/21-21018,https://media.museums.ualberta.ca/UAAC/bfw/2005/2005_005_090_ve_s20-02v01.jpg,box,Qing 19th-20th centuries,red lacquer,overall: 2.8 cm,unknown,,,Gift of Sandy and Cécile Mactaggart
2004.19.11.7,One Scroll from Peach Blossom Spring,https://search.museums.ualberta.ca/21-20454,https://media.museums.ualberta.ca/UAAC/fullres/2004/2004_019_011_007_s21-10v01.jpg,hanging scroll,Qing 18th century,ink and colour on silk,,Yuan Jiang,,,Gift of Sandy and Cécile Mactaggart
2005.5.571.1,Right Side of the Front Panel of a Rank Badge for a Fifth Rank Civil Official,https://search.museums.ualberta.ca/21-20650,https://media.museums.ualberta.ca/UAAC/fullres/2004/2004_019_011_007_s21-10v01.jpg,rank badge,Qing 19th-20th centuries,embroidery; copper-wrapped silk thread; gold wrapped silk thread; silk; silk floss; silk satin; silver wrapped silk thread,overall: 27.4 cm x 14.9 cm,unknown,,,Gift of Sandy and Cécile Mactaggart
2004.19.9.7,Album Leaf from Album of Landscapes,https://search.museums.ualberta.ca/21-20503,https://media.museums.ualberta.ca/UAAC/fullres/2004/2004_019_009_007_s21-10v01.jpg,album leaf,Qing 17th-18th centuries,ink and colour on paper,overall: 3.3 cm x 16.8 cm x 26.6 cm; image: 16 cm x 9.9 cm,Yao Song,,,Gift of Sandy and Cécile Mactaggart
2004.19.85.2,Document from Green Bamboo and Old Trees,https://search.museums.ualberta.ca/21-20564,https://media.museums.ualberta.ca/UAAC/full/2004/19-85-2_1.jpg,document,Qing 17th century,ink on paper,,Yun Shouping,Handwritten calligraphic letter.,,Gift of Sandy and Cécile Mactaggart
CCEA2003.5.11,Pipa,https://search.museums.ualberta.ca/14-189298,https://media.museums.ualberta.ca/UAAC/full/2004/19-85-2_1.jpg,pipa,,,,,Chinese lute.,,Donated by Linda W. Mah
2005.5.321,Embroidered Brown Silk Gauze Dragon Robe for a Man,https://search.museums.ualberta.ca/21-19543,https://media.museums.ualberta.ca/UAAC/fullres/2005/2005_005_321_ve_s21-03v01.jpg,robe,Qing 19th century,brown silk gauze embroidered with silk and metal-wrapped threads,overall: 145.5 cm x 225 cm; neck to hem: 145.5 cm; cuff to cuff: x 225 cm,unknown,,,Gift of Sandy and Cécile Mactaggart
2005.5.606.1,Right Side of the Front Panel of a Rank Badge for a First Rank Civil Official,https://search.museums.ualberta.ca/21-20762,https://media.museums.ualberta.ca/UAAC/fullres/2005/2005_005_321_ve_s21-03v01.jpg,rank badge,Qing 19th century,gold wrapped silk thread; ink; silk brocade; paper,,unknown,,,Gift of Sandy and Cécile Mactaggart
2005.5.332,Embroidered Blue Silk Satin Skirt for a Woman,https://search.museums.ualberta.ca/21-19554,https://media.museums.ualberta.ca/UAAC/bfw/2005/2005_005_332_ve_op_s19-12v01.jpg,skirt,Qing 19th century,blue silk satin embroidered with silk and metal-wrapped threads,overall: 109.3 cm x 93 cm,unknown,,,Gift of Sandy and Cécile Mactaggart
2005.5.247.2,Back Panel of a Rank Badge for a Third Rank Civil Official,https://search.museums.ualberta.ca/21-20897,https://media.museums.ualberta.ca/UAAC/fullres/2005/2005_005_247_002_ve_s23-03v01.jpg,rank badge,Ming 15th century,gold wrapped silk thread; silk tapestry weave,overall: 33.2 cm x 38.1 cm,unknown,"Rank badges, always made in pairs, were placed on the front and back of surcoats in order to communicate their wearer’s rank during the Ming (1368-1644) and Qing dynasties (1644-1911). Different motifs were regulated by the imperial court, including bird motifs used only for civil officials, while beasts were used for military officials. The hierarchy of ranks within these categories was represented by specific birds and beasts.  In the Ming Dynasty, the birds on rank badges were often presented in pairs in an upper and lower position. Later, in the Qing Dynasty, only one bird or beast was seen on rank badges.
This Ming-era rank badge features a pair of peacocks, representing a third-rank civil official. Surrounding the birds in this badge are peonies and clouds. This badge is woven in tapestry, with a ground made from gold-wrapped thread and details rendered in multi-coloured silk floss. """,,Gift of Sandy and Cécile Mactaggart
2005.5.631.2,Lid of a Carved Bamboo Needle Case,https://search.museums.ualberta.ca/21-21054,https://media.museums.ualberta.ca/UAAC/fullres/2005/2005_005_247_002_ve_s23-03v01.jpg,needle case,Qing 19th century,horn,overall: .8 cm,unknown,,,Gift of Sandy and Cécile Mactaggart
2005.5.604.2,Left Side of the Front Panel of a Rank Badge for a Sixth Rank Military Official,https://search.museums.ualberta.ca/21-20709,https://media.museums.ualberta.ca/UAAC/fullres/2005/2005_005_247_002_ve_s23-03v01.jpg,rank badge,Qing 19th-20th centuries,gold wrapped silk thread; silk floss; silk satin; silver wrapped silk thread; embroidery,overall: 31.6 cm x 16.2 cm,unknown,,,Gift of Sandy and Cécile Mactaggart
2005.5.578.2,Back Panel of a Rank Badge for a Fifth Rank Civil Official,https://search.museums.ualberta.ca/21-20662,https://media.museums.ualberta.ca/UAAC/bfw/2005/2005_005_578_002_ve_s19-12v01.jpg,rank badge,Qing 19th-20th centuries,gold wrapped silk thread; silk; silk floss; silk gauze; silk damask; embroidery,overall: 28.6 cm x 29.7 cm,unknown,"Qing Period (1644-1911), Fifth Rank Civil Official (Silver Pheasant)

(source: John E. Vollmer & Jacqueline Simcox, ""Emblems of Empire: Selections from the Mactaggart Art Collection,"" (The University of Alberta Press and University of Alberta Museums, Edmonton, Alberta, 2009), p. 74.)",,Gift of Sandy and Cécile Mactaggart
2005.5.543.1,Front Panel of a Rank Badge,https://search.museums.ualberta.ca/21-20618,https://media.museums.ualberta.ca/UAAC/bfw/2005/2005_005_543_001_ve_s19-12v01.jpg,rank badge,Qing 19th-20th centuries,gold wrapped silk thread; silk; silk floss; silk satin; silver wrapped silk thread,overall: 29.9 cm x 31.8 cm,unknown,"Honorific Badge (Hoofed Dragon) - awarded to elderly Chinese officials in acknowledgement of years of service to the throne
(source: John E. Vollmer)",,Gift of Sandy and Cécile Mactaggart
2004.19.79.7,Rocks and Stream in Bamboo Grove,https://search.museums.ualberta.ca/21-20466,https://media.museums.ualberta.ca/UAAC/fullres/2004/2004_019_079_007_m01_alt_edit_s23-01v01.jpg,hanging scroll,Qing 17th century,ink on silk,,Zhu Sheng,,,Gift of Sandy and Cécile Mactaggart
2022.7.4,Front Panel of a Rank Badge for a Second Rank Military Official,https://search.museums.ualberta.ca/21-27263,https://media.museums.ualberta.ca/UAAC/fullres/2022/2022_007_004_ve_s23-03v01.jpg,rank badge,,Polychrome silk floss and metal-wrapped thread embroidery on silk twill,overall: 30.4 cm x 31.3 cm,unknown,"Rank badges, always made in pairs, were placed on the front and back of surcoats in order to communicate their wearer’s rank during the Ming (1368-1644) and Qing dynasties (1644-1911). Different motifs were regulated by the imperial court, including bird motifs used only for civil officials, while beasts were used for military officials. The hierarchy of ranks within these categories was represented by specific birds and beasts. 
This rank badge features a qilin, representing a first rank military official. The mythical creature is engulfed in flames. It is perched on a scholar's rock, which are particularly-shaped rocks appreciated by the literati and found in Chinese gardens. This badge is crafted with embroidery using silk floss, peacock feather, and metal-wrapped thread.",,Purchased by University of Alberta Museums
2005.5.161,Embroidered Red Silk Jacket for a Woman,https://search.museums.ualberta.ca/21-19383,https://media.museums.ualberta.ca/UAAC/bfw/2005/2005_005_161_ve_s19-12v01.jpg,jacket,Modern 20th century,red silk satin embroidered with silk,overall: 74 cm x 134.7 cm; neck to hem: 74 cm; cuff to cuff: x 134.7 cm,unknown,,,Gift of Sandy and Cécile Mactaggart
2005.5.506,Two Silk Tapestry Weave Sleeve Bands,https://search.museums.ualberta.ca/21-19728,https://media.museums.ualberta.ca/UAAC/bfw/2005/2005_005_161_ve_s19-12v01.jpg,sleeve band,Qing 19th century,ink; silk; silk brocade; silk satin; silk tapestry weave; silk brocade ribbon; adhesive,,unknown,"Two silk tapestry weave sleeve bands that have been attached to a thick brocade border and lining, possibly to recreate them into decorative objects. Each sleeve band has a mirrored scene of five children - all boys - playing in a garden amongst peonies, peaches, trees, and rocks. The children are dressed in garments that were popular for youth in the Qing Dynasty (1644-1911). A boy near the top of the band holds a conch shell, which is an auspicious Buddhist symbol. Although the bands are woven in kesi, details have been added with painted ink, including colour gradients in the flowers and children's clothing. Sleeve bands are the wide decorated cuffs attached to women's robes and jackets, often made and sold separately from the rest of the garment. They became important commercial objects in the Qing Dynasty as they are modular accessories that could be purchased in a market and attached to the garment at home.",,Gift of Sandy and Cécile Mactaggart
2005.5.69.1,One Sleeve Band of a Pair of Embroidered Silk Sleeve Bands,https://search.museums.ualberta.ca/21-20871,https://media.museums.ualberta.ca/UAAC/bfw/2005/2005_005_161_ve_s19-12v01.jpg,sleeve band,Qing 19th century,"silk satin, embroidery",overall: 78.1 cm x 8.6 cm,unknown,(Bat facing right; bright green sticker),,Gift of Sandy and Cécile Mactaggart
2010.16.1.5,Album Leaf from Album of Landscape Paintings,https://search.museums.ualberta.ca/21-23573,https://media.museums.ualberta.ca/UAAC/ppt/2010/10_016_001_005s01v01.jpg,album leaf,,ink and colour on paper,overall: 49 cm x 32 cm; sheet: 49 cm x 32 cm; image: 42 cm x 23 cm,Pan Gongshou,,,Purchased by Museums and Collections Services
2005.5.353,Framed Silk Tapestry Weave Fragment,https://search.museums.ualberta.ca/21-19575,https://media.museums.ualberta.ca/UAAC/bfw/2005/2005_005_353_ve_s20-02v01.jpg,fragment,Qing 17th-18th centuries,gold wrapped silk thread; paper; silk; wood; foam core; masking tape; scotch tape; staples; tapestry weave,overall: 77.2 cm x 71.3 cm,unknown,,,Gift of Sandy and Cécile Mactaggart
2005.5.430,Silk Brocade,https://search.museums.ualberta.ca/21-19652,https://media.museums.ualberta.ca/UAAC/bfw/2005/2005_005_430_ve_g02_s20-02v01.jpg,yardage,Qing 19th-20th centuries,silk brocade,overall: 74.5 cm x 320.5 cm,unknown,,,Gift of Sandy and Cécile Mactaggart
2005.5.416.2,Silk Covered Feather Holder,https://search.museums.ualberta.ca/21-21026,https://media.museums.ualberta.ca/UAAC/bfw/2005/2005_005_416_002_ve_s20-02v01.jpg,holder,Qing 19th century,brass; paper; silk; wood; embroidery,overall: 41.3 cm,unknown,,,Gift of Sandy and Cécile Mactaggart
2004.19.75,"Kangxi Emperor's Southern Inspection Tour, Scroll Seven: Wuxi to Suzhou Handscroll and Storage Box",https://search.museums.ualberta.ca/21-19140,https://media.museums.ualberta.ca/UAAC/bfw/2005/2005_005_416_002_ve_s20-02v01.jpg,handscroll set,Qing 17th century,ink and colour on silk,sheet: 68.8 cm x 2932.4 cm; image: 67.7 cm x 2220 cm,Wang Hui,A handscroll painting with lacquer storage box.,,Gift of Sandy and Cécile Mactaggart
2004.19.2.46,Album Leaf from Illustrations of Chinese Costumes,https://search.museums.ualberta.ca/21-20062,https://media.museums.ualberta.ca/UAAC/fullres/2004/2004_019_002_046_s21-10v01.jpg,album leaf,Qing 18th century,ink; paper,sheet: 29.1 cm x 23 cm; image: 28.5 cm x 18.9 cm,unknown,"This album leaf is a part of a 48-page album that depicts Chinese subjects participating in various aspects of daily life, including government business, daily life, cultural customs, modes of transportation, and corporal punishment. This leaf contains an ink and watercolour painting that is slightly different, stylistically, from other paintings in the album. It depicts a barefoot man dressed in a turban, tunic and loose pants holding a double-ended spear. Around the figure are enlarged examples of material culture carried by the man, including two sheathed blades and the double-ended spear.",,Gift of Sandy and Cécile Mactaggart
2005.5.493,Embroidered Red Silk Fragmentary Panel from a Dragon Robe,https://search.museums.ualberta.ca/21-19715,https://media.museums.ualberta.ca/UAAC/full/2005/05_005_493s01v01.jpg,panel,Qing 19th century,gold wrapped silk thread; silk; silk floss; silk satin; embroidery; silk jacquard,overall: 142 cm x 108.4 cm,unknown,,,Gift of Sandy and Cécile Mactaggart
2005.5.566.1.1,Right Side of the Front Panel of a Rank Badge for a Fourth Rank Civil Official,https://search.museums.ualberta.ca/21-20729,https://media.museums.ualberta.ca/UAAC/full/2005/05_005_493s01v01.jpg,rank badge,Qing 19th-20th centuries,gold wrapped silk thread; silk; silk floss; silk gauze; silver wrapped silk thread; embroidery,overall: 29.3 cm x 15.1 cm,unknown,,,Gift of Sandy and Cécile Mactaggart
2005.5.432,Silk Brocade,https://search.museums.ualberta.ca/21-19654,https://media.museums.ualberta.ca/UAAC/bfw/2005/2005_005_432_ve_s20-02v01.jpg,yardage,Qing 20th century,silk brocade,overall: 71 cm x 204.3 cm,unknown,,,Gift of Sandy and Cécile Mactaggart
2010.20.3,Blue Silk Robe Fur Lined for Man,https://search.museums.ualberta.ca/21-23731,https://media.museums.ualberta.ca/UAAC/ppt/2010/10_020_003s01v01d04.jpg,robe,19th century,"silk damask, fur",overall: 157.5 cm x 223 cm x 1.5 cm,unknown,"Blue silk fur-lined robe with slits front and back, roundel dragon design in silk wave, diagonal side opening at front with four brass buttons and toggles, pocket. Fur appears to be mink and lamb, pocket stiched to upper, proper right of front.",,Gift of Sandy and Cécile Mactaggart
2005.5.39,Front Panel of a Rank Badge for a Civil Official,https://search.museums.ualberta.ca/21-19261,https://media.museums.ualberta.ca/UAAC/bfw/2005/2005_005_039_ve_s19-12v01.jpg,rank badge,Qing 19th century,silk; silk floss; silk twill; embroidery,overall: 29.8 cm x 30.8 cm,unknown,"Qing Period (1652-1911), Seventh Rank Civil Official (Mandarin Duck)
(source: John E. Vollmer)",,Gift of Sandy and Cécile Mactaggart
2005.5.49,Blue Silk Tapestry Weave Panel of Two Dragons,https://search.museums.ualberta.ca/21-19271,https://media.museums.ualberta.ca/UAAC/bfw/2005/2005_005_049_s19-12v01.jpg,panel,Qing 19th century,silk tapestry weave; silk brocade; silk satin; metal thread; silk,overall: 59.5 cm x 54.5 cm,unknown,,,Gift of Sandy and Cécile Mactaggart
2005.5.631.1,Base of a Carved Bamboo Needle Case,https://search.museums.ualberta.ca/21-21053,https://media.museums.ualberta.ca/UAAC/bfw/2005/2005_005_049_s19-12v01.jpg,needle case,Qing 19th century,horn; bamboo,overall: 10.9 cm,unknown,,,Gift of Sandy and Cécile Mactaggart
2005.5.112,Two Blue Silk Tapestry Weave Fragments from the Skirt of a Formal Court Robe,https://search.museums.ualberta.ca/21-19334,https://media.museums.ualberta.ca/UAAC/bfw/2005/2005_005_049_s19-12v01.jpg,panel,Qing 19th century,gold wrapped silk thread; silk brocade; silk damask; silk gauze; silk satin; silk tapestry weave,,unknown,,,Gift of Sandy and Cécile Mactaggart
2005.5.330,Embroidered Peach Silk Skirt for a Woman,https://search.museums.ualberta.ca/21-19552,https://media.museums.ualberta.ca/UAAC/bfw/2005/2005_005_330_re_d02_s19-12v01.jpg,skirt,Qing 19th century,orange-pink silk damask embroidered with silk,overall: 109.3 cm x 93 cm,unknown,,,Gift of Sandy and Cécile Mactaggart
2010.21.3,Wool Pile Dragon Carpet,https://search.museums.ualberta.ca/21-23809,https://media.museums.ualberta.ca/UAAC/fullres/2010/2010_021_003_ve_s21-03v01.jpg,carpet,Qing 19th century,Dyed wool pile,overall: 183.5 cm x 205 cm x .5 cm,unknown,Blue wool pile rug with five four-clawed dragons surrounded by clouds and a border of waves,,Gift of Sandy and Cécile Mactaggart
2005.5.528,Embroidered Cream Silk Skirt for a Woman,https://search.museums.ualberta.ca/21-19750,https://media.museums.ualberta.ca/UAAC/bfw/2005/2005_005_528_ve_op_s19-12v01.jpg,skirt,Qing 19th century,off-white silk satin embroidered with silk and metal-wrapped threads,overall: 101.1 cm x 125.5 cm,unknown,,,Gift of Sandy and Cécile Mactaggart
2005.5.147,Two Embroidered Silk Hangings,https://search.museums.ualberta.ca/21-19369,https://media.museums.ualberta.ca/UAAC/bfw/2005/2005_005_528_ve_op_s19-12v01.jpg,hanging,Qing 19th century,silk; silk brocade; silk floss; silk satin; silk twill; embroidery,,unknown,,,Gift of Sandy and Cécile Mactaggart
2005.5.74,Silk Formal Vest for a Woman,https://search.museums.ualberta.ca/21-19296,https://media.museums.ualberta.ca/UAAC/bfw/2005/2005_005_074_ve_s19-12v01.jpg,vest,Qing 19th century,brown silk satin brocaded with silk and metal-wrapped threads and edged with silk fringe,overall: 133 cm x 61 cm; neck to hem: 133 cm,unknown,,,Gift of Sandy and Cécile Mactaggart
2005.5.426.1,Wool Carpet Throne Cover for the Back of a Throne,https://search.museums.ualberta.ca/21-20932,https://media.museums.ualberta.ca/UAAC/fullres/2005/2005_005_426_001_re_s22-02v01.jpg,throne cover,Qing 19th century,cotton; wool; silk noil,overall: 72 cm x 71.5 cm,unknown,"The wool carpet throne cover features three five-clawed dragons, representing a harmonious relationship among them. It represents a typical imperial composition of numerous dragons, interpreted as a symbol of social order corresponding to Confucianism. These three dragons are surrounded by clouds, with rocks and waves below. The shape of the carpet corresponds to a throne chair.",,Gift of Sandy and Cécile Mactaggart
2010.20.1.4,"Magnificent Record of the Southern Tours, volumes 19-24, chapters 47-59",https://search.museums.ualberta.ca/21-23671,https://media.museums.ualberta.ca/UAAC/bfw/2010/2010_020_001_004_d01_s20-02v01.jpg,book,,"printed woodblock, thread binding",overall: 29.8 cm x 20.5 cm x 7.3 cm,Gao Jin,"One set of the Yuzhi nanxun shengdian [Magnificent Record of the Southern Tours], edited by Gao Jin et al. Volumes 19-24, Chapter 47-59. Woodblock printed, thread binding.",,Gift of Sandy and Cécile Mactaggart
2005.5.294,Embroidered Silk Fragmentary Panels from a Woman's Informal Robe,https://search.museums.ualberta.ca/21-19516,https://media.museums.ualberta.ca/UAAC/bfw/2010/2010_020_001_004_d01_s20-02v01.jpg,panel,Qing 19th century,silk; silk floss; silk jacquard; silk satin; embroidery,,unknown,,,Gift of Sandy and Cécile Mactaggart
2005.5.621.6.2.2,Insole,https://search.museums.ualberta.ca/21-21050,https://media.museums.ualberta.ca/UAAC/bfw/2010/2010_020_001_004_d01_s20-02v01.jpg,insole,Qing 19th century,felt; cork,overall: 26.4 cm x 7.8 cm x .4 cm,unknown,,,Gift of Sandy and Cécile Mactaggart
2004.19.86,Banana Fronds and Chicks,https://search.museums.ualberta.ca/21-19151,https://media.museums.ualberta.ca/UAAC/fullres/2004/2004_019_086_m01_s22-02v01.jpg,hanging scroll,Modern 20th century,ink on paper,overall: 235 cm x 46.3 cm; image: 136.1 cm x 34 cm,Qi Baishi,A hanging scroll painting depicting chicks and banana leaves.,The scroll is signed by Baishi Laoren Qi Huang and is impressed with 1 artist seal.,Gift of Sandy and Cécile Mactaggart
2005.5.391.2,Framed Silk Tapestry Weave Panel,https://search.museums.ualberta.ca/21-20864,https://media.museums.ualberta.ca/UAAC/bfw/2005/2005_005_391_002_s20-02v01.jpg,panel,Qing 17th-18th centuries,silk tapestry weave with ink details,overall: 80.1 cm x 110.9 cm,unknown,Image of quail.,,Gift of Sandy and Cécile Mactaggart
2005.5.308,Orange Silk Fragmentary Panel of a Yoke Section of a Robe,https://search.museums.ualberta.ca/21-19530,https://media.museums.ualberta.ca/UAAC/fullres/2005/2005_005_308_re_s21-03v01.jpg,panel,Qing 19th century,gold wrapped silk thread; silk; silk brocade; silk ribbon; peacock feathers,overall: 122.4 diameter,unknown,,,Gift of Sandy and Cécile Mactaggart
2005.5.340,Beaded Leather Belt,https://search.museums.ualberta.ca/21-19562,https://media.museums.ualberta.ca/UAAC/bfw/2005/2005_005_340_ve_s20-02v01.jpg,belt,Qing 19th century,"beadwork, leather; metal",overall: 70 cm x 6.7 cm,unknown,,,Gift of Sandy and Cécile Mactaggart
2005.5.272,Silk Tapestry Weave Floral Yardage,https://search.museums.ualberta.ca/21-19494,https://media.museums.ualberta.ca/UAAC/bfw/2005/2005_005_272_re_g05_s20-02v01.jpg,yardage,Qing 20th century,gold wrapped silk thread; silk,overall: 39.1 cm x 398 cm,unknown,,,Gift of Sandy and Cécile Mactaggart
2005.5.237,Embroidered Silk Gauze Fragment,https://search.museums.ualberta.ca/21-19459,https://media.museums.ualberta.ca/UAAC/bfw/2005/2005_005_237_ve_s20-02v01.jpg,fragment,Ming 15th century,silk brocade; silk floss; silk gauze; cotton; embroidery,overall: 93 cm x 17.5 cm,unknown,,,Gift of Sandy and Cécile Mactaggart
2005.5.598.1,Right Side of the Front Panel of a Rank Badge for a Censor,https://search.museums.ualberta.ca/21-20748,https://media.museums.ualberta.ca/UAAC/bfw/2005/2005_005_237_ve_s20-02v01.jpg,rank badge,Qing 19th century,gold wrapped silk thread; linen; silk; tapestry weave,overall: 28.7 cm x 15.1 cm,unknown,,,Gift of Sandy and Cécile Mactaggart
2004.19.3.11,Album Leaf from Insects,https://search.museums.ualberta.ca/21-20084,https://media.museums.ualberta.ca/UAAC/fullres/2004/2004_019_003_011_s21-03v01.jpg,album leaf,Qing 18th-19th centuries,ink; paper,sheet: 43.3 cm x 35.2 cm; image: 28.9 cm x 23.6 cm,unknown,A painting of two insects on a leafy branch with yellow flowers.,,Gift of Sandy and Cécile Mactaggart
2005.5.383,Two Embroidered Blue Silk Sleeve Bands,https://search.museums.ualberta.ca/21-19605,https://media.museums.ualberta.ca/UAAC/bfw/2005/2005_005_383_ve_s20-02v01.jpg,sleeve band,Qing 19th century,cotton; silk damask; silk floss; mat board; embroidery,,unknown,,,Gift of Sandy and Cécile Mactaggart
2005.5.433.3,Embroidered Wool Hanging,https://search.museums.ualberta.ca/21-20824,https://media.museums.ualberta.ca/UAAC/bfw/2005/2005_005_433_003_re_m01_s20-02v01.jpg,hanging,Qing 19th century,copper-wrapped silk thread; gold wrapped silk thread; linen; silk floss; wool; embroidery,overall: 295 cm x 58.4 cm,unknown,,,Gift of Sandy and Cécile Mactaggart
2005.5.299,Red Silk Brocade Hanging in the Hundred Boys Style,https://search.museums.ualberta.ca/21-19521,https://media.museums.ualberta.ca/UAAC/fullres/2005/2005_005_299_re_m01_s23-01v01.jpg,hanging,Qing 19th century,gold wrapped silk thread; silk; silk brocade; cotton; silk satin,overall: 239.1 cm x 107.7 cm,unknown,,,Gift of Sandy and Cécile Mactaggart
2004.19.64.2,Document from Summer Retreat in a River Village Handscroll and Storage Box,https://search.museums.ualberta.ca/21-21150,https://media.museums.ualberta.ca/UAAC/bfw/2004/2004_019_064_002_s20-02v01.jpg,document,Qing 17th-18th centuries,ink on paper,overall: 24.8 cm x 11.1 cm,Gu Fang,A completely calligraphic letter.,,Gift of Sandy and Cécile Mactaggart
2010.16.1.15,Album Leaf from Album of Landscape Paintings,https://search.museums.ualberta.ca/21-23583,https://media.museums.ualberta.ca/UAAC/ppt/2010/10_016_001_015s01v01.jpg,album leaf,,ink and colour on paper,overall: 49 cm x 32 cm; sheet: 49 cm x 32 cm; image: 42 cm x 23 cm,Pan Gongshou,,,Purchased by Museums and Collections Services
2005.5.376,Purple Silk Jacket for a Woman,https://search.museums.ualberta.ca/21-19598,https://media.museums.ualberta.ca/UAAC/bfw/2005/2005_005_376_ve_s20-02v01.jpg,jacket,Qing 19th century,purple silk damask with embroidered pale yellow silk satin sleeve bands and embroidered off-white silk satin facings,overall: 89.6 cm x 133.3 cm,unknown,,,Gift of Sandy and Cécile Mactaggart
2005.5.545.1,Front Panel of a Rank Badge for a Second Rank Civil Official,https://search.museums.ualberta.ca/21-20612,https://media.museums.ualberta.ca/UAAC/bfw/2005/2005_005_545_001_ve_s19-12v01.jpg,rank badge,Qing 19th century,gold wrapped silk thread; silk; silk gauze; silk satin; silver wrapped silk thread; beads; silk floss; embroidery,overall: 30.9 cm x 31.2 cm,unknown,"Rank badges, always made in pairs, were placed on the front and back of surcoats in order to communicate their wearer’s rank during the Ming (1368-1644) and Qing dynasties (1644-1911). Different motifs were regulated by the imperial court, including bird motifs used only for civil officials, while beasts were used for military officials. The hierarchy of ranks within these categories was represented by specific birds and beasts. In the Ming Dynasty, the birds on rank badges were often presented in pairs in an upper and lower position. Later, in the Qing Dynasty, only one bird or beast was seen on rank badges. 
This rank badge features a golden pheasant, representing a second-rank civil official. It is perched on a rock and gazing at a sun disc in the top left corner. Surrounding the birds in this badge are clouds and waves. This badge is embroidered with gold and silver metal-wrapped thread and details rendered in multi-coloured silk floss.",,Gift of Sandy and Cécile Mactaggart
2010.16.1.12,Album Leaf from Album of Landscape Paintings,https://search.museums.ualberta.ca/21-23580,https://media.museums.ualberta.ca/UAAC/ppt/2010/10_016_001_012s01v01.jpg,album leaf,,ink and colour on paper,overall: 49 cm x 32 cm; sheet: 49 cm x 32 cm; image: 42 cm x 23 cm,Pan Gongshou,,,Purchased by Museums and Collections Services
2005.5.388,Silk Gauze Counted Stitch Fragmentary Panel,https://search.museums.ualberta.ca/21-19610,https://media.museums.ualberta.ca/UAAC/full/2005/05_005_388s01v01d04.jpg,panel,Ming 16th century,silk floss; silk gauze; silk satin; cotton; plexiglas; metal screws; wood; embroidery,overall: 73.7 cm x 92.7 cm,unknown,,,Gift of Sandy and Cécile Mactaggart
2005.5.293.1,Embroidered Silk Fragmentary Panel from a Woman's Costume,https://search.museums.ualberta.ca/21-20857,https://media.museums.ualberta.ca/UAAC/bfw/2005/2005_005_293_001_s19-12v01.jpg,panel,Qing 19th century,silk; silk floss; silk jacquard; silk satin; embroidery,overall: 109.3 cm x 46.6 cm,unknown,,,Gift of Sandy and Cécile Mactaggart
2005.5.29,Blue Silk Fragmentary Panel,https://search.museums.ualberta.ca/21-19251,https://media.museums.ualberta.ca/UAAC/bfw/2005/2005_005_29_s19-12v01.jpg,panel,Qing 19th century,silk satin; silk brocade; silk; silk floss; embroidery,overall: 64.2 cm x 82.3 cm,unknown,,,Gift of Sandy and Cécile Mactaggart
2005.5.423,Embroidered Cream Silk Panel,https://search.museums.ualberta.ca/21-19645,https://media.museums.ualberta.ca/UAAC/bfw/2005/2005_005_423_m01_s19-12v01.jpg,panel,Qing 19th century,rayon; silk brocade ribbon; silk floss; silk ribbon; embroidery,overall: 190.8 cm x 47.1 cm,unknown,,,Gift of Sandy and Cécile Mactaggart
2005.5.402,Embroidered Cream Silk Bed Cover and Curtain Set,https://search.museums.ualberta.ca/21-19624,https://media.museums.ualberta.ca/UAAC/bfw/2005/2005_005_423_m01_s19-12v01.jpg,bed cover and curtain,Qing 18th century,off-white silk satin embroidered with silk,,unknown,,,Gift of Sandy and Cécile Mactaggart
2005.5.242,Silk Brocade Fragment of Yardage,https://search.museums.ualberta.ca/21-19464,https://media.museums.ualberta.ca/UAAC/bfw/2005/2005_005_242_ve_s19-12v01.jpg,fragment,Ming 15th century,silk brocade; gold wrapped silk thread,overall: 28 cm x 19.5 cm,unknown,,,Gift of Sandy and Cécile Mactaggart
2005.5.86,Embroidered Orange Silk Sliding Purse,https://search.museums.ualberta.ca/21-19308,https://media.museums.ualberta.ca/UAAC/bfw/2005/2005_005_086_ve_s20-02v01.jpg,purse,Qing 19th century,braid; linen; silk floss; silk satin; embroidery,overall: 13 cm x 11 cm x 1.5 cm,unknown,,,Gift of Sandy and Cécile Mactaggart
2016.3.1.1,Front Panel of a Rank Badge for a Sixth Rank Civil Official,https://search.museums.ualberta.ca/21-27003,https://media.museums.ualberta.ca/UAAC/fullres/2016/2016_003_001_001_ve_s25-01v01.jpg,rank badge,,silk thread on silk gauze; gold and silver metallic threads; embroidering; couching,overall: 28.9 cm x 29.2 cm,,"Rank badges, always made in pairs, were placed on the front and back of surcoats in order to communicate their wearer’s rank during the Ming (1368-1644) and Qing dynasties (1644-1911). Different motifs were regulated by the imperial court, including bird motifs used only for civil officials, while beasts were used for military officials. The hierarchy of ranks within these categories was represented by specific birds and beasts.
This rank badge features an egret, representing a sixth rank civil official. It is couched in silver thread, with its head highlighted in gold. Perched on one leg atop the stone, it gazes at the sun disc in the top right corner. Surrounding the bird are clouds, Daoist emblems, and gold scrolling vines. Additional auspicious symbols, including Buddhist emblems, are interspersed among ruyi-shaped waves along the li shui border at the bottom. The badge is embroidered using fine counted-stitch embroidery on black silk gauze.",,
2005.5.552,Front and Back Panels of a Rank Badge for a Fifth Rank Civil Official,https://search.museums.ualberta.ca/21-19774,https://media.museums.ualberta.ca/UAAC/bfw/2005/2005_005_552_002_re_s19-12v01.jpg,rank badge,Qing 19th century,gold wrapped silk thread; silk; silk floss; silk satin; embroidery,,unknown,"Qing Period (1644-1911), Fifth Rank Civil Official (Silver Pheasant)

(source: John E. Vollmer & Jacqueline Simcox, ""Emblems of Empire: Selections from the Mactaggart Art Collection,"" (The University of Alberta Press and University of Alberta Museums, Edmonton, Alberta, 2009), p. 74.)",,Gift of Sandy and Cécile Mactaggart
2004.19.71.4,Album Leaf from Landscapes After the Old Masters,https://search.museums.ualberta.ca/21-20428,https://media.museums.ualberta.ca/UAAC/fullres/2004/2004_019_071_004_s21-03v01.jpg,album leaf,Qing 17th century,ink on paper,,Wang Shimin,,,Gift of Sandy and Cécile Mactaggart
2004.19.71.8,Album Leaf from Landscapes After the Old Masters,https://search.museums.ualberta.ca/21-20432,https://media.museums.ualberta.ca/UAAC/fullres/2004/2004_019_071_008_s21-03v01.jpg,album leaf,Qing 17th century,ink on paper,,Wang Shimin,,,Gift of Sandy and Cécile Mactaggart
2005.5.68,Pair of Embroidered Silk Sleeve Bands Mounted as a Panel,https://search.museums.ualberta.ca/21-19290,https://media.museums.ualberta.ca/UAAC/bfw/2005/2005_005_068_s19-12v01.jpg,panel,Qing 19th century,silk; silk brocade; silk floss; silk satin; embroidery,overall: 63 cm x 31.5 cm,unknown,,,Gift of Sandy and Cécile Mactaggart
2004.19.29.2,Box for Monk Meditating in Woods,https://search.museums.ualberta.ca/21-20525,https://media.museums.ualberta.ca/UAAC/bfw/2005/2005_005_068_s19-12v01.jpg,box,Ming 16th century,,overall: 8.4 cm x 8.7 cm x 32.7 cm,unknown,Storage box for handscroll.,,Gift of Sandy and Cécile Mactaggart
2004.19.1.1.12,Album Leaf from Illustrations of Costumes from the Qianlong Court,https://search.museums.ualberta.ca/21-20158,https://media.museums.ualberta.ca/UAAC/fullres/2004/2004_019_001_001_012_s21-03v01.jpg,album leaf,Qing 18th century,ink; silk; paper,sheet: 42.2 cm x 40.8 cm; image: 24.7 cm x 22.1 cm,unknown,"This album leaf is part of a section of the illustrations of costumes from the Qianlong court, Huangchao liqi tushi (“The Regulations for the Ceremonial Paraphernalia of the [Qing] Dynasty”). In total there are 34 folios that depict costumes appropriate for the Empress Dowager or Empress to wear at the imperial court along with short descriptive captions. This is the left leaf of one folio (attached to 2004.19.1.13) and it contains five columns of regular script calligraphy describing the regulations of summer court robe (chaopao), the second style for the empress dowager and empress. The text on this leaf continues from the text on the right side.","襞積 裾後開 緞紗單袷 各惟其時 餘俱如冬朝袍一 皇貴妃同 Translation of the Chinese text: ""[continuing from the right leaf, 2004.19.1.1.13]... and has a slit at the back.The robe can be made of… 

													襞積 裾後開 緞紗單袷 各惟其時 餘俱如冬朝袍一 皇貴妃同 Translation of the Chinese text: ""[continuing from the right leaf, 2004.19.1.1.13]... and has a slit at the back.The robe can be made of satin or gauze and unlined or lined according to the season. The rest of the design is similar to the first style of winter robe. The  first-rank imperial consort will have the same design.""
(Translated and transcribed by Lisa Claypool, Ed., China’s Imperial Modern: The Painter’s Craft, Edmonton, AB: University of Alberta Museums, 2012, p. 104; Modified by Isabel Pi-fen Chueh)
On the reverse of the piece ""(56)"" is handwritten in pencil in the upper right corner. 
Read More +",Gift of Sandy and Cécile Mactaggart
2010.20.1.3.3,"Magnificent Record of the Southern Tours, volume 15, chapters 37-39",https://search.museums.ualberta.ca/21-23693,https://media.museums.ualberta.ca/UAAC/bfw/2010/2010_020_001_003_003_s20-02v01.jpg,book,,"printed woodblock, thread binding",overall: 29.8 cm x 20.5 cm,Gao Jin,"One set of the Yuzhi nanxun shengdian [Magnificent Record of the Southern Tours], edited by Gao Jin et al. Volume 15, Chapter 37-39. Juanchu [Alleviation of suffering]. Woodblock printed, thread binding.",,Gift of Sandy and Cécile Mactaggart
2005.5.88.2,Embroidered Silk Fan Case,https://search.museums.ualberta.ca/21-20909,https://media.museums.ualberta.ca/UAAC/bfw/2005/2005_005_088_002_ve_alt-ex2_s20-02v01.jpg,fan case,Qing 19th century,silk satin; silk floss; embroidery; gold wrapped silk thread; canvas; cardboard; woven cord; silk,overall: 46.5 cm x 6.1 cm x .7 cm,unknown,,,Gift of Sandy and Cécile Mactaggart
2005.5.311,Embroidered Blue Silk Skirt for a Woman,https://search.museums.ualberta.ca/21-19533,https://media.museums.ualberta.ca/UAAC/bfw/2005/2005_005_311_re_d02_s19-12v01.jpg,skirt,Qing 19th century,pale blue figured silk embroidered with silk and edged with black satin,overall: 99.7 cm x 109.2 cm,unknown,,,Gift of Sandy and Cécile Mactaggart
2004.19.68.1.18,Print from the Qianlong Emperor’s Conquests,https://search.museums.ualberta.ca/21-19890,https://media.museums.ualberta.ca/UAAC/fullres/2004/2004_019_068_001_018_s21-03v01.jpg,print,Qing 18th century,silk; paper; ink,overall: 63.2 cm x 112.4 cm; image: 52.3 cm x 92.9 cm,unknown,"A printed calligraphic piece with two square red seals.  This manuscript goes along with engraving .68.1.35. It is number 9, chronologically, in the set of 16 copperplate engravings.",,Gift of Sandy and Cécile Mactaggart
2010.20.2.2,"Mustard Seed Garden Painting Manual, 1st edition, chapter 2",https://search.museums.ualberta.ca/21-23662,https://media.museums.ualberta.ca/UAAC/fullres/2004/2004_019_068_001_018_s21-03v01.jpg,book,Qing 19th century,"printed woodblock, thread binding",overall: 26.1 cm x 18 cm x .9 cm,Wang Gai,"One imprint of the Jieziyuan huazhuan [Mustard Seed Garden Painting Manual], illustrated by Wang Gai. 5 vols, chapter 2. Woodblock printed, thread binding. Later 19th century imprint of original 1679 edition on landscape published by Li Yü in Nanjing.",,Gift of Sandy and Cécile Mactaggart
2004.19.2.23,Album Leaf from Illustrations of Chinese Costumes,https://search.museums.ualberta.ca/21-19997,https://media.museums.ualberta.ca/UAAC/fullres/2004/2004_019_002_023_s21-10v01.jpg,album leaf,Qing 18th century,ink; paper,sheet: 17.2 cm x 28 cm; image: 11.7 cm x 18.6 cm,unknown,"This album leaf is a part of a 48-page album that depicts Chinese subjects participating in various aspects of daily life, including government business, daily life, cultural customs, modes of transportation, and corporal punishment. This leaf contains an ink and watercolour depiction of a man being beheaded by an executioner. The prisoner, kneeling barefoot on the left, is wearing a brown short tunic over pants with his hands behind his back. Next to him is a long narrow sign with writing, likely naming his crimes. The executioner, holding a long sword, is wearing a black jacket over black pants with a brown conical hat.",,Gift of Sandy and Cécile Mactaggart
2004.19.2.34,Album Leaf from Illustrations of Chinese Costumes,https://search.museums.ualberta.ca/21-20045,https://media.museums.ualberta.ca/UAAC/fullres/2004/2004_019_002_034_s21-10v01.jpg,album leaf,Qing 18th century,ink; paper,sheet: 17.2 cm x 28 cm; image: 10.7 cm x 16.1 cm,unknown,"This album leaf is a part of a 48-page album that depicts Chinese subjects participating in various aspects of daily life, including government business, daily life, cultural customs, modes of transportation, and corporal punishment. This leaf contains an ink and watercolour depiction of an intended bride and bridegroom on their first meeting. The bride, left, wears a long robe over a pleated skirt with an elaborate golden headdress, which covers her face. The bridegroom, right, wears a long purple jacket over a blue robe with a red sash and a red conical hat with decorations.",,Gift of Sandy and Cécile Mactaggart
2010.16.1.9,Album Leaf from Album of Landscape Paintings,https://search.museums.ualberta.ca/21-23577,https://media.museums.ualberta.ca/UAAC/ppt/2010/10_016_001_009s01v01.jpg,album leaf,,ink and colour on paper,overall: 49 cm x 32 cm; sheet: 49 cm x 32 cm; image: 42 cm x 23 cm,Pan Gongshou,,,Purchased by Museums and Collections Services
2005.5.3.1,Front of a Wine-Red Cut and Voided Silk Velvet Vest for a Man,https://search.museums.ualberta.ca/21-20944,https://media.museums.ualberta.ca/UAAC/bfw/2005/2005_005_003_001_ve_s19-12v01.jpg,vest,Qing 19th-20th centuries,dark purple-red silk cut velvet,overall: 58.2 cm x 80.1 cm,unknown,,,Gift of Sandy and Cécile Mactaggart
2005.5.81,Embroidered Brown Silk Dragon Robe for a Woman,https://search.museums.ualberta.ca/21-19303,https://media.museums.ualberta.ca/UAAC/fullres/2005/2005_005_081_ve_s21-03v01.jpg,robe,Qing 19th century,brown silk satin embroidered with silk and metal-wrapped threads,overall: 142 cm x 208 cm; neck to hem: 142 cm; cuff to cuff: x 208 cm,unknown,,,Gift of Sandy and Cécile Mactaggart
2005.5.262,Embroidered Red Silk Cloud Collar,https://search.museums.ualberta.ca/21-19484,https://media.museums.ualberta.ca/UAAC/bfw/2005/2005_005_262_ve_s19-12v01.jpg,collar,Qing 19th century,red silk satin embroidered with silk and metal-wrapped threads,overall: 62 cm x 62 cm,unknown,,,Gift of Sandy and Cécile Mactaggart
2004.19.54.2,Box for Landscape After Li Cheng,https://search.museums.ualberta.ca/21-20529,https://media.museums.ualberta.ca/UAAC/bfw/2005/2005_005_262_ve_s19-12v01.jpg,box,Ming 17th century,varnished wood,overall: 9.5 cm x 9.6 cm x 49.2 cm,unknown,Storage box for handscroll.,,Gift of Sandy and Cécile Mactaggart
2004.19.41,Boat,https://search.museums.ualberta.ca/21-19106,https://media.museums.ualberta.ca/UAAC/bfw/2005/2005_005_262_ve_s19-12v01.jpg,hanging scroll,Modern 20th century,ink and colour on paper,sheet: 180.3 cm x 76.5 cm; image: 43.7 cm x 66 cm,Lin Fengmian,A hanging scroll painting of a boat on a river.,Signed by Lin Fengmian and impressed with 1 artist seal.,Gift of Sandy and Cécile Mactaggart
2005.5.561,Front and Back Panels of a Rank Badge for a Fourth Rank Civil Official,https://search.museums.ualberta.ca/21-19783,https://media.museums.ualberta.ca/UAAC/bfw/2005/2005_005_561_002_re_s19-12v01.jpg,rank badge,Qing 19th century,gold wrapped silk thread; linen; silk; ink; tapestry weave,,unknown,"Qing Period (1644-1911), Fourth Rank Civil Official (Wild Goose)

(source: John E. Vollmer & Jacqueline Simcox, ""Emblems of Empire: Selections from the Mactaggart Art Collection,"" (The University of Alberta Press and University of Alberta Museums, Edmonton, Alberta, 2009), p. 74.)",,Gift of Sandy and Cécile Mactaggart
2005.5.497,Red Silk Brocade Hanging,https://search.museums.ualberta.ca/21-19719,https://media.museums.ualberta.ca/UAAC/fullres/2005/2005_005_497_re_s21-03v01.jpg,hanging,Qing 19th century,gold wrapped silk thread; silk; silk brocade; silk jacquard; silk satin,overall: 165.5 cm x 148.6 cm,unknown,,,Gift of Sandy and Cécile Mactaggart
2005.5.466,Black Silk Gauze Jacket,https://search.museums.ualberta.ca/21-19688,https://media.museums.ualberta.ca/UAAC/bfw/2005/2005_005_466_d01_s19-12v01.jpg,jacket,Modern 20th century,black silk gauze with pale purple damask sleeve bands embroidered with silk,overall: 99.6 cm x 41.5 cm,unknown,,,Gift of Sandy and Cécile Mactaggart
2010.20.2.5,"Mustard Seed Garden Painting Manual, 1st edition, chapter 5",https://search.museums.ualberta.ca/21-23665,https://media.museums.ualberta.ca/UAAC/bfw/2005/2005_005_466_d01_s19-12v01.jpg,book,Qing 19th century,"printed woodblock, thread binding",overall: 26.1 cm x 18 cm x .9 cm,Wang Gai,"One imprint of the Jieziyuan huazhuan [Mustard Seed Garden Painting Manual], illustrated by Wang Gai. 5 vols, chapter 5. Woodblock printed, thread binding. Later 19th century imprint of original 1679 edition on landscape published by Li Yü in Nanjing.",,Gift of Sandy and Cécile Mactaggart
2005.5.115,Two sections of embroidered Blue Silk Gauze Yardage for an Woman's Informal Robe,https://search.museums.ualberta.ca/21-19337,https://media.museums.ualberta.ca/UAAC/bfw/2005/2005_005_466_d01_s19-12v01.jpg,yardage,Qing 19th-20th centuries,gold wrapped silk thread; silk gauze; silver wrapped silk thread,,unknown,,,Gift of Sandy and Cécile Mactaggart
2005.5.290,Embroidered Red Wool Panel,https://search.museums.ualberta.ca/21-19512,https://media.museums.ualberta.ca/UAAC/bfw/2005/2005_005_290_s19-12v01.jpg,panel,Qing 19th century,gold wrapped silk thread; silk; silk floss; wool; embroidery; silk jacquard,overall: 65.1 cm x 132.9 cm,unknown,,,Gift of Sandy and Cécile Mactaggart
2005.5.165,Pink Silk Damask Jacket for a Woman,https://search.museums.ualberta.ca/21-19387,https://media.museums.ualberta.ca/UAAC/bfw/2005/2005_005_165_op_s19-12v01.jpg,jacket,Qing 19th century,"pink silk damask edged with silk satin, embroidered with silk and metal-wrapped threads",overall: 55.3 cm x 89.7 cm; neck to hem: 55.3 cm; cuff to cuff: x 89.7 cm,unknown,,,Gift of Sandy and Cécile Mactaggart
2005.5.590.2,Back Panel of a Rank Badge,https://search.museums.ualberta.ca/21-20737,https://media.museums.ualberta.ca/UAAC/bfw/2005/2005_005_590_002_ve_s19-12v01.jpg,rank badge,Qing 19th-20th centuries,silk; silk satin; embroidery; paper,overall: 27.8 cm x 29.6 cm,unknown,"Rank badges, always made in pairs, were placed on the front and back of surcoats in order to communicate their wearer’s rank during the Ming (1368-1644) and Qing dynasties (1644-1911). Different motifs were regulated by the imperial court, including bird motifs used only for civil officials, while beasts were used for military officials. The hierarchy of ranks within these categories was represented by specific birds and beasts. This badge is considered incomplete, as there is no bird or beast in the design. Surrounding the central blank space are clouds set against a dark background, with a scholar’s rock and wave-like pattern at the bottom.",,Gift of Sandy and Cécile Mactaggart
2005.5.50.2,Silk Brocade Panel made from a Fragment of a Dragon Robe,https://search.museums.ualberta.ca/21-20870,https://media.museums.ualberta.ca/UAAC/bfw/2005/2005_005_050_002_s19-12v01.jpg,panel,Qing 19th century,metallic thread; silk; silk jacquard; silk satin,overall: 92.5 cm x 60 cm,unknown,(Dragon faces left; colours slightly more vibrant),,Gift of Sandy and Cécile Mactaggart
2005.5.519,Silk Tapestry Weave Table Frontal,https://search.museums.ualberta.ca/21-19741,https://media.museums.ualberta.ca/UAAC/full/2005/05_005_519s01v01d03.jpg,table frontal,Qing 19th century,gold wrapped silk thread; silk; plexiglas; wood; tapestry weave; linen; tape; metal,overall: 99.7 cm x 85.5 cm,unknown,"A kesi, or tapestry weave, table frontal that depicts two pheasants gazing towards each other on rocks in a peony-filled garden. The pheasant on the right is male, while the left one is female. This typical composition speaks to marriage and romantic relationships. The  pink and purple peonies that surround the birds represent wealth, honour, and good fortune. In the upper portion of the table frontal there are peaches, a crane and the roof of a building. The background and borders are woven with scintillating gold-wrapped thread, which adds luxury to this textile. The border also includes a phoenix and lotus flower motif.",,Gift of Sandy and Cécile Mactaggart
2005.5.500.2,Embroidered Red Silk Fragmentary Panel from a Dragon Robe,https://search.museums.ualberta.ca/21-20816,https://media.museums.ualberta.ca/UAAC/fullres/2005/2005_005_500_002_re_s21-03v01.jpg,panel,Qing 19th century,gold wrapped silk thread; silk; silk floss; silk jacquard; silk satin; silver wrapped silk thread; embroidery,overall: 115.8 cm x 98.5 cm,unknown,,,Gift of Sandy and Cécile Mactaggart
2004.19.71.9,Album Leaf from Landscapes After the Old Masters,https://search.museums.ualberta.ca/21-20433,https://media.museums.ualberta.ca/UAAC/fullres/2004/2004_019_071_009_s21-03v01.jpg,album leaf,Qing 17th century,ink on paper,,Wang Shimin,,,Gift of Sandy and Cécile Mactaggart
2005.5.491,Red Silk Brocade Hanging,https://search.museums.ualberta.ca/21-19713,https://media.museums.ualberta.ca/UAAC/full/2005/05_005_491s01v01.jpg,hanging,Qing 19th century,silk; silk brocade,overall: 206.5 cm x 138 cm,unknown,,,Gift of Sandy and Cécile Mactaggart
2005.5.403.2.1,Actor's Headpiece,https://search.museums.ualberta.ca/21-20976,https://media.museums.ualberta.ca/UAAC/bfw/2005/2005_005_403_002_001_re_s20-02v01.jpg,headpiece,Modern 20th century,metallic thread; silk; silk thread; metal discs; mirrors; stone,overall: 30.5 cm x 17.5 cm,unknown,,,Gift of Sandy and Cécile Mactaggart
2010.16.1.7,Album Leaf from Album of Landscape Paintings,https://search.museums.ualberta.ca/21-23575,https://media.museums.ualberta.ca/UAAC/ppt/2010/10_016_001_007s01v01.jpg,album leaf,,ink and colour on paper,overall: 49 cm x 32 cm; sheet: 49 cm x 32 cm; image: 42 cm x 23 cm,Pan Gongshou,,,Purchased by Museums and Collections Services
2004.19.3.8,Album Leaf from Insects,https://search.museums.ualberta.ca/21-20081,https://media.museums.ualberta.ca/UAAC/fullres/2004/2004_019_003_008_s21-03v01.jpg,album leaf,Qing 18th-19th centuries,ink; paper,sheet: 43.2 cm x 35.4 cm; image: 30.6 cm x 24.2 cm,unknown,A painting of four butterflies and a leafy branch with two white flowers.,,Gift of Sandy and Cécile Mactaggart
2005.5.206,Embroidered Blue Silk Jacket for a Woman,https://search.museums.ualberta.ca/21-19428,https://media.museums.ualberta.ca/UAAC/bfw/2005/2005_005_206_d02_s19-12v01.jpg,jacket,Qing 19th century,"dark blue silk satin embroidered with silk, edged with off-white silk satin facings embroidered with silk, metal-wrapped and peacock feather-wrapped threads",overall: 111 cm x 139 cm,unknown,,,Gift of Sandy and Cécile Mactaggart
2005.5.367,Green Silk Damask Informal Robe for a Woman,https://search.museums.ualberta.ca/21-19589,https://media.museums.ualberta.ca/UAAC/bfw/2005/2005_005_367_d02_s19-12v01.jpg,robe,Qing 19th century,blue-green silk satin damask with black silk and metal-wrapped thread embroidered facings,overall: 138.6 cm x 196 cm; neck to hem: 138.6 cm; cuff to cuff: x 196 cm,unknown,,,Gift of Sandy and Cécile Mactaggart
2005.5.641.1,Framed Front of an Embroidered Silk Vest for a Woman,https://search.museums.ualberta.ca/21-20865,https://media.museums.ualberta.ca/UAAC/bfw/2005/2005_005_641_001_s20-02v01.jpg,vest,Qing 19th century,metallic thread; metallic ribbon; peacock feathers; silk; glass; embroidery; silk satin,overall: 119.2 cm x 78.9 cm,unknown,,,Gift of Sandy and Cécile Mactaggart
2005.5.601.1,Right Side of the Front Panel of a Rank Badge for a Fifth Rank Military Official,https://search.museums.ualberta.ca/21-20742,https://media.museums.ualberta.ca/UAAC/bfw/2005/2005_005_641_001_s20-02v01.jpg,rank badge,Qing 19th century,gold wrapped silk thread; ink; linen; silk; tapestry weave,overall: 28 cm x 14.6 cm,unknown,,,Gift of Sandy and Cécile Mactaggart
2004.19.68.1.1,Print from the Qianlong Emperor’s Conquests,https://search.museums.ualberta.ca/21-19222,https://media.museums.ualberta.ca/UAAC/fullres/2004/2004_019_068_001_001_s21-03v01.jpg,print,Qing 18th century,ink on paper; woodcut,overall: 63.9 cm x 112.4 cm; image: 52.4 cm x 93.3 cm,unknown,"A printed calligraphic piece with two square red seals. This manuscript goes along with engraving .68.1.2. It is number 2, chronologically, in the set of 16 copperplate engravings.",,Gift of Sandy and Cécile Mactaggart
2005.5.380,Two Embroidered Yellow Silk Sleeve Bands,https://search.museums.ualberta.ca/21-19602,https://media.museums.ualberta.ca/UAAC/bfw/2005/2005_005_380_ve_s20-02v01.jpg,sleeve band,Qing 18th century,silk; silk brocade ribbon; silk floss; silk satin; embroidery,,unknown,,,Gift of Sandy and Cécile Mactaggart
2004.19.9.4,Album Leaf from Album of Landscapes,https://search.museums.ualberta.ca/21-20500,https://media.museums.ualberta.ca/UAAC/fullres/2004/2004_019_009_004_s21-10v01.jpg,album leaf,Qing 17th-18th centuries,ink and colour on paper,overall: 3.3 cm x 16.8 cm x 26.6 cm; image: 16 cm x 9.9 cm,Yao Song,,,Gift of Sandy and Cécile Mactaggart
2004.19.14.1,Landscape in Style of Wang Meng,https://search.museums.ualberta.ca/21-20513,https://media.museums.ualberta.ca/UAAC/bfw/2004/2004_019_014_001_d01_s20-02v01.jpg,hanging scroll,Qing 17th century,ink and light colour,sheet: 239.4 cm x 57.5 cm; image: 78 cm x 34.7 cm,Wang Jian,A hanging scroll painting of a mountain landscape in the style of painter Wang Meng.,"Signed Wang Jian, impressed with two seals of the artist, impressed with one collector's seal of Feng Chaoran (1882-1954).",Gift of Sandy and Cécile Mactaggart
2005.5.223,Silk Brocade Hanging,https://search.museums.ualberta.ca/21-19445,https://media.museums.ualberta.ca/UAAC/fullres/2005/2005_005_223_ve_s21-03v01.jpg,hanging,Qing 17th-18th centuries,gold wrapped silk thread; silk brocade,overall: 233.4 cm x 136.4 cm,unknown,,,Gift of Sandy and Cécile Mactaggart
2005.5.607.1.2,Left Side of the Front Panel of a Rank Badge for a Fifth Rank Civil Official,https://search.museums.ualberta.ca/21-20766,https://media.museums.ualberta.ca/UAAC/fullres/2005/2005_005_223_ve_s21-03v01.jpg,rank badge,Qing 19th century,silk floss; silk gauze; silk satin; embroidery,overall: 29 cm x 14.9 cm,unknown,,,Gift of Sandy and Cécile Mactaggart
2005.5.561.1.1,Right Side of the Front Panel of a Rank Badge for a Fourth Rank Civil Official,https://search.museums.ualberta.ca/21-20734,https://media.museums.ualberta.ca/UAAC/fullres/2005/2005_005_223_ve_s21-03v01.jpg,rank badge,Qing 19th century,gold wrapped silk thread; linen; silk; ink; tapestry weave,overall: 29.4 cm x 14.6 cm,unknown,,,Gift of Sandy and Cécile Mactaggart
2005.5.339,Beaded Leather Belt,https://search.museums.ualberta.ca/21-19561,https://media.museums.ualberta.ca/UAAC/bfw/2005/2005_005_339_ve_s20-02v01.jpg,belt,Qing 19th century,leather; glass beads; metal,overall: 84.2 cm x 6.7 cm,unknown,,,Gift of Sandy and Cécile Mactaggart
2005.5.573.2,Silk Shoe for a Woman with Bound Feet,https://search.museums.ualberta.ca/21-20656,https://media.museums.ualberta.ca/UAAC/bfw/2005/2005_005_339_ve_s20-02v01.jpg,shoe,Qing 19th century,linen; silk; embroidery; braid,overall: 9.8 cm x 14 cm,unknown,,,Gift of Sandy and Cécile Mactaggart
2005.5.482,Blue Silk Tapestry Weave Surcoat for an Empress,https://search.museums.ualberta.ca/21-19704,https://media.museums.ualberta.ca/UAAC/bfw/2005/2005_005_482_d02_s19-12v01.jpg,surcoat,Qing 19th century,dark blue silk with silk and metal-wrapped thread tapestry weave roundels and borders,overall: 148.2 cm x 191.5 cm,unknown,,,Gift of Sandy and Cécile Mactaggart
2005.5.337,Winter Hat for a Man with Storage Box,https://search.museums.ualberta.ca/21-19559,https://media.museums.ualberta.ca/UAAC/bfw/2005/2005_005_337_d01_s20-02v01.jpg,hat and box,Qing 19th-20th centuries,,,unknown,,,Gift of Sandy and Cécile Mactaggart
2010.21.10.2,One of a Pair of Marble Carp Fountains,https://search.museums.ualberta.ca/21-24291,https://media.museums.ualberta.ca/UAAC/bfw/2005/2005_005_337_d01_s20-02v01.jpg,sculpture,Modern 20th century,Metal with white marble,,unknown,"One of a pair of fountains, each in the form of a leaping carp spewing water from its open mouth. The base is carved in the shape of stylized waves. The deep golden amber colour of the fountains is likely the result of application of a stain, but might be due to exposure to the weather.",,Gift of Sandy and Cécile Mactaggart
2004.19.73.2,Document from Album of Flowers and Birds,https://search.museums.ualberta.ca/21-20550,https://media.museums.ualberta.ca/UAAC/bfw/2004/2004_019_073_002_s20-02v01.jpg,document,Qing 18th century,paper,12.7 cm x 7.62 cm,Luo Ping,A completely calligraphic letter.,,Gift of Sandy and Cécile Mactaggart
2004.19.57.2,Storage Bag for Landscape,https://search.museums.ualberta.ca/21-20518,https://media.museums.ualberta.ca/UAAC/bfw/2004/2004_019_073_002_s20-02v01.jpg,bag,Qing 17th century,"linen and silk lining, hand-stitched",14.6 cm x 73.0 cm x 4.5 cm,unknown,Storage bag for hanging scroll.,,Gift of Sandy and Cécile Mactaggart
2005.5.575.1.2,Left Side of the Front Panel of a Rank Badge for a Fifth Rank Civil Official,https://search.museums.ualberta.ca/21-20658,https://media.museums.ualberta.ca/UAAC/bfw/2004/2004_019_073_002_s20-02v01.jpg,rank badge,Qing 19th century,ink; tapestry weave; metallic thread; linen; silk,overall: 27.5 cm x 15.2 cm,unknown,,,Gift of Sandy and Cécile Mactaggart
2005.5.502,Embroidered Silk Panel,https://search.museums.ualberta.ca/21-19724,https://media.museums.ualberta.ca/UAAC/bfw/2005/2005_005_502_s19-12v01.jpg,panel,Qing 19th century,gold wrapped silk thread; silk; silk floss; silk jacquard; silk satin; embroidery,overall: 54.7 cm x 100.1 cm,unknown,,,Gift of Sandy and Cécile Mactaggart
2005.5.570.1,Front Panel of a Rank Badge for a Fifth Rank Civil Official,https://search.museums.ualberta.ca/21-20710,https://media.museums.ualberta.ca/UAAC/bfw/2005/2005_005_570_001_ve_s19-12v01.jpg,rank badge,Qing 19th century,gold wrapped silk thread; ink; tapestry weave; linen; silk; silver wrapped silk thread,,unknown,"Qing Period (1644-1911), Fifth Rank Civil Official (Silver Pheasant)

(source: John E. Vollmer & Jacqueline Simcox, ""Emblems of Empire: Selections from the Mactaggart Art Collection,"" (The University of Alberta Press and University of Alberta Museums, Edmonton, Alberta, 2009), p. 74.)",,Gift of Sandy and Cécile Mactaggart
2005.5.153.2,Orange Silk Legging for a Woman,https://search.museums.ualberta.ca/21-20949,https://media.museums.ualberta.ca/UAAC/bfw/2005/2005_005_153_002_re_s19-12v01.jpg,leggings,Qing 19th century,orange silk damask edged with blue and black silk satin borders embroidered with silk and metal-wrapped threads,overall: 74.8 cm x 44.4 cm,unknown,"(bird, facing in)",,Gift of Sandy and Cécile Mactaggart
2004.19.26,Blue-Green Landscape,https://search.museums.ualberta.ca/21-19091,https://media.museums.ualberta.ca/UAAC/fullres/2004/2004_019_026_d02_s21-10v01.jpg,hanging scroll,Ming 15th-17th centuries,ink and colour on silk,sheet: 167.6 cm x 44.8 cm; image: 94.5 cm x 30.2 cm,Wen Zhengming,A hanging scroll painting of a mountain landscape painted in blue green style.,Signed by Zhengming and impressed with 1 seal of the artist.  The scroll is also  impressed with 1 collector's seal.,Gift of Sandy and Cécile Mactaggart
2005.5.380.1,Embroidered Yellow Silk Sleeve Band,https://search.museums.ualberta.ca/21-20839,https://media.museums.ualberta.ca/UAAC/fullres/2004/2004_019_026_d02_s21-10v01.jpg,sleeve band,Qing 18th century,silk; silk brocade ribbon; silk floss; silk satin; embroidery,overall: 100.1 cm x 16.7 cm,unknown,,,Gift of Sandy and Cécile Mactaggart
2005.5.603.1.1,Right Side of the Front Panel of a Rank Badge for a Fifth Rank Military Official,https://search.museums.ualberta.ca/21-20745,https://media.museums.ualberta.ca/UAAC/fullres/2004/2004_019_026_d02_s21-10v01.jpg,rank badge,Qing 19th century,gold wrapped silk thread; linen; peacock feathers; silk; tapestry weave,overall: 28.7 cm x 15.7 cm,unknown,,,Gift of Sandy and Cécile Mactaggart
2005.5.188,Embroidered Red Silk Jacket for a Woman,https://search.museums.ualberta.ca/21-19410,https://media.museums.ualberta.ca/UAAC/bfw/2005/2005_005_188_d01_s19-12v01.jpg,jacket,Qing 19th century,red silk satin embroidered with silk and metal-wrapped threads,overall: 99.1 cm x 163.2 cm; neck to hem: 99.1 cm; cuff to cuff: x 163.2 cm,unknown,,,Gift of Sandy and Cécile Mactaggart
2004.19.79.3,Rocks and Stream in Bamboo Grove,https://search.museums.ualberta.ca/21-20462,https://media.museums.ualberta.ca/UAAC/fullres/2004/2004_019_079_003_m01_alt_edit_s23-01v01.jpg,hanging scroll,Qing 17th century,ink on silk,,Zhu Sheng,,,Gift of Sandy and Cécile Mactaggart
2005.5.348,Red Brocaded Silk Gauze,https://search.museums.ualberta.ca/21-19570,https://media.museums.ualberta.ca/UAAC/bfw/2005/2005_005_348_g05_s20-02v01.jpg,yardage,Qing 19th century,silk gauze; silk brocade,overall: 780 cm x 76.5 cm,unknown,,,Gift of Sandy and Cécile Mactaggart
2005.5.1,Silk Brocade Jacket for a Woman,https://search.museums.ualberta.ca/21-19223,https://media.museums.ualberta.ca/UAAC/bfw/2005/2005_005_001_op_s19-12v01.jpg,jacket,Qing 19th-20th centuries,dark red-purple silk and metal-wrapped thread brocade,overall: 57.5 cm x 141.3 cm; neck to hem: 57.5 cm; cuff to cuff: x 141.3 cm,unknown,,,Gift of Sandy and Cécile Mactaggart
2005.5.230,Four Silk Tapestry Weave Fragmentary Panels,https://search.museums.ualberta.ca/21-19452,https://media.museums.ualberta.ca/UAAC/bfw/2005/2005_005_001_op_s19-12v01.jpg,panel,Qing 17th-18th centuries,gold wrapped silk thread; silk; silk tapestry weave,,unknown,,,Gift of Sandy and Cécile Mactaggart
2004.19.38.22,Album Leaf from Album of Figures,https://search.museums.ualberta.ca/21-20421,https://media.museums.ualberta.ca/UAAC/fullres/2004/2004_019_038_022_s21-10v01.jpg,album leaf,Qing 19th century,ink and colour on paper,,Ren Yi,"This album leaf is one of thirteen inscriptions in Ren Yi’s Album of Figures, featuring a four-line poem with seven characters per line. The poem was written in cursive script by Taixi (1899–1989) and later attached to Ren Yi’s paintings. The text is associated with the imagery on the album leaf attached beneath it (2004.19.38.23).",,Gift of Sandy and Cécile Mactaggart
2005.5.37,Silk Brocade Panel made from a Fragment of a Dragon Robe,https://search.museums.ualberta.ca/21-19259,https://media.museums.ualberta.ca/UAAC/bfw/2005/2005_005_037_s19-12v01.jpg,panel,Qing 19th century,silk brocade; silk satin; silk,overall: 88.2 cm x 50.2 cm,unknown,,,Gift of Sandy and Cécile Mactaggart
2005.5.599.1,Front Panel of a Rank Badge for a Sixth Rank Miiltary Official,https://search.museums.ualberta.ca/21-20750,https://media.museums.ualberta.ca/UAAC/bfw/2005/2005_005_599_001_ve_s19-12v01.jpg,rank badge,Qing 19th century,gold wrapped silk thread; ink; linen; silk; silk floss; silk satin; silver wrapped silk thread; embroidery; tapestry weave,,unknown,"Qing Period (1644-1911), Sixth Rank Military Official (Panther)

(source: John E. Vollmer & Jacqueline Simcox, ""Emblems of Empire: Selections from the Mactaggart Art Collection,"" (The University of Alberta Press and University of Alberta Museums, Edmonton, Alberta, 2009), p. 74.)",,Gift of Sandy and Cécile Mactaggart
2005.5.551.1,Front Panel of a Rank Badge for a Fifth Rank Civil Official,https://search.museums.ualberta.ca/21-20626,https://media.museums.ualberta.ca/UAAC/bfw/2005/2005_005_551_001_ve_s19-12v01.jpg,rank badge,Qing 19th-20th centuries,gold wrapped silk thread; silk; silk brocade; silk floss; embroidery,overall: 29.2 cm x 30.2 cm,unknown,"Qing Period (1644-1911), Fifth Rank Civil Official (Silver Pheasant)

(source: John E. Vollmer & Jacqueline Simcox, ""Emblems of Empire: Selections from the Mactaggart Art Collection,"" (The University of Alberta Press and University of Alberta Museums, Edmonton, Alberta, 2009), p. 74.)",,Gift of Sandy and Cécile Mactaggart
2010.20.1.1.4,"Magnificent Record of the Southern Tours, volume 4, chapters 8 to 10",https://search.museums.ualberta.ca/21-23680,https://media.museums.ualberta.ca/UAAC/bfw/2010/2010_020_001_001_004_s20-02v01.jpg,book,,"printed woodblock, thread binding",overall: 29.9 cm x 18.5 cm x 0.7 cm,Gao Jin,"One volume from the Yuzhi nanxun shengdian [Magnificent Record of the Southern Tours], edited by Gao Jin et al. volume 4, chapters 8 to 10.  Tianzhang [Imperial essays]. Woodblock printed, thread binding.",,Gift of Sandy and Cécile Mactaggart
2005.5.576.1.1,Right Side of the Front Panel of a Rank Badge for an Eighth Rank Civil Official,https://search.museums.ualberta.ca/21-20663,https://media.museums.ualberta.ca/UAAC/bfw/2010/2010_020_001_001_004_s20-02v01.jpg,rank badge,Qing 19th-20th centuries,gold wrapped silk thread; silk; silk floss; silk gauze; silver wrapped silk thread; embroidery,overall: 28.2 cm x 14.8 cm,unknown,,,Gift of Sandy and Cécile Mactaggart
2004.19.71.6,Album Leaf from Landscapes After the Old Masters,https://search.museums.ualberta.ca/21-20430,https://media.museums.ualberta.ca/UAAC/fullres/2004/2004_019_071_006_s21-03v01.jpg,album leaf,Qing 17th century,ink on paper,,Wang Shimin,,,Gift of Sandy and Cécile Mactaggart
2005.5.562.1.1,Right Side of the Front Panel of a Rank Badge for a Fourth Rank Civil Official,https://search.museums.ualberta.ca/21-20719,https://media.museums.ualberta.ca/UAAC/fullres/2004/2004_019_071_006_s21-03v01.jpg,rank badge,Qing 19th century,copper-wrapped silk thread; gold wrapped silk thread; ink; tapestry weave; linen; silk; silver wrapped silk thread,overall: 26.8 cm x 14.4 cm,unknown,,,Gift of Sandy and Cécile Mactaggart
2005.5.387.1,Embroidered Cream Silk Circular Fan,https://search.museums.ualberta.ca/21-21021,https://media.museums.ualberta.ca/UAAC/fullres/2004/2004_019_071_006_s21-03v01.jpg,fan,Qing 19th century,silk; silk brocade; silk floss; silk satin; ivory; embroidery,overall: 40 cm x x .8 cm,unknown,,,Gift of Sandy and Cécile Mactaggart
2005.5.456,Embroidered Red Silk Robe,https://search.museums.ualberta.ca/21-19678,https://media.museums.ualberta.ca/UAAC/bfw/2005/2005_005_456_op_s19-12v01.jpg,robe,Qing 19th century,red silk satin embroidered with silk and metal-wrapped threads,overall: 107.5 cm x 141 cm,unknown,,,Gift of Sandy and Cécile Mactaggart
2005.5.546.2,Back Panel of a Rank Badge for a Third Rank Civil Official,https://search.museums.ualberta.ca/21-20615,https://media.museums.ualberta.ca/UAAC/bfw/2005/2005_005_546_002_ve_s19-12v01.jpg,rank badge,Qing 19th century,gold wrapped silk thread; silk; dye; tapestry weave,overall: 29.7 cm x 30.4 cm,unknown,"Rank badges, always made in pairs, were placed on the front and back of surcoats in order to communicate their wearer’s rank during the Ming (1368-1644) and Qing dynasties (1644-1911). Different motifs were regulated by the imperial court, including bird motifs used only for civil officials, while beasts were used for military officials. The hierarchy of ranks within these categories was represented by specific birds and beasts. 
This rank badge features a peacock, representing a third rank civil official. In the Ming Dynasty, the birds on rank badges were often presented in pairs in an upper and lower position. Later, in the Qing Dynasty, only one bird or beast was seen on rank badges. It is perched on a rock and gazing at a sun disc in the top left corner. The eight Buddhist treasures are scattered throughout the design, including a parasol, endless knot, lotus blossom, victory banner, wheel, vase, carp, and conch shell. This badge is woven in tapestry, with a ground made from gold metal-wrapped thread and details rendered in multi-coloured silk floss. Ink is used for details and outlines.",,Gift of Sandy and Cécile Mactaggart
2004.19.2.44,Album Leaf from Illustrations of Chinese Costumes,https://search.museums.ualberta.ca/21-20055,https://media.museums.ualberta.ca/UAAC/fullres/2004/2004_019_002_044_s21-10v01.jpg,album leaf,Qing 18th century,ink; paper,sheet: 27.7 cm x 16.2 cm; image: 17.6 cm x 13.3 cm,unknown,"This album leaf is a part of a 48-page album that depicts Chinese subjects participating in various aspects of daily life, including government business, daily life, cultural customs, modes of transportation, and corporal punishment. This leaf contains an ink and watercolour painting that is slightly different, stylistically, from other paintings in the album. It depicts a man in military dress mounted on a horse, which has decorated legs. The man holds a long spear and has multiple weapons affixed to his person, including a bow and arrows and swords.",,Gift of Sandy and Cécile Mactaggart
2005.5.623,Green and Orange Velvet Panel,https://search.museums.ualberta.ca/21-19845,https://media.museums.ualberta.ca/UAAC/bfw/2005/2005_005_623_re_s19-12v01.jpg,panel,Qing 19th century,silk cut velvet; silk damask,overall: 29.5 cm x 55.8 cm,unknown,,,Gift of Sandy and Cécile Mactaggart
2004.19.79.9,Rocks and Stream in Bamboo Grove,https://search.museums.ualberta.ca/21-20468,https://media.museums.ualberta.ca/UAAC/fullres/2004/2004_019_079_009_m01_alt_edit_s23-01v01.jpg,hanging scroll,Qing 17th century,ink on silk,,Zhu Sheng,,,Gift of Sandy and Cécile Mactaggart
2005.5.506.2,Silk Tapestry Weave Sleeve Band,https://search.museums.ualberta.ca/21-20804,https://media.museums.ualberta.ca/UAAC/bfw/2005/2005_005_506_002_s19-12v01.jpg,sleeve band,Qing 19th century,ink; silk; silk brocade; silk satin; silk tapestry weave; silk brocade ribbon; adhesive,overall: 65.6 cm x 28.1 cm,unknown,"A silk tapestry weave sleeve band that has been attached to a thick brocade border and lining, possibly to recreate it into a decorative object. This sleeve band mirrors the scene of its partner, which depicts five children - all boys - playing in a garden amongst peonies, peaches, trees, and rocks. The children are dressed in garments that were popular for youth in the Qing Dynasty (1644-1911). A boy near the top of the band holds a conch shell, which is an auspicious Buddhist symbol. Although this band is woven in kesi, details have been added with painted ink, including colour gradients in the flowers and children's clothing. Sleeve bands are the wide decorated cuffs attached to women's robes and jackets, often made and sold separately from the rest of the garment. They became important commercial objects in the Qing Dynasty as they are modular accessories that could be purchased in a market and attached to the garment at home.",,Gift of Sandy and Cécile Mactaggart
2005.5.401,Embroidered Silk Formal Court Robe,https://search.museums.ualberta.ca/21-19623,https://media.museums.ualberta.ca/UAAC/bfw/2005/2005_005_401_ve_s20-02v01.jpg,robe,Qing 19th century,dark blue silk satin embroidered with silk and metal-wrapped threads,overall: 129 cm x 229 cm; neck to hem: 129 cm; cuff to cuff: x 229 cm,unknown,,,Gift of Sandy and Cécile Mactaggart
2005.5.586,Front Panel of a Rank Badge for a Ninth Rank Civil Official,https://search.museums.ualberta.ca/21-19808,https://media.museums.ualberta.ca/UAAC/bfw/2005/2005_005_586_ve_s19-12v01.jpg,rank badge,Qing 19th-20th centuries,silk brocade,overall: 29.8 cm x 30.4 cm,unknown,"Qing Period (1644-1911), Ninth Rank Civil Official (Paradise Flycatcher)

(source: John E. Vollmer & Jacqueline Simcox, ""Emblems of Empire: Selections from the Mactaggart Art Collection,"" (The University of Alberta Press and University of Alberta Museums, Edmonton, Alberta, 2009), p. 74.)",,Gift of Sandy and Cécile Mactaggart
2004.19.1,Illustrations of Costumes from the Qianlong Court,https://search.museums.ualberta.ca/21-19066,https://media.museums.ualberta.ca/UAAC/full/2004/19-1-3_1.jpg,album set,Qing 18th century,ink and colour on silk,overall: 7.4 cm x 44.1 cm x 45.2 cm,Huang Dao; Men Yingzhao; Jiang Renshu,"This album of 34 folios, created during the Qing Dynasty, depicts costumes appropriate for the Empress Dowager or Empress to wear at the imperial court along with short descriptive captions. It contains 67 leaves consisting of 36 finely detailed colour paintings, 27 pages of descriptive text written on silk, and two double-width leaves bearing official court seals. According to the seals, the album was once in the Yuanming Yuan collection owned by the Qianlong Emperor (1711-1799).
These album leaves are part of a section of the illustrations of costumes from the Qianlong court, Huangchao liqi tushi (“The Regulations for the Ceremonial Paraphernalia of the [Qing] Dynasty”). Qianlong Emperor commissioned Prince Yunlu (1695-1767) to lead the editorial team, including scholar-officials and painters, in compiling the final regulations, which were published in 1759. Aside from costumes, Huangchao liqi tushi also includes descriptive texts and colourful illustrations of the instruments and devices used in imperial rituals.","Chinese calligraphy in black ink on each page identifies the user and the objects' function. Rules and regulations pertaining to its design and materials used in fabrication are written on the left-hand side leaf or…												

													Chinese calligraphy in black ink on each page identifies the user and the objects' function. Rules and regulations pertaining to its design and materials used in fabrication are written on the left-hand side leaf or on a seperate album leaf next to the relevant paintings. Two leaves bear a small oval seal of the Summer Palace in Peking, another bears a small oval seal inscribed 'Treasure examined by Qianlong'. It is also inscribed by Sir Thomas Phillips HMC in pencil and labeled 18054. The storage box is inscribed with a gilt label.												
Read More +",Gift of Sandy and Cécile Mactaggart
2005.5.531,Embroidered Silk Fragmentary Panel from a Dragon Robe,https://search.museums.ualberta.ca/21-19753,https://media.museums.ualberta.ca/UAAC/fullres/2005/2005_005_531_re_s21-03v01.jpg,panel,Qing 19th century,embroidery; gold wrapped silk thread; silk; silk damask; silk floss; silk twist; silk jacquard; silk satin; silver wrapped silk thread,overall: 113.7 cm x 107 cm,unknown,,,Gift of Sandy and Cécile Mactaggart
2005.5.535,Embroidered Silk Fragmentary Panel,https://search.museums.ualberta.ca/21-19757,https://media.museums.ualberta.ca/UAAC/fullres/2005/2005_005_535_re_s23-01v01.jpg,panel,Qing 19th-20th centuries,gold wrapped silk thread; silk; silk brocade; silk floss; silk satin; embroidery,overall: 107.1 cm x 85 cm,unknown,,,Gift of Sandy and Cécile Mactaggart
2005.5.601.2,Left Side of the Front Panel of a Rank Badge for a Fifth Rank Military Official,https://search.museums.ualberta.ca/21-20743,https://media.museums.ualberta.ca/UAAC/fullres/2005/2005_005_535_re_s23-01v01.jpg,rank badge,Qing 19th century,gold wrapped silk thread; ink; linen; silk; tapestry weave,overall: 28.6 cm x 14.5 cm,unknown,,,Gift of Sandy and Cécile Mactaggart
2004.19.85.3.1,Base from Inner Box for Green Bamboo and Old Trees,https://search.museums.ualberta.ca/21-20566,https://media.museums.ualberta.ca/UAAC/fullres/2005/2005_005_535_re_s23-01v01.jpg,"box, base",Qing 17th century,wood,,unknown,Base from inner storage box for handscroll.,,Gift of Sandy and Cécile Mactaggart
2005.5.567.2,Left Side of the Front Panel of a Rank Badge for a Fifth Rank Civil Official,https://search.museums.ualberta.ca/21-20733,https://media.museums.ualberta.ca/UAAC/fullres/2005/2005_005_535_re_s23-01v01.jpg,rank badge,Qing 19th-20th centuries,gold wrapped silk thread; silk floss; silk satin; silver wrapped silk thread; embroidery,overall: 28.8 cm x 14.5 cm,unknown,,,Gift of Sandy and Cécile Mactaggart
2005.5.557.2,Back Panel of a Rank Badge for a Fifth Rank Military Official,https://search.museums.ualberta.ca/21-20639,https://media.museums.ualberta.ca/UAAC/fullres/2005/2005_005_557_002_ve_s23-03v01.jpg,rank badge,Qing 19th century,gold wrapped silk thread; silk; silk floss; silk satin; embroidery,overall: 30.9 cm x 30 cm,unknown,"Rank badges, always made in pairs, were placed on the front and back of surcoats in order to communicate their wearer’s rank during the Ming (1368-1644) and Qing dynasties (1644-1911). Different motifs were regulated by the imperial court, including bird motifs used only for civil officials while beasts were used for military officials. The hierarchy of ranks within these categories was represented by specific birds and beasts. This pair of rank badges features a bear embroidered in gold metal-wrapped and multicoloured silk floss, which represents a fifth rank military official. Bears and lions are often confused on rank badges, as the bear has a mane and tail that appears similar to a lion's. However, a bear's tail curls only at the base, whereas a lion's tail curls at the base and tip. A lion also has a curly mane, while a bear's mane hangs in straight tendrils. 
The front badge is made into two separate panels to accommodate the front opening of a surcoat, while the back badge is made in one piece. The patterns on the front and back badges are identical. The sun on the right side of these badges indicates that the wearer was female, likely the spouse of a military official. The bear, positioned at the center of the badge, is surrounded by flames, clouds, rocks, and standing water waves. A flaming wheel, a Buddhist symbol, can be seen amongst the waves with other obscured treasures. There are bats throughout the sky, which are a symbol of good luck. Many flowers are embroidered in the background, including peonies. Gold metal-wrapped threads outline auspicious symbols and also make up the geometric border design.",,Gift of Sandy and Cécile Mactaggart
2005.5.584.2,Left Side of the Front Panel of a Rank Badge for a Seventh Rank Civil Official,https://search.museums.ualberta.ca/21-20678,https://media.museums.ualberta.ca/UAAC/fullres/2005/2005_005_557_002_ve_s23-03v01.jpg,rank badge,Qing 19th century,gold wrapped silk thread; linen; silk; paper; tapestry weave,,unknown,,,Gift of Sandy and Cécile Mactaggart
2005.5.202,Embroidered Green Silk Hanging with a Floral Design,https://search.museums.ualberta.ca/21-19424,https://media.museums.ualberta.ca/UAAC/fullres/2005/2005_005_202_ve_s21-03v01.jpg,hanging,Qing 19th century,silk floss; silk twill; embroidery,overall: 237 cm x 154 cm,unknown,,,Gift of Sandy and Cécile Mactaggart
2005.5.449,Embroidered Silk Collar for a Woman,https://search.museums.ualberta.ca/21-19671,https://media.museums.ualberta.ca/UAAC/bfw/2005/2005_005_449_ve_s19-12v01.jpg,collar,Qing 19th century,"off-white, orange and yellow silk embroidered with silk and metal-wrapped threads",overall: 66 cm x 68 cm,unknown,,,Gift of Sandy and Cécile Mactaggart
2005.5.612,Right Side of the Front Panel of a Rank Badge,https://search.museums.ualberta.ca/21-19834,https://media.museums.ualberta.ca/UAAC/bfw/2005/2005_005_612_ve_s19-12v01.jpg,rank badge,Qing 19th century,ink; linen; silk satin; silk twist; tapestry weave,overall: 28.4 cm x 15.3 cm,unknown,,,Gift of Sandy and Cécile Mactaggart
2005.5.641.2,Framed Back of an Embroidered Silk Vest for a Woman,https://search.museums.ualberta.ca/21-20866,https://media.museums.ualberta.ca/UAAC/bfw/2005/2005_005_641_002_s20-02v01.jpg,vest,Qing 19th century,metallic thread; metallic ribbon; peacock feathers; silk; glass; embroidery; silk satin,overall: 119.2 cm x 78.6 cm,unknown,,,Gift of Sandy and Cécile Mactaggart
2004.19.68.1.20,Print from the Qianlong Emperor’s Conquests,https://search.museums.ualberta.ca/21-19892,https://media.museums.ualberta.ca/UAAC/fullres/2004/2004_019_068_001_020_s21-03v01.jpg,print,Qing 18th century,silk; paper; ink,overall: 63.1 cm x 112.4 cm; image: 52.4 cm x 93 cm,unknown,"A printed calligraphic piece with two square red seals.  This manuscript goes along with engraving .68.1.31. It is number 3, chronologically, in the set of 16 copperplate engravings.",,Gift of Sandy and Cécile Mactaggart
2004.19.54.2.2,Lid of Box for Landscape After Li Cheng,https://search.museums.ualberta.ca/21-20531,https://media.museums.ualberta.ca/UAAC/fullres/2004/2004_019_068_001_020_s21-03v01.jpg,"box, lid",Ming 17th century,varnished wood,9.5 cm x 9.6 cm x 49.2 cm,unknown,Lid of storage box for handscroll.,,Gift of Sandy and Cécile Mactaggart
2005.5.73,Blue Silk Semi Formal Robe for a Man,https://search.museums.ualberta.ca/21-19295,https://media.museums.ualberta.ca/UAAC/fullres/2005/2005_005_073_ve_s21-03v01.jpg,robe,Qing 19th century,blue silk twill embroidered with metal-wrapped threads and silk,overall: 138.6 cm x 196 cm; neck to hem: 138.6 cm; cuff to cuff: x 196 cm,unknown,,,Gift of Sandy and Cécile Mactaggart
2004.19.38.24,Album Leaf from Album of Figures,https://search.museums.ualberta.ca/21-20423,https://media.museums.ualberta.ca/UAAC/fullres/2004/2004_019_038_024_s21-10v01.jpg,album leaf,Qing 19th century,ink and colour on paper,,Ren Yi,"This album leaf is one of thirteen inscriptions in Ren Yi’s Album of Figures, featuring a four-line poem with seven characters per line. The poem was written in cursive script by Taixi (1899–1989) and later attached to Ren Yi’s paintings. The text is associated with the imagery on the album leaf attached beneath it (2004.19.38.25).",,Gift of Sandy and Cécile Mactaggart
2005.5.602.1.1,Right Side of the Front Panel of a Rank Badge for a Fifth Rank Military Official,https://search.museums.ualberta.ca/21-20739,https://media.museums.ualberta.ca/UAAC/fullres/2004/2004_019_038_024_s21-10v01.jpg,rank badge,Qing 19th century,gold wrapped silk thread; ink; linen; peacock feathers; silk; silver wrapped silk thread; tapestry weave,overall: 27.1 cm x 15.8 cm,unknown,,,Gift of Sandy and Cécile Mactaggart
2004.19.3.26,Album Leaf from Insects,https://search.museums.ualberta.ca/21-20113,https://media.museums.ualberta.ca/UAAC/fullres/2004/2004_019_003_026_s21-03v01.jpg,album leaf,Qing 18th-19th centuries,ink; paper,sheet: 35.4 cm x 43.1 cm; image: 21.6 cm x 20.4 cm,unknown,A painting of two butteflies and two other insects.,,Gift of Sandy and Cécile Mactaggart
2004.19.9.13,Album Leaf from Album of Landscapes,https://search.museums.ualberta.ca/21-20510,https://media.museums.ualberta.ca/UAAC/fullres/2004/2004_019_009_013_s21-10v01.jpg,album leaf,Qing 17th-18th centuries,ink and colour on paper,overall: 3.3 cm x 16.8 cm x 26.6 cm; image: 16 cm x 9.9 cm,Yao Song,,,Gift of Sandy and Cécile Mactaggart
2004.19.2.3,Album Leaf from Illustrations of Chinese Costumes,https://search.museums.ualberta.ca/21-19947,https://media.museums.ualberta.ca/UAAC/fullres/2004/2004_019_002_003_s21-10v01.jpg,album leaf,Qing 18th century,ink; paper,sheet: 17.2 cm x 28.1 cm; image: 11.4 cm x 18.1 cm,unknown,"This album leaf is a part of a 48-page album that depicts Chinese subjects participating in various aspects of daily life, including government business, daily life, cultural customs, modes of transportation, and corporal punishment. This leaf features an ink and watercolour drawing of two Manchu soldiers in dynamic poses with weapons. Both figures are wearing typical Qing Dynasty hats and plain, belted robes with black boots. The left figure practises with a large yuanyuedao or “reclining moon blade”. The figure on the right is taking aim at an unseen target with a bow and arrow.",,Gift of Sandy and Cécile Mactaggart
2005.5.576,Front and Back Panels of a Rank Badge for an Eighth Rank Civil Official,https://search.museums.ualberta.ca/21-19798,https://media.museums.ualberta.ca/UAAC/bfw/2005/2005_005_576_002_re_s19-12v01.jpg,rank badge,Qing 19th-20th centuries,gold wrapped silk thread; silk; silk floss; silk gauze; silver wrapped silk thread; embroidery,,unknown,,,Gift of Sandy and Cécile Mactaggart
2004.19.24,Landscape After Wang Meng,https://search.museums.ualberta.ca/21-19089,https://media.museums.ualberta.ca/UAAC/fullres/2004/2004_019_024_d01_s22-02v01.jpg,hanging scroll,Qing 18th century,ink on paper,sheet: 237.5 cm x 67.5 cm; image: 126.7 cm x 51.7 cm,Wang Yu,A hanging scroll painting of a mountain landscape painted in the style of Wang Meng.,Signed by Dongzhuang Yu and impressed with 3 seals of the artist.  The scroll is also impressed with 5 collector's seals.,Gift of Sandy and Cécile Mactaggart
2005.5.294.2,Silk Fragmentary Panel from a Woman's Informal Robe,https://search.museums.ualberta.ca/21-20852,https://media.museums.ualberta.ca/UAAC/bfw/2005/2005_005_294_002_s19-12v01.jpg,panel,Qing 19th century,silk; silk floss; silk jacquard; silk satin; embroidery,overall: 102.3 cm x 44 cm,unknown,,,Gift of Sandy and Cécile Mactaggart
2005.5.346,Front and Back Panels of Rank Badges for a Seventh Rank Civil Official,https://search.museums.ualberta.ca/21-19568,https://media.museums.ualberta.ca/UAAC/bfw/2005/2005_005_346_002_re_s19-12v01.jpg,rank badge,Qing 17th century,gold wrapped silk thread; silk floss; silk satin; peacock feathers; embroidery; glass; wood,overall: 44.2 cm x 90 cm x 1.7 cm,unknown,"Rank badges, always made in pairs, were placed on the front and back of surcoats in order to communicate their wearer’s rank during the Ming (1368-1644) and Qing dynasties (1644-1911). Different motifs were regulated by the imperial court, including bird motifs used only for civil officials, while beasts were used for military officials. The hierarchy of ranks within these categories was represented by specific birds and beasts. 
This rank badge displays a mandarin duck, representing a seventh rank civil official. In the Ming Dynasty, the birds on rank badges were often presented in pairs in an upper and lower position. Later, in the Qing Dynasty, only one bird or beast was seen on rank badges. Early Qing badges used gold-wrapped thread embroidered in dense rows, carefully outlining each motif until the background was completely filled. The bird is perched on a scholar's rock, which is a particularly-shaped rock appreciated by the literati and found in Chinese gardens. The rock is stitched with peacock-feather twisted thread.",,Gift of Sandy and Cécile Mactaggart
2005.5.18,Blue Silk Tapestry Informal Robe for a Woman,https://search.museums.ualberta.ca/21-19240,https://media.museums.ualberta.ca/UAAC/bfw/2005/2005_005_018_ve_s20-02v01.jpg,robe,Qing 19th-20th centuries,blue silk and metal-wrapped thread tapestry weave edged with brown silk and metal-wrapped thread tapestry weave,overall: 141 cm x 130.8 cm; neck to hem: 141 cm; cuff to cuff: x 130.8 cm,unknown,,,Gift of Sandy and Cécile Mactaggart
2005.5.126,Embroidered Gold Silk Tapestry Weave Panel with a Machine made Brocade Border,https://search.museums.ualberta.ca/21-19348,https://media.museums.ualberta.ca/UAAC/bfw/2005/2005_005_126_s19-12v01.jpg,panel,Qing 19th-20th centuries,gold wrapped silk thread; silk; silk brocade; silk satin; silk tapestry weave,overall: 165.5 cm x 63 cm,unknown,,,Gift of Sandy and Cécile Mactaggart
2005.5.560.1.2,Left Side of the Front Panel of a Rank Badge for a Fourth Rank Civil Official,https://search.museums.ualberta.ca/21-20646,https://media.museums.ualberta.ca/UAAC/bfw/2005/2005_005_126_s19-12v01.jpg,rank badge,Qing 19th century,linen; silk,overall: 29.7 cm x 15.6 cm,unknown,,,Gift of Sandy and Cécile Mactaggart
2005.5.326,Maroon Silk Brocade Dragon Robe for a Man,https://search.museums.ualberta.ca/21-19548,https://media.museums.ualberta.ca/UAAC/bfw/2005/2005_005_326_op_s19-12v01.jpg,robe,Qing 20th century,silk twill brocaded with silk and metal-wrapped threads,overall: 135.5 cm x 215.6 cm; neck to hem: 135.5 cm; cuff to cuff: x 215.6 cm,unknown,,,Gift of Sandy and Cécile Mactaggart
2010.20.1.5,"Magnificent Record of the Southern Tours, volumes 25-30, chapters 60-75",https://search.museums.ualberta.ca/21-23672,https://media.museums.ualberta.ca/UAAC/bfw/2010/2010_020_001_005_d01_s20-02v01.jpg,book,,"printed woodblock, thread binding",overall: 29.8 cm x 20.5 cm,Gao Jin,"One set of the Yuzhi nanxun shengdian [Magnificent Record of the Southern Tours], edited by Gao Jin et al. Volumes 25-30, Chapters 60-75. Woodblock printed, thread binding.",,Gift of Sandy and Cécile Mactaggart
2005.5.559.1.1,Right Side of the Front Panel of a Rank Badge for a Fourth Rank Military Official,https://search.museums.ualberta.ca/21-20671,https://media.museums.ualberta.ca/UAAC/bfw/2010/2010_020_001_005_d01_s20-02v01.jpg,rank badge,Qing 19th-20th centuries,gold wrapped silk thread; silk; silk satin; silver wrapped silk thread; embroidery,overall: 29.9 cm x 15.2 cm,unknown,,,Gift of Sandy and Cécile Mactaggart
2005.5.389,Embroidered Yellow Silk Imperial Throne Cover,https://search.museums.ualberta.ca/21-19611,https://media.museums.ualberta.ca/UAAC/bfw/2005/2005_005_389_s20-02v01.jpg,throne cover,Qing 18th century,silk; silk floss; silk satin; plexiglas; embroidery,overall: 148 cm x 188.5 cm,unknown,,,Gift of Sandy and Cécile Mactaggart
2005.5.140,Pair of Silk Tapestry Weave Chair Covers and Matching Table Frontal,https://search.museums.ualberta.ca/21-19362,https://media.museums.ualberta.ca/UAAC/bfw/2005/2005_005_389_s20-02v01.jpg,chair covers and table frontal,Qing 20th century,cotton; gold wrapped silk thread; peacock feathers; silk; silk twist; tapestry weave,,unknown,,,Gift of Sandy and Cécile Mactaggart
2005.5.589,Front Panel of a Rank Badge for a Ninth Rank Civil Official,https://search.museums.ualberta.ca/21-19811,https://media.museums.ualberta.ca/UAAC/bfw/2005/2005_005_589_ve_s19-12v01.jpg,rank badge,Qing 19th century,gold wrapped silk thread; ink; linen; silk; paper; adhesive tape; tapestry weave,overall: 31.4 cm x 33.4 cm,unknown,"Qing Period (1644-1911), Ninth Rank Civil Official (Paradise Flycatcher)

(source: John E. Vollmer & Jacqueline Simcox, ""Emblems of Empire: Selections from the Mactaggart Art Collection,"" (The University of Alberta Press and University of Alberta Museums, Edmonton, Alberta, 2009), p. 74.)",,Gift of Sandy and Cécile Mactaggart
2005.5.176,Embroidered Blue Silk Dragon Robe for a Man,https://search.museums.ualberta.ca/21-19398,https://media.museums.ualberta.ca/UAAC/fullres/2005/2005_005_176_ve_s21-03v01.jpg,robe,Qing 19th century,blue silk satin embroidered with silk and metal-wrapped threads,overall: 136.3 cm x 218.5 cm; neck to hem: 136.3 cm; cuff to cuff: x 218.5 cm,unknown,,,Gift of Sandy and Cécile Mactaggart
2005.5.562,Front and Back Panels of a Rank Badge for a Fourth Rank Civil Official,https://search.museums.ualberta.ca/21-19784,https://media.museums.ualberta.ca/UAAC/bfw/2005/2005_005_562_002_re_s19-12v01.jpg,rank badge,Qing 19th century,copper-wrapped silk thread; gold wrapped silk thread; ink; linen; silk; silver wrapped silk thread; tapestry weave,,unknown,"Qing Period (1644-1911), Fourth Rank Civil Official (Wild Goose)

(source: John E. Vollmer & Jacqueline Simcox, ""Emblems of Empire: Selections from the Mactaggart Art Collection,"" (The University of Alberta Press and University of Alberta Museums, Edmonton, Alberta, 2009), p. 74.)",,Gift of Sandy and Cécile Mactaggart
2004.19.1.1.40,Album Leaf from Illustrations of Costumes from the Qianlong Court,https://search.museums.ualberta.ca/21-20248,https://media.museums.ualberta.ca/UAAC/fullres/2004/2004_019_001_001_040_s21-03v01.jpg,album leaf,Qing 18th century,ink; silk; paper,sheet: 42.2 cm x 40.8 cm; image: 27.2 cm x 24.4 cm,unknown,"This album leaf is part of a section of the illustrations of costumes from the Qianlong court, Huangchao liqi tushi (“The Regulations for the Ceremonial Paraphernalia of the [Qing] Dynasty”). In total there are 34 folios that depict costumes appropriate for the Empress Dowager or Empress to wear at the imperial court along with short descriptive captions. This is the left leaf of one folio (attached to 2004.19.1.41) depicting the back of a vest. There is a paper label attached to the bottom centre of the piece that reads ""Summer Court Dresses/Sea Dragon on red silk"". This painting is nearly identical to another leaf found in the album, 2004.19.1.1.38.","Handwritten in pencil on a small piece of paper pasted onto the silk, bottom center: ""Summer Court Dresses/Sea Dragon on red silk.""  
On the reverse of the piece ""(28)"" is handwritten in pencil on the upper right corner. 

Handwritten in pencil on a small piece of paper pasted onto the silk, bottom center: ""Summer Court Dresses/Sea Dragon on red silk.""  
On the reverse of the piece ""(28)"" is handwritten in pencil on the upper right corner. 
Read More +",Gift of Sandy and Cécile Mactaggart
2004.19.38.8,Album Leaf from Album of Figures,https://search.museums.ualberta.ca/21-20407,https://media.museums.ualberta.ca/UAAC/fullres/2004/2004_019_038_008_s21-10v01.jpg,album leaf,Qing 19th century,ink and colour on paper,,Ren Yi,"This album leaf is one of thirteen inscriptions in Ren Yi’s Album of Figures, featuring a four-line poem with seven characters per line. The poem was written in cursive script by Taixi (1899–1989) and later attached to Ren Yi’s paintings. The text is associated with the imagery on the album leaf attached beneath it (2004.19.38.9).",,Gift of Sandy and Cécile Mactaggart
2005.5.416,Peacock Feather for a Mandarin's Hat with Silk Covered Holder,https://search.museums.ualberta.ca/21-19638,https://media.museums.ualberta.ca/UAAC/bfw/2005/2005_005_416_s20-02v01.jpg,peacock feather and holder,Qing 19th century,brass; paper; silk; wood; embroidery; peacock feather; silk satin,,unknown,,,Gift of Sandy and Cécile Mactaggart
2004.19.85.4.2,Lid of Outer Box for Green Bamboo and Old Trees,https://search.museums.ualberta.ca/21-20570,https://media.museums.ualberta.ca/UAAC/bfw/2005/2005_005_416_s20-02v01.jpg,"box, lid",Qing 17th century,wood,,unknown,Lid of outer storage box for handscroll.,,Gift of Sandy and Cécile Mactaggart
2004.19.68.1.9,Print from the Qianlong Emperor’s Conquests,https://search.museums.ualberta.ca/21-19878,https://media.museums.ualberta.ca/UAAC/fullres/2004/2004_019_068_001_009_s21-03v01.jpg,print,Qing 18th century,silk; paper; ink,overall: 63.3 cm x 112.6 cm; image: 52.6 cm x 93.2 cm,unknown,"A printed calligraphic piece with two square red seals.  This manuscript goes along with engraving.68.1.24. It is number 15, chronologically, in the set of 16 copperplate engravings.",,Gift of Sandy and Cécile Mactaggart
2005.5.537.2,Silk Tapestry Weave Panel,https://search.museums.ualberta.ca/21-20827,https://media.museums.ualberta.ca/UAAC/bfw/2005/2005_005_537_002_s19-12v01.jpg,panel,Qing 20th century,gold wrapped silk thread; peacock feathers; silk; silk brocade; tapestry weave,overall: 68.8 cm x 50.2 cm,unknown,"Silk tapestry weave panel with fragment of a five-clawed dragon trimmed with brocade fabric and lined with plain silk. The dragon is green with peacock-feather threads and surrounded by clouds, flaming pearl, and waves. Gold metal-wrapped threads outline dragon, clouds, and waves.",,Gift of Sandy and Cécile Mactaggart
2005.5.621.6.2.1,Boot,https://search.museums.ualberta.ca/21-21049,https://media.museums.ualberta.ca/UAAC/bfw/2005/2005_005_537_002_s19-12v01.jpg,boot,Qing 19th century,cotton; silk; leather; ink,overall: 45.2 cm x 10 cm x 28.6 cm,unknown,,,Gift of Sandy and Cécile Mactaggart
2004.19.31,Hanging Scroll and Storage Bag for Orchids,https://search.museums.ualberta.ca/21-19096,https://media.museums.ualberta.ca/UAAC/bfw/2005/2005_005_347_002_ve_s19-12v01.jpg,hanging scroll set,Qing 17th-18th centuries,ink on paper,sheet: 243.2 cm x 61 cm; image: 148.3 cm x 46.5 cm,Zheng Xie,A hanging scroll painting with storage bag.,,Gift of Sandy and Cécile Mactaggart
2004.19.79.4,Rocks and Stream in Bamboo Grove,https://search.museums.ualberta.ca/21-20463,https://media.museums.ualberta.ca/UAAC/fullres/2004/2004_019_079_004_m01_alt_edit_s23-01v01.jpg,hanging scroll,Qing 17th century,ink on silk,,Zhu Sheng,,,Gift of Sandy and Cécile Mactaggart
2005.5.85,Yellow and Cream Embroidered Silk Belt Purse,https://search.museums.ualberta.ca/21-19307,https://media.museums.ualberta.ca/UAAC/bfw/2005/2005_005_085_ve_s20-02v01.jpg,purse,Qing 19th century,gold wrapped silk thread; linen; silk floss; silk satin; cardboard; embroidery,overall: 27.3 cm x 8.6 cm x .5 cm,unknown,"Blue silk satin purse with yellow and cream embroidered panels. Both sides of the purse feature a praying mantis, rendered in delicate, multicoloured chain stitching. Surrounding the praying mantis are multicoloured floral motifs and flowering gourds, hu lu, which have a homophonous pronunciation of “happiness” and “wealth” in Mandarin. This type of purse is a da lian, or money purse, and it would have been attached to a belt worn around a man's waist. As mens garments did not have pockets, they kept all of their everyday essentials, including fan cases, spectacle cases, tobacco pouch, watch purse, brush holder, and a case for visiting cards on these belts. The praying mantis, tang lang, relates to a house full of treasures and represents wealth or fortune.",,Gift of Sandy and Cécile Mactaggart
2004.19.79.6,Rocks and Stream in Bamboo Grove,https://search.museums.ualberta.ca/21-20465,https://media.museums.ualberta.ca/UAAC/fullres/2004/2004_019_079_006_m01_alt_edit_s23-01v01.jpg,hanging scroll,Qing 17th century,ink on silk,,Zhu Sheng,,,Gift of Sandy and Cécile Mactaggart
2005.5.572.2,Back Panel of a Rank Badge for a Fifth Rank Civil Official,https://search.museums.ualberta.ca/21-20654,https://media.museums.ualberta.ca/UAAC/bfw/2005/2005_005_572_002_ve_s19-12v01.jpg,rank badge,Qing 19th century,copper-wrapped silk thread; gold wrapped silk thread; ink; tapestry weave; linen; silk; silver wrapped silk thread,overall: 28.6 cm x 29.8 cm,unknown,"Qing Period (1644-1911), Fifth Rank Civil Official (Silver Pheasant)

(source: John E. Vollmer & Jacqueline Simcox, ""Emblems of Empire: Selections from the Mactaggart Art Collection,"" (The University of Alberta Press and University of Alberta Museums, Edmonton, Alberta, 2009), p. 74.)",,Gift of Sandy and Cécile Mactaggart
2010.20.1.6.6,"Magnificent Record of the Southern Tours, volume 36, chapters 92-93",https://search.museums.ualberta.ca/21-23714,https://media.museums.ualberta.ca/UAAC/bfw/2010/2010_020_001_006_006_s20-02v01.jpg,book,,"printed woodblock, thread binding",overall: 29.8 cm x 20.5 cm,Gao Jin,"One set of the Yuzhi nanxun shengdian [Magnificent Record of the Southern Tours], edited by Gao Jin et al. Volume 36, Chapter 92-93. Chengtu [Imperial highways]. Woodblock printed, thread binding.",,Gift of Sandy and Cécile Mactaggart
2004.19.1.1.48,Album Leaf from Illustrations of Costumes from the Qianlong Court,https://search.museums.ualberta.ca/21-20257,https://media.museums.ualberta.ca/UAAC/fullres/2004/2004_019_001_001_048_s21-03v01.jpg,album leaf,Qing 18th century,ink; silk; paper,sheet: 42.2 cm x 40.8 cm; image: 26 cm x 26.2 cm,unknown,"This album leaf is part of a section of the illustrations of costumes from the Qianlong court, Huangchao liqi tushi (“The Regulations for the Ceremonial Paraphernalia of the [Qing] Dynasty”). In total there are 34 folios that depict costumes appropriate for the Empress Dowager or Empress to wear at the imperial court along with short descriptive captions. This is the left leaf of one folio (attached to 2004.19.1.49) and it contains six columns of regular script calligraphy describing the regulations for a court vest (chaogua), the first style, for the empress dowager and empress. The text on this leaf continues from the attached right leaf.","四層相間 上為正龍各四 下為萬福萬壽 領後垂明黃縧 其飾珠寶惟宜 皇貴妃 皇太子妃皆同 Translation of the Chinese text: ""[continuing from the right leaf, 2004.19.1.1.49]... [Below the… 

													四層相間 上為正龍各四 下為萬福萬壽 領後垂明黃縧 其飾珠寶惟宜 皇貴妃 皇太子妃皆同 Translation of the Chinese text: ""[continuing from the right leaf, 2004.19.1.1.49]... [Below the top part of the vest]There are four layer intervals, including two upper layers with four front-fancing dragons across the bands and inserted layers with characters ornaments of ""wanfu and wanshou"", meaning ten thousand times [multiple] of good fortune and longivity. The back of the collar attaches a hanging with bright yellow ribbons adorned with pearls and gems as fitting. The vest of the imperial consort and the consort of the imperial heir apparent is the same..""
(Translated and transcribed by Lisa Claypool, Ed., China’s Imperial Modern: The Painter’s Craft, Edmonton, AB: University of Alberta Museums, 2012, p. 103; Modified by Isabel Pi-fen Chueh)
On the reverse of the piece ""(20)"" is handwritten in pencil on the upper right corner. 
Read More +",Gift of Sandy and Cécile Mactaggart
2005.5.383.2,Embroidered Blue Silk Sleeve Band,https://search.museums.ualberta.ca/21-20842,https://media.museums.ualberta.ca/UAAC/fullres/2004/2004_019_001_001_048_s21-03v01.jpg,sleeve band,Qing 19th century,cotton; silk damask; silk floss; mat board; embroidery,overall: 101.7 cm x 8.8 cm,unknown,,,Gift of Sandy and Cécile Mactaggart
2010.20.1.5.3,"Magnificent Record of the Southern Tours, volume 27, chapters 66-67",https://search.museums.ualberta.ca/21-23705,https://media.museums.ualberta.ca/UAAC/bfw/2010/2010_020_001_005_003_s20-02v01.jpg,book,,"printed woodblock, thread binding",overall: 29.8 cm x 20.5 cm,Gao Jin,"One set of the Yuzhi nanxun shengdian [Magnificent Record of the Southern Tours], edited by Gao Jin et al. Volume 27, Chapter 66-67. Sidian [Sacrificial rites]. Woodblock printed, thread binding.",,Gift of Sandy and Cécile Mactaggart
2005.5.570.1.2,Left Side of the Front Panel of a Rank Badge for a Fifth Rank Civil Official,https://search.museums.ualberta.ca/21-20712,https://media.museums.ualberta.ca/UAAC/bfw/2010/2010_020_001_005_003_s20-02v01.jpg,rank badge,Qing 19th century,gold wrapped silk thread; ink; tapestry weave; linen; silk; silver wrapped silk thread,overall: 28 cm x 14.3 cm,unknown,,,Gift of Sandy and Cécile Mactaggart
2005.5.621.6.1.1,Boot,https://search.museums.ualberta.ca/21-21046,https://media.museums.ualberta.ca/UAAC/bfw/2010/2010_020_001_005_003_s20-02v01.jpg,boot,Qing 19th century,cotton; silk; leather; ink,overall: 45.2 cm x 10 cm x 28.6 cm,unknown,,,Gift of Sandy and Cécile Mactaggart
2005.5.285,Embroidered Silk Sleeve Band,https://search.museums.ualberta.ca/21-19507,https://media.museums.ualberta.ca/UAAC/bfw/2005/2005_005_285_s20-02v01.jpg,sleeve band,Qing 19th century,silk; silk brocade braid; silk jacquard; embroidery,overall: 44 cm x 100.4 cm,unknown,,,Gift of Sandy and Cécile Mactaggart
2004.19.11.4,One Scroll from Peach Blossom Spring,https://search.museums.ualberta.ca/21-20451,https://media.museums.ualberta.ca/UAAC/fullres/2004/2004_019_011_004_s21-10v01.jpg,hanging scroll,Qing 18th century,ink and colour on silk,,Yuan Jiang,,,Gift of Sandy and Cécile Mactaggart
2005.5.47,Embroidered Cream Silk Uncut Facings for a Woman's Jacket,https://search.museums.ualberta.ca/21-19269,https://media.museums.ualberta.ca/UAAC/bfw/2005/2005_005_047_ve_s20-02v01.jpg,facings,Qing 19th century,silk satin; silk floss; gold wrapped silk thread; embroidery,overall: 80.6 cm x 73.3 cm,unknown,,,Gift of Sandy and Cécile Mactaggart
2004.19.2.43,Album Leaf from Illustrations of Chinese Costumes,https://search.museums.ualberta.ca/21-20054,https://media.museums.ualberta.ca/UAAC/fullres/2004/2004_019_002_043_s21-10v01.jpg,album leaf,Qing 18th century,ink; paper,sheet: 17.2 cm x 27.9 cm; image: 10.7 cm x 16.4 cm,unknown,"This album leaf is a part of a 48-page album that depicts Chinese subjects participating in various aspects of daily life, including government business, daily life, cultural customs, modes of transportation, and corporal punishment. This leaf contains an ink and watercolour depiction of two male soldiers in military uniform. The man on the left wears a blue robe under a black vest, while holding a long decorative staff. The man on the right wears studded armour and has a musket and sheathed sword.",,Gift of Sandy and Cécile Mactaggart
2004.19.11.3,One Scroll from Peach Blossom Spring,https://search.museums.ualberta.ca/21-20450,https://media.museums.ualberta.ca/UAAC/fullres/2004/2004_019_011_003_s21-10v01.jpg,hanging scroll,Qing 18th century,ink and colour on silk,,Yuan Jiang,,,Gift of Sandy and Cécile Mactaggart
2004.19.3.12,Album Leaf from Insects,https://search.museums.ualberta.ca/21-20085,https://media.museums.ualberta.ca/UAAC/fullres/2004/2004_019_003_012_s21-03v01.jpg,album leaf,Qing 18th-19th centuries,ink; paper,sheet: 35.3 cm x 43.3 cm; image: 19.2 cm x 29.2 cm,unknown,A painting of two grasshoppers and three butterflies.,,Gift of Sandy and Cécile Mactaggart
2009.8.10,Embroidered Burgundy Silk Damask Jacket for a Woman,https://search.museums.ualberta.ca/21-22447,https://media.museums.ualberta.ca/UAAC/ppt/2009/09_008_010s01v01d01.jpg,jacket,,burgundy silk damask with embroidered white silk satin sleeve bands and black silk facings with appliqué bats,overall: 93 cm x 157.5 cm,unknown,,,Gift of Jean Small
2005.5.593.1.1,Right Side of the Front Panel of a Rank Badge for a Fourth Rank Military Official,https://search.museums.ualberta.ca/21-20697,https://media.museums.ualberta.ca/UAAC/ppt/2009/09_008_010s01v01d01.jpg,rank badge,Qing 19th century,copper-wrapped silk thread; gold wrapped silk thread; ink; linen; silk; silver wrapped silk thread; tapestry weave,overall: 27.9 cm x 14.8 cm,unknown,,,Gift of Sandy and Cécile Mactaggart
2005.5.447,Uncut Embroidered Red Silk Bridal Dragon Robe,https://search.museums.ualberta.ca/21-19669,https://media.museums.ualberta.ca/UAAC/fullres/2005/2005_005_447_ve_s23-01v01.jpg,yardage,Qing 19th-20th centuries,brass; cotton; gold wrapped silk thread; silk floss; silk satin; embroidery,overall: 202 cm x 107.5 cm,unknown,,,Gift of Sandy and Cécile Mactaggart
2010.20.1.8.4,"Magnificent Record of the Southern Tours, volume 46, chapters 114-115",https://search.museums.ualberta.ca/21-23728,https://media.museums.ualberta.ca/UAAC/bfw/2010/2010_020_001_008_004_s20-02v01.jpg,book,,"printed woodblock, thread binding",overall: 29.8 cm x 20.5 cm,Gao Jin,"One set of the Yuzhi nanxun shengdian [Magnificent Record of the Southern Tours], edited by Gao Jin et al. Volume 46, Chapter 114-115. Zouyi [Court memorials]. Woodblock printed, thread binding.",,Gift of Sandy and Cécile Mactaggart
2005.5.595.2,Back Panel of a Rank Badge for a Fourth Rank Military Official,https://search.museums.ualberta.ca/21-20705,https://media.museums.ualberta.ca/UAAC/bfw/2005/2005_005_595_002_ve_s19-12v01.jpg,rank badge,Qing 19th century,silk and metal-wrapped thread embroidery with ink,overall: 29.4 cm x 30.9 cm,unknown,"Qing Period (1644-1911), Fourth Rank Military Official (Tiger)

(source: John E. Vollmer & Jacqueline Simcox, ""Emblems of Empire: Selections from the Mactaggart Art Collection,"" (The University of Alberta Press and University of Alberta Museums, Edmonton, Alberta, 2009), p. 74.)",,Gift of Sandy and Cécile Mactaggart
2004.19.38.1,Album Leaf from Album of Figures,https://search.museums.ualberta.ca/21-20400,https://media.museums.ualberta.ca/UAAC/fullres/2004/2004_019_038_001_s21-10v01.jpg,album leaf,Qing 19th century,ink and colour on paper,,Ren Yi,"This album leaf marks the first inscribed page of the figure album by Ren Yi (also known as Ren Bonian), showcasing a four-line poem with seven characters per line. Written in cursive script, the characters exhibit fluid and expressive strokes. Unlike the subsequent pages, which pair poetry with painting, this inscription stands alone without accompanying artwork. The calligraphy was crafted by Cuo Wen (also known as Liu Taixi), a close friend of Zhou Maifu, who was invited to inscribe these poems in the album.","無盡山容不定雲/Endless mountain forms, ever-shifting clouds
雲山為主我為賓/ Clouds and mountains are the host while I am the guest
何須徑上終南頂/Why strive to reach the summit's… 

													無盡山容不定雲/Endless mountain forms, ever-shifting clouds
雲山為主我為賓/ Clouds and mountains are the host while I am the guest
何須徑上終南頂/Why strive to reach the summit's peak?
才是羲皇以上人/Only people lives in the era of the ancient Emperor Fuxi are carefree.
勱夫賢友屬題/Inscription by 錯翁 Cuo Weng (Alias of Liu Taixi) on commission of Maifu 
Read More +",Gift of Sandy and Cécile Mactaggart
2005.5.410,Two Red and Blue Silk Velvet Chair Covers,https://search.museums.ualberta.ca/21-19632,https://media.museums.ualberta.ca/UAAC/fullres/2004/2004_019_038_001_s21-10v01.jpg,chair cover,Qing 19th-20th centuries,silk cut velvet,,unknown,,,Gift of Sandy and Cécile Mactaggart
2004.19.9.11,Album Leaf from Album of Landscapes,https://search.museums.ualberta.ca/21-20508,https://media.museums.ualberta.ca/UAAC/fullres/2004/2004_019_009_011_s21-10v01.jpg,album leaf,Qing 17th-18th centuries,ink and colour on paper,overall: 3.3 cm x 16.8 cm x 26.6 cm; image: 16 cm x 9.9 cm,Yao Song,,,Gift of Sandy and Cécile Mactaggart
2005.5.63,Pair of Embroidered Silk Sleeve Bands Mounted as a Panel,https://search.museums.ualberta.ca/21-19285,https://media.museums.ualberta.ca/UAAC/bfw/2005/2005_005_063_s19-12v01.jpg,panel,Qing 19th century,silk satin; silk twill; silk brocade; silk floss; embroidery,overall: 71.3 cm x 38.3 cm,unknown,,,Gift of Sandy and Cécile Mactaggart
2005.5.199,Embroidered Red Silk Robe for a Woman,https://search.museums.ualberta.ca/21-19421,https://media.museums.ualberta.ca/UAAC/fullres/2005/2005_005_199_ve_s21-03v01.jpg,robe,Qing 19th century,red silk satin embroidered with silk,overall: 147.4 cm x 183 cm; neck to hem: 147.4 cm; cuff to cuff: x 183 cm,unknown,,,Gift of Sandy and Cécile Mactaggart
2004.19.72.10,Album Leaf from Figures in River Landscapes,https://search.museums.ualberta.ca/21-20444,https://media.museums.ualberta.ca/UAAC/fullres/2004/2004_019_072_010_s21-03v01.jpg,album leaf,Qing 18th century,ink and colour on paper,,Wang Gai,"This is the tenth leaf from the Figures in River Landscape album by Wang Gai (1677-1705), which is painted with ink and colour on paper. Each leaf contains a landscape, which was painted in situby Wang Gai. Repeating themes throughout the album include figures immersed in the natural environment, which reflects the literati’s yearning and nostalgia.
In this scene, a man looks out of one of  five cottages, which are surrounded by mountains and a lake. There is a waterfall in the distance and a boat docked by the cottages.",,Gift of Sandy and Cécile Mactaggart
2005.5.545.2,Back Panel of a Rank Badge for a Second Rank Civil Official,https://search.museums.ualberta.ca/21-20613,https://media.museums.ualberta.ca/UAAC/bfw/2005/2005_005_545_002_ve_s19-12v01.jpg,rank badge,Qing 19th century,gold wrapped silk thread; silk; silk gauze; silk satin; silver wrapped silk thread; beads; silk floss; embroidery,overall: 30.8 cm x 31.7 cm,unknown,"Rank badges, always made in pairs, were placed on the front and back of surcoats in order to communicate their wearer’s rank during the Ming (1368-1644) and Qing dynasties (1644-1911). Different motifs were regulated by the imperial court, including bird motifs used only for civil officials, while beasts were used for military officials. The hierarchy of ranks within these categories was represented by specific birds and beasts. In the Ming Dynasty, the birds on rank badges were often presented in pairs in an upper and lower position. Later, in the Qing Dynasty, only one bird or beast was seen on rank badges. 
This rank badge features a golden pheasant, representing a second-rank civil official. It is perched on a rock and gazing at a sun disc in the top left corner. Surrounding the birds in this badge are clouds and waves. This badge is made with gold and silver metal-wrapped thread and details rendered in multi-coloured silk floss.",,Gift of Sandy and Cécile Mactaggart
2005.5.245,Three Embroidered Green Silk Fragments,https://search.museums.ualberta.ca/21-19467,https://media.museums.ualberta.ca/UAAC/bfw/2005/2005_005_545_002_ve_s19-12v01.jpg,fragment,Ming 15th century,gold wrapped silk thread; silk floss; silk satin; embroidery,,unknown,,,Gift of Sandy and Cécile Mactaggart
2005.5.143.4,Imperial Yellow Silk Brocade Document Cover,https://search.museums.ualberta.ca/21-20820,https://media.museums.ualberta.ca/UAAC/fullres/2005/2005_005_143_004_re_s21-03v01.jpg,document cover,Qing 19th century,silk; silk brocade; silk twill; gold wrapped silk thread,overall: 105.7 cm x 106.8 cm,unknown,,,Gift of Sandy and Cécile Mactaggart
2005.5.97,Yellow Silk Brocade Bed Hanging,https://search.museums.ualberta.ca/21-19319,https://media.museums.ualberta.ca/UAAC/fullres/2005/2005_005_097_re_s21-03v01.jpg,panel,Qing 18th century,gold wrapped silk thread; silk brocade; silk cut velvet; silk satin; cotton padding; silk floss braid,overall: 237 cm x 153 cm,unknown,,,Gift of Sandy and Cécile Mactaggart
2004.19.2.16,Album Leaf from Illustrations of Chinese Costumes,https://search.museums.ualberta.ca/21-19968,https://media.museums.ualberta.ca/UAAC/fullres/2004/2004_019_002_016_s21-10v01.jpg,album leaf,Qing 18th century,ink; paper,sheet: 17.2 cm x 28 cm; image: 11.3 cm x 18.6 cm,unknown,"This album leaf is a part of a 48-page album that depicts Chinese subjects participating in various aspects of daily life, including government business, daily life, cultural customs, modes of transportation, and corporal punishment. This leaf has an ink and watercolour depiction of two male figures – a soldier and his servant. The figure on the left, the soldier, holds a long musket on his soldier. He wears a short red jacket over a long blue robe, black boots and a coned hat with red tassels. His servant carries a long stick, possibly a ramrod, and wears a black jacket over a long purple robe, black boots, and a yellow coned hat.",,Gift of Sandy and Cécile Mactaggart
2005.5.42.1,Blue Silk Panel made from a Fragment of a Woman's Skirt,https://search.museums.ualberta.ca/21-20867,https://media.museums.ualberta.ca/UAAC/bfw/2005/2005_005_042_001_s19-12v01.jpg,panel,Qing 19th-20th centuries,silk; embroidery; braid,overall: 40.8 cm x 33.1 cm,unknown,(Has gold teeth),,Gift of Sandy and Cécile Mactaggart
2004.19.46,Geese in a Landscape,https://search.museums.ualberta.ca/21-19111,https://media.museums.ualberta.ca/UAAC/fullres/2004/2004_019_046_s21-03v01.jpg,painting,Modern 20th century,ink and colour on paper,sheet: 105.7 cm x 184.2 cm; image: 69.2 cm x 131.3 cm,Lin Fengmian,A landscape painting of geese flying by a river.,Signed by Lin Fengmian and impressed with 1 artist seal.,Gift of Sandy and Cécile Mactaggart
2004.19.2.1,Album Leaf from Illustrations of Chinese Costumes,https://search.museums.ualberta.ca/21-19945,https://media.museums.ualberta.ca/UAAC/fullres/2004/2004_019_002_001_s21-10v01.jpg,album leaf,Qing 18th century,ink; paper,sheet: 17.2 cm x 28.1 cm; image: 11.3 cm x 18.5 cm,unknown,"This album leaf is a part of a 48-page album that depicts Chinese subjects participating in various aspects of daily life, including government business, daily life, cultural customs, modes of transportation, and corporal punishment. This leaf contains an ink and watercolour drawing of three male figures in military costume with weapons. Each figure is labelled with a caption that distinguishes their rank as Mandarin soldiers.",,Gift of Sandy and Cécile Mactaggart
2004.19.10,Fishing Village,https://search.museums.ualberta.ca/21-19075,https://media.museums.ualberta.ca/UAAC/fullres/2004/2004_019_002_001_s21-10v01.jpg,painting,Modern 20th century,ink and colour on paper,sheet: 83.5 cm x 106.1 cm; image: 68.1 cm x 86.9 cm,"Wu Guanzhong											
											 
												
												
													
														View People Details ?","Using a combination of rough, thick brush sketches and coloured ink, the painting Fishing Village by Wu Guanzhong (1919-2010) depicts the seaside view of Shitang - located in the eastern part of Zhejiang province. The foreground is dominated by geometrically-shaped residential houses, which accurately capture the characteristics of white-walled and black-tiled Jiangnan style residential buildings. The background, mainly delineated by curvilinear lines, presents the ebb and flow of the sea. In the upper right corner of the painting, Wu Guanzhong wrote, “Ten days in the fishing village reminiscing about Shitang, busy with work all day and night, the islanders have no time to enjoy the sea waves.” This suggests the overall nostalgic tone of the painting – the artist’s longing for Shitang.",Signed by Wu Guanzhong.,Gift of Sandy and Cécile Mactaggart
2005.5.230.3,Silk Tapestry Weave Fragmentary Panel,https://search.museums.ualberta.ca/21-20884,https://media.museums.ualberta.ca/UAAC/bfw/2005/2005_005_230_003_ve_s19-12v01.jpg,panel,Qing 17th-18th centuries,gold wrapped silk thread; silk; silk tapestry weave,overall: 36.2 cm x 37.6 cm,unknown,,,Gift of Sandy and Cécile Mactaggart
2005.5.598,Front Panel of a Rank Badge for a Censor,https://search.museums.ualberta.ca/21-19820,https://media.museums.ualberta.ca/UAAC/fullres/2005/2005_005_598_ve_s23-03v01.jpg,rank badge,Qing 19th century,gold wrapped silk thread; linen; silk; tapestry weave,,unknown,,,Gift of Sandy and Cécile Mactaggart
2005.5.621.5.2,Storage Box for a Court Necklace,https://search.museums.ualberta.ca/21-21041,https://media.museums.ualberta.ca/UAAC/bfw/2005/2005_005_621_005_002_s20-02v01.jpg,box,Qing 19th century,cardboard; cotton; silk; mirror,overall: 5.9 cm,unknown,,,Gift of Sandy and Cécile Mactaggart
2004.19.2.32,Album Leaf from Illustrations of Chinese Costumes,https://search.museums.ualberta.ca/21-20026,https://media.museums.ualberta.ca/UAAC/fullres/2004/2004_019_002_032_s21-10v01.jpg,album leaf,Qing 18th century,ink; paper,sheet: 17.2 cm x 28 cm; image: 11.2 cm x 18.5 cm,unknown,"This album leaf is a part of a 48-page album that depicts Chinese subjects participating in various aspects of daily life, including government business, daily life, cultural customs, modes of transportation, and corporal punishment. This leaf contains an ink and watercolour depiction of three soldiers. The man on the left, dressed in a short jacket over a tied-up robe and narrow pants, holds a musket. The man on the far right wears studded armour while  holding a spear and arrows. The man in front of him wears a black jacket over narrow pants and holds an edged weapon with a long handle.",,Gift of Sandy and Cécile Mactaggart
2005.5.587.1.2,Left Side of the Front Panel of a Rank Badge for a Ninth Rank Civil Official,https://search.museums.ualberta.ca/21-20681,https://media.museums.ualberta.ca/UAAC/fullres/2004/2004_019_002_032_s21-10v01.jpg,rank badge,Qing 19th-20th centuries,gold wrapped silk thread; linen; silk; silver wrapped silk thread; embroidery,overall: 21.8 cm x 11.4 cm,unknown,,,Gift of Sandy and Cécile Mactaggart
2005.5.603,Front and Back Panels of a Rank Badge for a Fifth Rank Military Official,https://search.museums.ualberta.ca/21-19825,https://media.museums.ualberta.ca/UAAC/bfw/2005/2005_005_603_002_re_s19-12v01.jpg,rank badge,Qing 19th century,gold wrapped silk thread; linen; peacock feathers; silk; tapestry weave,,unknown,,,Gift of Sandy and Cécile Mactaggart
2005.5.573.1,Silk Shoe for a Woman with Bound Feet,https://search.museums.ualberta.ca/21-20655,https://media.museums.ualberta.ca/UAAC/bfw/2005/2005_005_603_002_re_s19-12v01.jpg,shoe,Qing 19th century,linen; silk; embroidery; braid,overall: 9.8 cm x 14 cm,unknown,,,Gift of Sandy and Cécile Mactaggart
2004.19.2.10,Album Leaf from Illustrations of Chinese Costumes,https://search.museums.ualberta.ca/21-19957,https://media.museums.ualberta.ca/UAAC/fullres/2004/2004_019_002_010_s21-10v01.jpg,album leaf,Qing 18th century,ink; paper,sheet: 17.2 cm x 28 cm; image: 11.6 cm x 18.5 cm,unknown,"This album leaf is a part of a 48-page album that depicts Chinese subjects participating in various aspects of daily life, including government business, daily life, cultural customs, modes of transportation, and corporal punishment. This leaf depicts an ink and watercolour drawing of a man, potentially a merchant, in a two-wheeled cart being operated by two men. The man in the cart sits atop luggage and wears an official’s hat with red tassels over his long, queue braid, which was a regulated hairstyle for men in the Qing dynasty. He also holds onto an open parasol. The two men operating the cart wear straw hats, tunics, and pants tucked into tall boots. The man on the right appears to be pulling the cart, while the man in the rear steers or pushes the cart.",,Gift of Sandy and Cécile Mactaggart
2005.5.501,Embroidered Cream Silk Hanging,https://search.museums.ualberta.ca/21-19723,https://media.museums.ualberta.ca/UAAC/bfw/2005/2005_005_501_re_s20-02v01.jpg,hanging,Modern 20th century,silk; silk brocade; embroidery,overall: 117.9 cm x 51.8 cm,unknown,,,Gift of Sandy and Cécile Mactaggart
2004.19.12,Landscape After Ni Zan,https://search.museums.ualberta.ca/21-19077,https://media.museums.ualberta.ca/UAAC/fullres/2004/2004_019_012_d01_s22-02v01.jpg,hanging scroll,Qing 17th century,ink on paper,sheet: 105 cm x 54.9 cm; image: 33.5 cm x 41.8 cm,Wang Yu,"A hanging scroll painting of a landscape, painted in the style of the Yuan dynasty painter Ni Zan.",Signed by Dongzhuang Yu and impressed with 1 seal of the artist.,Gift of Sandy and Cécile Mactaggart
2005.5.382.2,Embroidered Cream Silk Sleeve Band,https://search.museums.ualberta.ca/21-20844,https://media.museums.ualberta.ca/UAAC/fullres/2004/2004_019_012_d01_s22-02v01.jpg,sleeve band,Qing 18th century,gold wrapped silk thread; rayon; silk; silk floss; silk satin; mat board; embroidery,overall: 111.1 cm x 9.5 cm,unknown,,,Gift of Sandy and Cécile Mactaggart
2004.19.1.1.6,Album Leaf from Illustrations of Costumes from the Qianlong Court,https://search.museums.ualberta.ca/21-21426,https://media.museums.ualberta.ca/UAAC/fullres/2004/2004_019_001_001_006_s21-03v01.jpg,album leaf,Qing 18th century,ink; silk; paper,sheet: 42.2 cm x 40.8 cm; image: 33.8 cm x 32.3 cm,unknown,"This album leaf is part of a section of the illustrations of costumes from the Qianlong court, Huangchao liqi tushi (“The Regulations for the Ceremonial Paraphernalia of the [Qing] Dynasty”). In total there are 34 folios that depict costumes appropriate for the Empress Dowager or Empress to wear at the imperial court along with short descriptive captions. This is the left leaf of one folio (attached to 2004.19.1.7) and it contains eight columns of regular script calligraphy describing the regulation of multicolour kerchief pendants (caishui) for the empress dowager and empress.","皇太后 皇后彩帨 謹按本朝定制 皇太后 皇后彩綐 綠色 繡文為五穀豐登 配箴管縏裘之屬 縧皆明黃色  皇貴妃 皇太子妃皆同 Translation of the Chinese text: ""Multicolour kerchief… 

													皇太后 皇后彩帨 謹按本朝定制 皇太后 皇后彩綐 綠色 繡文為五穀豐登 配箴管縏裘之屬 縧皆明黃色  皇貴妃 皇太子妃皆同 Translation of the Chinese text: ""Multicolour kerchief pendants caishui of the Empress Dowager and Empress/In accordance with the decree of the present dynasty: The multicolour kerchief pendants of the Emperess Dowager and the Empress have an embroidered pattern called ""Abundant Harvest of the Five Grains"" (wugu fengden) on a green ground. Things like needle cases and purses [i.e., symbols of female virtue] are hung on the kerchief. The ribbons all are a bright yellow colour.The [design for] the imperial consorts of the emperor and consorts of the imperial heir apparent are the same.""
(Translated and transcribed by Lisa Claypool, Ed., China’s Imperial Modern: The Painter’s Craft, Edmonton, AB: University of Alberta Museums, 2012, p.104-105; Modified by Isabel Pi-fen Chueh) 
Read More +",Gift of Sandy and Cécile Mactaggart
2005.5.621.6,Pair of Boots,https://search.museums.ualberta.ca/21-21044,https://media.museums.ualberta.ca/UAAC/fullres/2005/2005_005_621_006_sole-and-back-side_s23-01v01.jpg,boot,Qing 19th century,cotton; silk; leather; ink; felt,,unknown,These knee-high black satin boots are a component of a Qing official’s outfit.,,Gift of Sandy and Cécile Mactaggart
2005.5.576.2,Back Panel of a Rank Badge for an Eighth Rank Civil Official,https://search.museums.ualberta.ca/21-20665,https://media.museums.ualberta.ca/UAAC/bfw/2005/2005_005_576_002_ve_s19-12v01.jpg,rank badge,Qing 19th-20th centuries,embroidery; gold wrapped silk thread; silk; silk floss; silk gauze; silver wrapped silk thread,overall: 28.2 cm x 29.7 cm,unknown,,,Gift of Sandy and Cécile Mactaggart
2005.5.602,Front and Back Panels of a Rank Badge for a Fifth Rank Military Official,https://search.museums.ualberta.ca/21-19824,https://media.museums.ualberta.ca/UAAC/bfw/2005/2005_005_602_002_re_s19-12v01.jpg,rank badge,Qing 19th century,gold wrapped silk thread; ink; linen; peacock feathers; silk; silver wrapped silk thread; tapestry weave,,unknown,,,Gift of Sandy and Cécile Mactaggart
2004.19.11.2,One Scroll from Peach Blossom Spring,https://search.museums.ualberta.ca/21-20449,https://media.museums.ualberta.ca/UAAC/fullres/2004/2004_019_011_002_s21-10v01.jpg,hanging scroll,Qing 18th century,ink and colour on silk,,Yuan Jiang,,,Gift of Sandy and Cécile Mactaggart
2005.5.510,Embroidered Cream Silk Sleeve Bands,https://search.museums.ualberta.ca/21-19732,https://media.museums.ualberta.ca/UAAC/bfw/2005/2005_005_510_s19-12v01.jpg,sleeve band,Qing 19th century,gold wrapped silk thread; ink; silk; silk brocade ribbon; silk floss; silk jacquard; silk satin; embroidery,overall: 67.4 cm x 34.2 cm,unknown,,,Gift of Sandy and Cécile Mactaggart
2005.5.346.1,Front Panel of a Rank Badge for a Seventh Rank Civil Official,https://search.museums.ualberta.ca/21-20920,https://media.museums.ualberta.ca/UAAC/bfw/2005/2005_005_346_001_ve_s19-12v01.jpg,rank badge,Qing 17th century,gold wrapped silk thread; silk floss; silk satin; peacock feathers; embroidery; glass; wood,,unknown,"Rank badges, always made in pairs, were placed on the front and back of surcoats in order to communicate their wearer’s rank during the Ming (1368-1644) and Qing dynasties (1644-1911). Different motifs were regulated by the imperial court, including bird motifs used only for civil officials, while beasts were used for military officials. The hierarchy of ranks within these categories was represented by specific birds and beasts. 
This rank badge displays a mandarin duck, representing a seventh rank civil official. In the Ming Dynasty, the birds on rank badges were often presented in pairs in an upper and lower position. Later, in the Qing Dynasty, only one bird or beast was seen on rank badges. Early Qing badges used gold-wrapped thread embroidered in dense rows, carefully outlining each motif until the background was completely filled. The bird is perched on a scholar's rock, which is a particularly-shaped rock appreciated by the literati and found in Chinese gardens. The rock is stitched with peacock-feather twisted thread.",,Gift of Sandy and Cécile Mactaggart
2005.5.196,Embroidered Red Silk Bridal Dragon Robe,https://search.museums.ualberta.ca/21-19418,https://media.museums.ualberta.ca/UAAC/fullres/2005/2005_005_196_ve_s21-03v01.jpg,robe,Qing 19th century,red silk satin embroidered with silk and metal-wrapped threads,overall: 140 cm x 180 cm; neck to hem: 140 cm; cuff to cuff: x 180 cm,unknown,,,Gift of Sandy and Cécile Mactaggart
2005.5.475,Blue Silk Tapestry Weave Dragon Robe,https://search.museums.ualberta.ca/21-19697,https://media.museums.ualberta.ca/UAAC/fullres/2005/2005_005_475_ve_s21-03v01.jpg,robe,Qing 19th century,blue silk and metal-wrapped thread tapestry weave with ink details,overall: 137.6 cm x 212.5 cm; neck to hem: 137.6 cm; cuff to cuff: x 212.5 cm,unknown,,,Gift of Sandy and Cécile Mactaggart
2005.5.596.1.2,Left Side of the Front Panel of a Rank Badge for a Fourth Rank Military Official,https://search.museums.ualberta.ca/21-20756,https://media.museums.ualberta.ca/UAAC/fullres/2005/2005_005_475_ve_s21-03v01.jpg,rank badge,Qing 19th century,silk; silk floss; silk satin; embroidery,overall: 30.8 cm x 15.5 cm,unknown,,,Gift of Sandy and Cécile Mactaggart
2005.5.605.1.2,Left Side of the Front Panel of a Rank Badge for a Sixth Rank Military Official,https://search.museums.ualberta.ca/21-20760,https://media.museums.ualberta.ca/UAAC/bfw/2005/2005_005_301_ve_s20-02v01.jpg,rank badge,Qing 19th century,gold wrapped silk thread; linen; silk; ink; tapestry weave,overall: 26.3 cm x 14.6 cm,unknown,,,Gift of Sandy and Cécile Mactaggart
2005.5.357,Embroidered Green Silk Informal Robe for a Woman,https://search.museums.ualberta.ca/21-19579,https://media.museums.ualberta.ca/UAAC/fullres/2005/2005_005_357_ve_s21-03v01.jpg,robe,Qing 19th century,green silk satin embroidered with silk,overall: 147.5 cm x 126.9 cm; neck to hem: 147.5 cm; cuff to cuff: x 126.9 cm,unknown,,,Gift of Sandy and Cécile Mactaggart
2004.19.11,Peach Blossom Spring,https://search.museums.ualberta.ca/21-19076,https://media.museums.ualberta.ca/UAAC/exhibit/2016/ppt/04_019_011_EXH_s02v01.jpg,hanging scroll set,Qing 18th century,ink and colour on silk,overall: 224.6 cm x 730.3 cm; sheet: 263.5 cm x 61.9 cm; image: 224.6 cm x 61.9 cm,Yuan Jiang,A set of 12 hanging scroll paintings forming  a continuous composition that depicts a poem by Tao Yuanming that is about a man who discovers a utopian society in Shangri-La.,Signed by Hanshang Yuan Jiang and impressed with 2 seals of the artist.,Gift of Sandy and Cécile Mactaggart
2005.5.637,Embroidered Silk Jacket for a Woman,https://search.museums.ualberta.ca/21-19859,https://media.museums.ualberta.ca/UAAC/bfw/2005/2005_005_637_ve_s20-02v01.jpg,jacket,Qing 19th century,orange silk satin embroidered with silk,overall: 113.5 cm x 161 cm,unknown,,,Gift of Sandy and Cécile Mactaggart
2004.19.61,Landscape,https://search.museums.ualberta.ca/21-19126,https://media.museums.ualberta.ca/UAAC/fullres/2004/2004_019_061_s23-01v01.jpg,hanging scroll,Ming 16th century,ink on paper,image: 131.6 cm x 30.3 cm; frame: 156.8 cm x 46.7 cm x 2.6 cm,Chen Huan,A hanging scroll painting of a mountain landscape.,Signed by Chen Huan and impressed with 2 artist seals.  The scroll is also impressed with 1 collector's seal.,Gift of Sandy and Cécile Mactaggart
2005.5.563,Rank Badge for a Fourth Rank Civil Official,https://search.museums.ualberta.ca/21-19785,https://media.museums.ualberta.ca/UAAC/bfw/2005/2005_005_563_ve_s19-12v01.jpg,rank badge,Qing 19th-20th centuries,gold wrapped silk thread; ink; linen; silk; silver wrapped silk thread; paper; adhesive tape; tapestry weave,overall: 33 cm x 34.7 cm,unknown,"Qing Period (1644-1911), Fourth Rank Civil Official (Wild Goose)

(source: John E. Vollmer & Jacqueline Simcox, ""Emblems of Empire: Selections from the Mactaggart Art Collection,"" (The University of Alberta Press and University of Alberta Museums, Edmonton, Alberta, 2009), p. 74.)",,Gift of Sandy and Cécile Mactaggart
2004.19.11.8,One Scroll from Peach Blossom Spring,https://search.museums.ualberta.ca/21-20455,https://media.museums.ualberta.ca/UAAC/fullres/2004/2004_019_011_008_s21-10v01.jpg,hanging scroll,Qing 18th century,ink and colour on silk,,Yuan Jiang,,,Gift of Sandy and Cécile Mactaggart
2005.5.143.1,Imperial Yellow Silk Brocade Document Cover,https://search.museums.ualberta.ca/21-20817,https://media.museums.ualberta.ca/UAAC/fullres/2005/2005_005_143_001_re_s21-03v01.jpg,document cover,Qing 19th century,silk; silk brocade; silk satin; gold wrapped silk thread,overall: 108.6 cm x 112.2 cm,unknown,,,Gift of Sandy and Cécile Mactaggart
2010.16.1.6,Album Leaf from Album of Landscape Paintings,https://search.museums.ualberta.ca/21-23574,https://media.museums.ualberta.ca/UAAC/ppt/2010/10_016_001_006s01v01.jpg,album leaf,,ink and colour on paper,overall: 49 cm x 32 cm; sheet: 49 cm x 32 cm; image: 42 cm x 23 cm,Pan Gongshou,,,Purchased by Museums and Collections Services
2004.19.38.18,Album Leaf from Album of Figures,https://search.museums.ualberta.ca/21-20417,https://media.museums.ualberta.ca/UAAC/fullres/2004/2004_019_038_018_s21-10v01.jpg,album leaf,Qing 19th century,ink and colour on paper,,Ren Yi,"This album leaf is one of thirteen inscriptions in Ren Yi’s Album of Figures, featuring a four-line poem with seven characters per line. The poem was written in cursive script by Taixi (1899–1989) and later attached to Ren Yi’s paintings. The text is associated with the imagery on the album leaf attached beneath it (2004.19.38.19).",,Gift of Sandy and Cécile Mactaggart
2004.19.11.5,One Scroll from Peach Blossom Spring,https://search.museums.ualberta.ca/21-20452,https://media.museums.ualberta.ca/UAAC/fullres/2004/2004_019_011_005_d01_s21-10v01.jpg,hanging scroll,Qing 18th century,ink and colour on silk,,Yuan Jiang,,,Gift of Sandy and Cécile Mactaggart
2005.5.564.2,Back Panel of a Rank Badge for a Fourth Rank Civil Official,https://search.museums.ualberta.ca/21-20725,https://media.museums.ualberta.ca/UAAC/bfw/2005/2005_005_564_002_ve_s19-12v01.jpg,rank badge,Qing 19th-20th centuries,ink; tapestry weave; metallic thread; linen; silk,overall: 27.7 cm x 30.4 cm,unknown,"Qing Period (1644-1911), Fourth Rank Civil Official (Wild Goose)

(source: John E. Vollmer & Jacqueline Simcox, ""Emblems of Empire: Selections from the Mactaggart Art Collection,"" (The University of Alberta Press and University of Alberta Museums, Edmonton, Alberta, 2009), p. 74.)",,Gift of Sandy and Cécile Mactaggart
2004.19.69,Boat on a River Hanging Scroll and Storage Box,https://search.museums.ualberta.ca/21-19134,https://media.museums.ualberta.ca/UAAC/bfw/2005/2005_005_564_002_ve_s19-12v01.jpg,hanging scroll set,Qing 17th century,ink on paper,sheet: 184.8 cm x 55.7 cm; image: 106.4 cm x 41 cm,Zha Shibiao,A hanging scroll painting and storage box.,"Signed Shibiao hua, dated jia chen, 1664, seventh month, inscribed with a poem, and with two seals of the artist, Zha Shi Biao Yin, and Er Zhan.",Gift of Sandy and Cécile Mactaggart
2004.19.85.4.1,Base of Outer Box for Green Bamboo and Old Trees,https://search.museums.ualberta.ca/21-20569,https://media.museums.ualberta.ca/UAAC/bfw/2005/2005_005_564_002_ve_s19-12v01.jpg,"box, base",Qing 17th century,wood,,unknown,Base of outer storage box for handscroll.,,Gift of Sandy and Cécile Mactaggart
2005.5.56,Pair of Embroidered Silk Sleeve Bands Mounted as a Panel,https://search.museums.ualberta.ca/21-19278,https://media.museums.ualberta.ca/UAAC/bfw/2005/2005_005_056_s19-12v01.jpg,panel,Qing 19th century,silk satin; silk floss; silk brocade; silk; embroidery,overall: 70.9 cm x 38.2 cm,unknown,,,Gift of Sandy and Cécile Mactaggart
2022.7.3,Back Panel of a Rank Badge for a Fourth Rank Military Official,https://search.museums.ualberta.ca/21-27262,https://media.museums.ualberta.ca/UAAC/fullres/2022/2022_007_003_ve_s23-03v01.jpg,rank badge,,Polychrome silk floss and metal-wrapped thread embroidery on silk satin,overall: 28.8 cm x 30.9 cm,unknown,Tiger rank badge from Daoguang Period (1821 - 1850),,Purchased by University of Alberta Museums
2005.5.395.5,Fragment of Silk Brocade Yardage for a Dragon Robe,https://search.museums.ualberta.ca/21-20960,https://media.museums.ualberta.ca/UAAC/bfw/2005/2005_005_395_005_ve_s20-02v01.jpg,fragment,Qing 17th-18th centuries,gold wrapped silk thread; silk brocade; silk satin,overall: 37.2 cm x 68.5 cm,unknown,"Fragment of yellow silk brocade yardage intended for a dragon robe. This fragment shows the hem of the robe with blue, green, and black ruyi-capped waves. Appears to be from the same yardage as 2005.5.395.1 and 2005.5.395.4",,Gift of Sandy and Cécile Mactaggart
2005.5.57,Pair of Embroidered Silk Sleeve Bands Mounted as a Panel,https://search.museums.ualberta.ca/21-19279,https://media.museums.ualberta.ca/UAAC/bfw/2005/2005_005_057_s19-12v01.jpg,panel,Qing 19th century,silk satin; silk; silk floss; gold wrapped silk thread; silk brocade; embroidery,overall: 66.4 cm x 33.9 cm,unknown,,,Gift of Sandy and Cécile Mactaggart
2005.5.417,Framed Silk Tapestry Weave Panel,https://search.museums.ualberta.ca/21-19639,https://media.museums.ualberta.ca/UAAC/bfw/2005/2005_005_417_s19-12v01.jpg,panel,Qing 19th century,silk tapestry weave with metal-wrapped silk threads,overall: 61.5 cm x 57.5 cm,unknown,"Silk tapestry weave panel in a carved lacquered wood frame with two tassels. The panel is woven with three decorated ceramic vases with peonies (center) and lotus blossoms (left and right). Peonies in vases is a popular design motif that contains a combined symbolic meaning of wealth and honour with peace and safety (fugui ping’an). Above the vases are two floating treasure vases, which are Buddhist symbols. The border of the tapestry contains shou symbols, bats, and other auspicious symbols.",,Gift of Sandy and Cécile Mactaggart
2010.20.1.7.4,"Magnificent Record of the Southern Tours, volume 40, chapters 99-101",https://search.museums.ualberta.ca/21-23718,https://media.museums.ualberta.ca/UAAC/bfw/2010/2010_020_001_007_004_s20-02v01.jpg,book,,"printed woodblock, thread binding",overall: 29.8 cm x 20.5 cm,Gao Jin,"One set of the Yuzhi nanxun shengdian [Magnificent Record of the Southern Tours], edited by Gao Jin et al. Volume 40. Chapters 99-101. Mingsheng [Famous sights]. Woodblock printed, thread binding.",,Gift of Sandy and Cécile Mactaggart
2004.19.1.1.42,Album Leaf from Illustrations of Costumes from the Qianlong Court,https://search.museums.ualberta.ca/21-20250,https://media.museums.ualberta.ca/UAAC/fullres/2004/2004_019_001_001_042_s21-03v01.jpg,album leaf,Qing 18th century,ink; silk; paper,sheet: 42.2 cm x 40.8 cm; image: 26.6 cm x 30.4 cm,unknown,"This album leaf is part of a section of the illustrations of costumes from the Qianlong court, Huangchao liqi tushi (“The Regulations for the Ceremonial Paraphernalia of the [Qing] Dynasty”). In total there are 34 folios that depict costumes appropriate for the Empress Dowager or Empress to wear at the imperial court along with short descriptive captions. This is the left leaf of one folio (2004.19.1.43) and it contains seven columns of regular script calligraphy describing the regulations of a court vest (chaogua), second style, for the empress dowager and empress. The text on this leaf continues from the text on the right side leaf.","四 中有襞積 下幅行龍八 領後垂明黃縧 其飾珠寶惟宜 緞紗單袷 各以其時 皇貴妃 皇太子妃皆同 Translation of the Chinese text: ""[continuing from the right leaf, 2004.19.1.1.43]...The… 

													四 中有襞積 下幅行龍八 領後垂明黃縧 其飾珠寶惟宜 緞紗單袷 各以其時 皇貴妃 皇太子妃皆同 Translation of the Chinese text: ""[continuing from the right leaf, 2004.19.1.1.43]...The middle of the vest has pleats.  The lower part of the vest is ornamanted  with eight moving-dragon motifs. The back of the collar attaches a hanging with bright yellow ribbons adorned with pearls and gems as fitting. Satin, gauze, lined and unlined garments are worn according to the season. The court vest of the imperial consort and the imperial heir apparent's consort is the same.""
(Translated and transcribed by Lisa Claypool, Ed., China’s Imperial Modern: The Painter’s Craft, Edmonton, AB: University of Alberta Museums, 2012, p. 103; Modified by Isabel Pi-fen Chueh)
On the reverse of the piece ""(26)"" is handwritten in pencil on the upper right corner. 
Read More +",Gift of Sandy and Cécile Mactaggart
2004.19.2.6,Album Leaf from Illustrations of Chinese Costumes,https://search.museums.ualberta.ca/21-19952,https://media.museums.ualberta.ca/UAAC/fullres/2004/2004_019_002_006_s21-10v01.jpg,album leaf,Qing 18th century,ink; paper,sheet: 28 cm x 17.2 cm; image: 21.8 cm x 14.9 cm,unknown,"This album leaf is a part of a 48-page album that depicts Chinese subjects participating in various aspects of daily life, including government business, daily life, cultural customs, modes of transportation, and corporal punishment. This leaf contains an ink and watercolour full-length portrait of a senior civil officer from the Qing dynasty. He wears a dark blue surcoat with a rank badge over a Manchu dragon robe, which can be identified by the ""standing water"" hem visible at his legs. His hat is a qingdai guanmao, a type of official headwear from the Qing Dynasty, with a red finial on top and a peacock feather with one “eye”, which indicates his higher rank. He also accessorizes with a long goatee, a court necklace and black boots with a white sole.",撫院 fuyuan Translation of the Chinese text: "A Provincial Supervisor",Gift of Sandy and Cécile Mactaggart
2005.5.286.1,Embroidered Blue Silk Panel,https://search.museums.ualberta.ca/21-20855,https://media.museums.ualberta.ca/UAAC/bfw/2005/2005_005_286_001_s19-12v01.jpg,panel,Qing 20th century,silk; silk floss; silk jacquard; silk satin; embroidery,overall: 63.6 cm x 30.1 cm,unknown,,,Gift of Sandy and Cécile Mactaggart
2005.5.552.2,Back Panel of a Rank Badge for a Fifth Rank Civil Official,https://search.museums.ualberta.ca/21-20629,https://media.museums.ualberta.ca/UAAC/bfw/2005/2005_005_552_002_ve_s19-12v01.jpg,rank badge,Qing 19th century,gold wrapped silk thread; silk; silk floss; silk satin; embroidery,overall: 28.5 cm x 29.3 cm,unknown,"Qing Period (1644-1911), Fifth Rank Civil Official (Silver Pheasant)

(source: John E. Vollmer & Jacqueline Simcox, ""Emblems of Empire: Selections from the Mactaggart Art Collection,"" (The University of Alberta Press and University of Alberta Museums, Edmonton, Alberta, 2009), p. 74.)",,Gift of Sandy and Cécile Mactaggart
2010.21.2,Chinese Wool Pile Pillar Carpet,https://search.museums.ualberta.ca/21-23804,https://media.museums.ualberta.ca/UAAC/bfw/2005/2005_005_552_002_ve_s19-12v01.jpg,carpet,,Dyed wool pile,,unknown,"Pair of Chinese wool pile pillar carpet with pale yellow fields decorated with a five-clawed dragon, surrounded by emblems of the eight Buddhist treasures and clouds. The top portion of the carpet has stellar medallion and pendant designs and the bottom is decorated with a rock, stylized waves and stripes.",,Gift of Sandy and Cécile Mactaggart
2005.5.548.1,Front Panel of a Rank Badge for a Fifth Rank Civil Official,https://search.museums.ualberta.ca/21-20620,https://media.museums.ualberta.ca/UAAC/bfw/2005/2005_005_548_001_ve_s19-12v01.jpg,rank badge,Qing 18th-19th centuries,gold wrapped silk thread; silk damask; silk floss; silk satin; embroidery,overall: 29.3 cm x 31.2 cm,unknown,"Rank badges, always made in pairs, were placed on the front and back of surcoats in order to communicate their wearer’s rank during the Ming (1368-1644) and Qing dynasties (1644-1911). Different motifs were regulated by the imperial court, including bird motifs used only for civil officials while beasts were used for military officials. The hierarchy of ranks within these categories was represented by specific birds and beasts. This pair of rank badges features a silver pheasant representing the fifth rank of a civil official. This bird is identified by its white feathers, white crown with a red stripe and long tail.
The front badge is made into two separate panels to accommodate the front opening of a surcoat, while the back badge is made in one piece. The patterns on the front and back badges are identical. This rank badge pair was decorated with delicate seed stitches, also referred to as “Peking knots” or ta tzu. Gold metal-wrapped thread is couched around some of the colourful motifs as a border. In the centre of the badge, a silver pheasant, standing on rocks above waves, looks toward a red sun in the upper left corner. An embellished canopy floats above the bird, while the Eight Buddhist treasures surround it, including lotuses, the wheel, the parasol, the vase, the conch, the fish and the endless knot. The border of the badge is decorated with blue and white floral motifs and gold geometric patterns.",,Gift of Sandy and Cécile Mactaggart
2005.5.573,Pair of Silk Shoes for a Woman with Bound Feet,https://search.museums.ualberta.ca/21-19795,https://media.museums.ualberta.ca/UAAC/bfw/2005/2005_005_573_d01_s20-02v01.jpg,shoe,Qing 19th century,linen; silk; embroidery; braid,,unknown,,,Gift of Sandy and Cécile Mactaggart
2004.19.1.1.33,Album Leaf from Illustrations of Costumes from the Qianlong Court,https://search.museums.ualberta.ca/21-20241,https://media.museums.ualberta.ca/UAAC/fullres/2004/2004_019_001_001_033_s21-03v01.jpg,album leaf,Qing 18th century,ink; silk; paper,sheet: 42.2 cm x 40.8 cm; image: 33.3 cm x 32.4 cm,unknown,"This album leaf is part of a section of the illustrations of costumes from the Qianlong court, Huangchao liqi tushi (“The Regulations for the Ceremonial Paraphernalia of the [Qing] Dynasty”). In total there are 34 folios that depict costumes appropriate for the Empress Dowager or Empress to wear at the imperial court along with short descriptive captions. This is the right leaf of one folio (attached to 2004.19.1.32) and it contains eight columns of regular script calligraphy  describing the regulations of a winter court robe (chaopao), the first style for the empress dowager and empress. The text on this leaf continues to the attached leaf on the left side.","皇太后 皇后冬朝袍一 謹按 本朝定制 皇太后 皇后冬朝袍 色用明黃 披領及袖俱石青 片金加貂緣 肩上下襲朝褂處亦加緣 繡文金... Translation of the Chinese text: ""Winter court… 

													皇太后 皇后冬朝袍一 謹按 本朝定制 皇太后 皇后冬朝袍 色用明黃 披領及袖俱石青 片金加貂緣 肩上下襲朝褂處亦加緣 繡文金... Translation of the Chinese text: ""Winter court robe  chaopaothe first style, for the Empress Dowager and Empress./In accordance with the decree of the present dynasty:/The winter robes of the Emperess Dowager and Empress are in bright-yellow colour, with azurite-blue coloured sleeves and draped collar that have golden bands trimmed with sable fur. Also, at the joint places of the sleeves and shoulders are decorated with trimming, just like [the trimming on] the court vest. The embroidery patterns [on the robe] ...  [text continued on left leaf, 2004.19.1.1.32]""
(Translated and transcribed by Lisa Claypool, Ed., China’s Imperial Modern: The Painter’s Craft, Edmonton, AB: University of Alberta Museums, 2012,p. 103; Modified by Isabel Pi-fen Chueh)
On the reverse of the piece ""(35)"" is handwritten in pencil on the upper left corner.  Below the pencil number are two black ink markings. 
Read More +",Gift of Sandy and Cécile Mactaggart
2016.3.1.2,Back Panel of a Rank Badge for a Sixth Rank Civil Official,https://search.museums.ualberta.ca/21-27004,https://media.museums.ualberta.ca/UAAC/fullres/2016/2016_003_001_002_ve_s25-01v01.jpg,rank badge,,silk thread on silk gauze; gold and silver metallic threads; embroidering; couched,overall: 28.7 cm x 29.3 cm,unknown,"Rank badges, always made in pairs, were placed on the front and back of surcoats in order to communicate their wearer’s rank during the Ming (1368-1644) and Qing dynasties (1644-1911). Different motifs were regulated by the imperial court, including bird motifs used only for civil officials, while beasts were used for military officials. The hierarchy of ranks within these categories was represented by specific birds and beasts. 
This rank badge features an egret, representing a sixth rank civil official. It is couched in silver thread, with its head highlighted in gold. Perched on one leg atop the stone, it gazes at the sun disc in the top right corner. Surrounding the bird are clouds, Daoist emblems, and gold scrolling vines. Additional auspicious symbols, including Buddhist emblems, are interspersed among ruyi-shaped waves along the li shui border at the bottom. The badge is embroidered using fine counted-stitch embroidery on black silk gauze.",,
2005.5.230.1,Silk Tapestry Weave Fragmentary Panel,https://search.museums.ualberta.ca/21-20882,https://media.museums.ualberta.ca/UAAC/bfw/2005/2005_005_230_001_ve_s19-12v01.jpg,panel,Qing 17th-18th centuries,gold wrapped silk thread; silk; silk tapestry weave,overall: 36.4 cm x 37.2 cm,unknown,,,Gift of Sandy and Cécile Mactaggart
2005.5.143,Five Imperial Yellow Silk Brocade Document Covers,https://search.museums.ualberta.ca/21-19365,https://media.museums.ualberta.ca/UAAC/bfw/2005/2005_005_230_001_ve_s19-12v01.jpg,document cover,Qing 19th century,silk; silk brocade; silk satin; silk twill; gold wrapped silk thread; cotton,,unknown,,,Gift of Sandy and Cécile Mactaggart
2010.21.9,Pair of Guardian Lion Dogs,https://search.museums.ualberta.ca/21-23815,https://media.museums.ualberta.ca/UAAC/bfw/2005/2005_005_230_001_ve_s19-12v01.jpg,sculpture,Modern 20th century,White-marble stone,,unknown,Pair of carved white marble lion dog sculptures mounted in a plexi glass case. The lion dog is seated on a tiered rectangular base with lotus petal borders and a brocade pattern covering. The lion's right front paw is resting on a brocade ball.,,Gift of Sandy and Cécile Mactaggart
2010.20.2,"Mustard Seed Garden Painting Manual, 1st edition",https://search.museums.ualberta.ca/21-23637,https://media.museums.ualberta.ca/UAAC/bfw/2010/2010_020_002_d04_s20-02v01.jpg,book,,,,Wang Gai,"One imprint of the Jieziyuan huazhuan [Mustard Seed Garden Painting Manual], illustrated by Wang Gai. 5 vols, 5 chapters. Woodblock printed, thread binding. Later 19th century imprint of original first edition on landscape published by Li Yü in Nanjing.",,Gift of Sandy and Cécile Mactaggart
2010.20.1.8,"Magnificent Record of the Southern Tours, volumes 43-48, chapters 106-120",https://search.museums.ualberta.ca/21-23675,https://media.museums.ualberta.ca/UAAC/bfw/2010/2010_020_001_008_d01_s20-02v01.jpg,book,,"printed woodblock, thread binding",overall: 29.8 cm x 20.5 cm x 6.4 cm,Gao Jin,"One set of the Yuzhi nanxun shengdian [Magnificent Record of the Southern Tours], edited by Gao Jin et al. Volumes 43-48, Chapter 106-120. Woodblock printed, thread binding.",,Gift of Sandy and Cécile Mactaggart
2004.19.68.1.29,The Battle of Yesil-kor-nor,https://search.museums.ualberta.ca/21-19902,https://media.museums.ualberta.ca/UAAC/fullres/2004/2004_019_068_001_029_s21-03v01.jpg,print,Qing 18th century,ink on paper; etching; engraving,overall: 63.2 cm x 112.5 cm; image: 54 cm x 92.9 cm,"after Damasceno, Giovanni",A printed image of a battle scene with a mountainous background.  This engraving goes along with manuscript .68.1.11.,,Gift of Sandy and Cécile Mactaggart
2005.5.512.1,Embroidered Cream Silk Sleeve Bands,https://search.museums.ualberta.ca/21-20805,https://media.museums.ualberta.ca/UAAC/bfw/2005/2005_005_512_001_s19-12v01.jpg,sleeve band,Qing 19th century,silk; silk brocade; silk satin; embroidery,overall: 36.8 cm x 68.4 cm,unknown,,,Gift of Sandy and Cécile Mactaggart
2005.5.621.2,Hat with Coral Finial,https://search.museums.ualberta.ca/21-21036,https://media.museums.ualberta.ca/UAAC/bfw/2005/2005_005_621_002_d01_s20-02v01.jpg,hat,Qing 19th century,brass; silk satin; silk velvet; silk twist; elastic; cotton,overall: 14 cm,unknown,"A semi-formal winter hat from the Qing dynasty, typically worn by first rank officials. This velvet hat has a wide brim with a red tassel adorning the crown. A red round coral finial sits atop the tassels, which, according to Huangchao liqi tushi (皇朝禮器圖式) or “Illustrated Regulations of the Ceremonial Paraphernalia of the Imperial Qing Dynasty”), means the wearer was a first rank official. The peacock  feather (2005.5.621.3) is secured below the finial with a brass attachment.",,Gift of Sandy and Cécile Mactaggart
2004.19.48,Doves,https://search.museums.ualberta.ca/21-19113,https://media.museums.ualberta.ca/UAAC/fullres/2004/2004_019_048_s22-02v01.jpg,painting,Modern 20th century,ink and colour on silk,sheet: 54.4 cm x 71.1 cm; image: 35.7 cm x 60.4 cm,"Yu Fei'an											
											 
												
												
													
														View People Details ?","This painting of two doves flying against a bright blue sky was created by Yu Fei’an (1889-1959).Curly clouds are painted in the upper left and lower right corners of the painting, creating a balance of forms. The bold colour contrast adds depth to the composition of the painting. Yu has utilized extremely fine brushwork to portray the detailed features of the doves’ heads, wings, tails, and claws, which brings the birds to life against the flat background.",Inscribed 'Fei'an (painted) at age 63' and impressed with 1artist seal.,Gift of Sandy and Cécile Mactaggart
2004.19.32,Orchids,https://search.museums.ualberta.ca/21-19097,https://media.museums.ualberta.ca/UAAC/fullres/2004/2004_019_032_d01_s22-02v01.jpg,hanging scroll,Ming 17th century,ink on silk,sheet: 245.1 cm x 92 cm; image: 142.7 cm x 63.2 cm,Fan Yunlin,A hanging scroll painting depicting orchids.,Signed and inscribed by Fan Yunlin and impressed with 2 seals of the artist.  The scroll is also impressed with 3 collector's seals.,Gift of Sandy and Cécile Mactaggart
2005.5.238,Two Embroidered Silk Dragon Roundels from a Robe,https://search.museums.ualberta.ca/21-19460,https://media.museums.ualberta.ca/UAAC/fullres/2004/2004_019_032_d01_s22-02v01.jpg,roundel,Ming 16th-17th centuries,cotton; gold wrapped silk thread; silk floss; plywood; embroidery,,unknown,"A pair of embroidered silk roundels with a dragon design, both mounted onto black backings. These roundels would have been cut from a dragon robe made during the Ming Dynasty (1368-1644). One dragon (2005.5.238.1) has a blue-and-orange-coloured body, while the other (2005.5.238.2) is green.",,Gift of Sandy and Cécile Mactaggart
2005.5.112.2,Blue Silk Tapestry Weave Fragment from the Skirt of a Formal Court Robe,https://search.museums.ualberta.ca/21-20831,https://media.museums.ualberta.ca/UAAC/bfw/2005/2005_005_112_002_s19-12v01.jpg,panel,Qing 19th century,gold wrapped silk thread; silk brocade; silk damask; silk gauze; silk satin; silk tapestry weave,overall: 58.9 cm x 162.8 cm,unknown,,,Gift of Sandy and Cécile Mactaggart
2004.19.1.1.2,Album Leaf from Illustrations of Costumes from the Qianlong Court,https://search.museums.ualberta.ca/21-20146,https://media.museums.ualberta.ca/UAAC/fullres/2004/2004_019_001_001_002_s21-03v01.jpg,album leaf,Qing 18th century,ink; silk; paper,sheet: 42.2 cm x 40.8 cm; image: 31.6 cm x 32.9 cm,"Huang Dao; Men Yingzhao; Jiang Renshu, and others","This album leaf is part of a section of the illustrations of costumes from the Qianlong court, Huangchao liqi tushi (“The Regulations for the Ceremonial Paraphernalia of the [Qing] Dynasty”). In total there are 34 folios that depict costumes appropriate for the Empress Dowager or Empress to wear at the imperial court along with short descriptive captions. This is the left leaf of one folio (attached to 2004.19.1.3), which depicts a red pleated skirt. The Chinese script describes the pictorial content of the painting and is translated as ""illustration of Summer court skirt chaoqun for the Empress Dowager and Empress.""","皇太后 皇后夏朝裙圖 Translation of the Chinese text: ""Illustration of Summer court skirt chaoqun for the Empress Dowager and Empress""
On the reverse of the piece ""(66)"" is written by hand in pencil on the… 

													皇太后 皇后夏朝裙圖 Translation of the Chinese text: ""Illustration of Summer court skirt chaoqun for the Empress Dowager and Empress""
On the reverse of the piece ""(66)"" is written by hand in pencil on the upper right corner. 
Read More +",Gift of Sandy and Cécile Mactaggart
2005.5.179,Embroidered Brown Silk Imperial Dragon Robe for a Man,https://search.museums.ualberta.ca/21-19401,https://media.museums.ualberta.ca/UAAC/fullres/2005/2005_005_179_ve_s21-03v01.jpg,robe,Qing 19th-20th centuries,red-brown silk twill embroidered with silk and metal-wrapped threads,overall: 141.5 cm x 213 cm; neck to hem: 141.5 cm; cuff to cuff: x 213 cm,unknown,,,Gift of Sandy and Cécile Mactaggart
2004.19.2.48,Album Leaf from Illustrations of Chinese Costumes,https://search.museums.ualberta.ca/21-20070,https://media.museums.ualberta.ca/UAAC/fullres/2004/2004_019_002_048_s21-10v01.jpg,album leaf,Qing 18th century,ink; paper,sheet: 46.7 cm x 58.2 cm; image: 44.4 cm x 57.1 cm,unknown,"This album leaf is a part of a 48-page album that depicts Chinese subjects participating in various aspects of daily life, including government business, daily life, cultural customs, modes of transportation, and corporal punishment. This leaf, which is folded at the end of the album, contains an ink and watercolour painting that is slightly different, stylistically, from other paintings in the album. It depicts 29 musical instruments on a large page, including percussion instruments, stringed instruments, and woodwind instruments.",,Gift of Sandy and Cécile Mactaggart
2004.19.85.3,Inner Box for Green Bamboo and Old Trees,https://search.museums.ualberta.ca/21-20565,https://media.museums.ualberta.ca/UAAC/full/2004/19-85-3_1.jpg,box,Qing 17th century,wood,overall: 7.9 cm x 8 cm x 30.6 cm,unknown,Inner storage box for handscroll.,,Gift of Sandy and Cécile Mactaggart
2005.5.558,Front and Back Panels of a Rank Badge for a Censor,https://search.museums.ualberta.ca/21-19780,https://media.museums.ualberta.ca/UAAC/fullres/2005/2005_005_558_002_re_s23-03v01.jpg,rank badge,Qing 19th-20th centuries,gold wrapped silk thread; silk; silk floss; silk gauze; needlework,,unknown,"Rank badges, always made in pairs, were placed on the front and back of surcoats in order to communicate their wearer’s rank during the Ming (1368-1644) and Qing dynasties (1644-1911). Different motifs were regulated by the imperial court, including bird motifs used only for civil officials, while beasts were used for military officials. The hierarchy of ranks within these categories was represented by specific birds and beasts. 
This pair of rank badges features a xiezhi, a mythical creature with a goat- or ox-like body and a single horn on its head. It is gazing at the sun disk in the upper left corner. Renowned for distinguishing right from wrong, the xiezhi attacks the wicked, serving as a powerful symbol of justice. In the imperial court, it represented the role of the imperial censor, tasked with overseeing the ethical behaviour of officials.",,Gift of Sandy and Cécile Mactaggart
2005.5.245.1,Embroidered Green Silk Fragment,https://search.museums.ualberta.ca/21-20893,https://media.museums.ualberta.ca/UAAC/bfw/2005/2005_005_245_001_ve_s20-02v01.jpg,fragment,Ming 15th century,gold wrapped silk thread; silk floss; silk satin; embroidery,overall: 63.8 cm x 11.6 cm,unknown,(gold dragon facing left; additional strip at top),,Gift of Sandy and Cécile Mactaggart
2005.5.410.1,Red and Blue Silk Velvet Chair Cover,https://search.museums.ualberta.ca/21-20795,https://media.museums.ualberta.ca/UAAC/bfw/2005/2005_005_410_001_re_m01_s20-02v01.jpg,chair cover,Qing 19th-20th centuries,silk cut velvet; synthetic fabric,overall: 155.5 cm x 48.2 cm,unknown,,,Gift of Sandy and Cécile Mactaggart
2005.5.50.1,Silk Brocade Panel made from a Fragment of a Dragon Robe,https://search.museums.ualberta.ca/21-20869,https://media.museums.ualberta.ca/UAAC/bfw/2005/2005_005_050_001_s19-12v01.jpg,panel,Qing 19th century,metallic thread; silk; silk jacquard; silk satin,overall: 88.9 cm x 58.1 cm,unknown,(Dragon faces right),,Gift of Sandy and Cécile Mactaggart
1995.2,Nature Speaks #6,https://search.museums.ualberta.ca/11-4915,https://media.museums.ualberta.ca/UAAC/full/1995/95_002s01v01.jpg,collage,,"acrylic, chinese ink, watercolour on paper",91.44 x 71.12 cm,"Loewan, Amy",,,Master of Fine Arts Thesis Presentation
2005.5.589.1,Right Side of the Front Panel of a Rank Badge for a Ninth Rank Civil Official,https://search.museums.ualberta.ca/21-20687,https://media.museums.ualberta.ca/UAAC/full/1995/95_002s01v01.jpg,rank badge,Qing 19th century,gold wrapped silk thread; ink; linen; silk; paper; adhesive tape; tapestry weave,,unknown,,,Gift of Sandy and Cécile Mactaggart
2005.5.584.1,Right Side of the Front Panel of a Rank Badge for a Seventh Rank Civil Official,https://search.museums.ualberta.ca/21-20677,https://media.museums.ualberta.ca/UAAC/full/1995/95_002s01v01.jpg,rank badge,Qing 19th century,gold wrapped silk thread; linen; silk; paper; tapestry weave,,unknown,,,Gift of Sandy and Cécile Mactaggart
2005.5.572.1,Front Panel of a Rank Badge for a Fifth Rank Civil Official,https://search.museums.ualberta.ca/21-20670,https://media.museums.ualberta.ca/UAAC/bfw/2005/2005_005_572_001_ve_s19-12v01.jpg,rank badge,Qing 19th century,copper-wrapped silk thread; gold wrapped silk thread; ink; tapestry weave; linen; silk; silver wrapped silk thread,,unknown,"Qing Period (1644-1911), Fifth Rank Civil Official (Silver Pheasant)

(source: John E. Vollmer & Jacqueline Simcox, ""Emblems of Empire: Selections from the Mactaggart Art Collection,"" (The University of Alberta Press and University of Alberta Museums, Edmonton, Alberta, 2009), p. 74.)",,Gift of Sandy and Cécile Mactaggart
2005.5.182,Yellow Silk Brocade Dragon Robe for a Woman,https://search.museums.ualberta.ca/21-19404,https://media.museums.ualberta.ca/UAAC/fullres/2005/2005_005_182_ve_s21-03v01.jpg,robe,Qing 19th century,yellow silk satin brocaded with silk and metal-wrapped threads,overall: 135 cm x 197.3 cm; neck to hem: 135 cm; cuff to cuff: x 197.3 cm,unknown,,,Gift of Sandy and Cécile Mactaggart
2005.5.328,Blue Silk Tapestry Weave Dragon Robe for a Man,https://search.museums.ualberta.ca/21-19550,https://media.museums.ualberta.ca/UAAC/fullres/2005/2005_005_328_ve_s21-03v01.jpg,robe,Qing 19th century,blue silk and metal-wrapped thread tapestry weave,overall: 137 cm x 210.5 cm; neck to hem: 137 cm; cuff to cuff: x 210.5 cm,unknown,,,Gift of Sandy and Cécile Mactaggart
2010.20.1.8.1,"Magnificent Record of the Southern Tours, volume 43, chapters 106-108",https://search.museums.ualberta.ca/21-23725,https://media.museums.ualberta.ca/UAAC/bfw/2010/2010_020_001_008_001_s20-02v01.jpg,book,,"printed woodblock, thread binding",overall: 29.8 cm x 20.5 cm,Gao Jin,"One set of the Yuzhi nanxun shengdian [Magnificent Record of the Southern Tours], edited by Gao Jin et al. Volume 43, Chapter 106-108. Zouyi [Court memorials]. Woodblock printed, thread binding.",,Gift of Sandy and Cécile Mactaggart
2005.5.450,Silk Velvet Fragmentary Panel,https://search.museums.ualberta.ca/21-19672,https://media.museums.ualberta.ca/UAAC/fullres/2005/2005_005_450_re_s23-01v01.jpg,panel,Qing 19th century,silk; silk brocade; silk cut velvet; silk satin,overall: 77.5 cm x 104.2 cm,unknown,,,Gift of Sandy and Cécile Mactaggart
2004.19.68.1.14,Print from the Qianlong Emperor’s Conquests,https://search.museums.ualberta.ca/21-19886,https://media.museums.ualberta.ca/UAAC/fullres/2004/2004_019_068_001_014_s21-03v01.jpg,print,Qing 18th century,silk; paper; ink,overall: 63.2 cm x 112 cm; image: 52.5 cm x 93.1 cm,unknown,"A printed calligraphic piece with two square red seals.  This manuscript goes along with engraving .68.1.25. It is number 14, chronologically, in the set of 16 copperplate engravings.",,Gift of Sandy and Cécile Mactaggart
2005.5.268,Complete Yardage for a Dragon Robe,https://search.museums.ualberta.ca/21-19490,https://media.museums.ualberta.ca/UAAC/fullres/2005/2005_005_268_re_g05_s23-01v01.jpg,yardage,Qing 19th-20th centuries,gold wrapped silk thread; silk brocade; silk satin,overall: 756 cm x 77.5 cm,unknown,,,Gift of Sandy and Cécile Mactaggart
2005.5.407,Embroidered Blue Silk Gauze Court Dragon Robe for a Man,https://search.museums.ualberta.ca/21-19629,https://media.museums.ualberta.ca/UAAC/fullres/2005/2005_005_407_ve_s21-03v01.jpg,robe,Qing 19th century,blue silk gauze embroidered with silk and metal-wrapped threads,overall: H. 142 cm x W. 231 cm,unknown,"The dragon robe, also called jifu, has a distinct  Manchu style, including a round neckline and long sleeves with horse hoof-shaped cuffs. The robe is full-length with slits. The robe opens on the wearer's right side and is fastened with small brass buttons. The pattern design on the robe consists of nine dragons, clouds, and auspicious emblems, as well as rocks, curling wave caps and diagonally-striped waves along the hem.
This blue dragon robe is embroidered using metallic threads for the dragons and multi-coloured silk floss  for the rest of the patterns. The body of the robe is made of light silk gauze, which would be preferable for warm summer weather.",,Gift of Sandy and Cécile Mactaggart
2004.19.39,Landscape,https://search.museums.ualberta.ca/21-19104,https://media.museums.ualberta.ca/UAAC/fullres/2004/2004_019_039_s22-02v01.jpg,hanging scroll,Qing 19th century,ink on paper,sheet: 174.6 cm x 80.2 cm; image: 117.7 cm x 63.2 cm,Su Renshan,A hanging scroll painting of a rocky wooded landscape.,Signed by Lingnan Su Changchun and impressed with 2 artist seals.,Gift of Sandy and Cécile Mactaggart
2004.19.57,Landscape Hanging Scroll with Storage Bag,https://search.museums.ualberta.ca/21-19122,https://media.museums.ualberta.ca/UAAC/fullres/2004/2004_019_039_s22-02v01.jpg,hanging scroll set,Qing 17th century,ink on paper,sheet: 271.8 cm x 61.2 cm; image: 97.3 cm x 42.8 cm,Wang Shimin,A hanging scroll painting with storage bag.,,Gift of Sandy and Cécile Mactaggart
2005.5.166,Embroidered Imperial Yellow Silk Dragon Robe for an Emperor as a Child,https://search.museums.ualberta.ca/21-19388,https://media.museums.ualberta.ca/UAAC/fullres/2005/2005_005_166_ve_s21-03v01.jpg,robe,Qing 19th-20th centuries,yellow silk satin embroidered with silk and metal-wrapped threads,overall: 101.5 cm x 149 cm; neck to hem: 101.5 cm; cuff to cuff: x 149 cm,unknown,,,Gift of Sandy and Cécile Mactaggart
2004.19.20,Calligraphy in Running Script,https://search.museums.ualberta.ca/21-19085,https://media.museums.ualberta.ca/UAAC/fullres/2004/2004_019_020_g04_s21-10v01.jpg,handscroll,Ming 17th century,ink on paper; silk; ivory,sheet: 49.4 cm x 1727.2 cm; image: 47.8 cm x 1328.7 cm,Dong Qichang,"This handscroll with calligraphy is attributed to Dong Qichang (1555-1636), who signed his name at the end and impressed three seals on the scroll. As suggested by the title Calligraphy in Running Script, the artist painted freely and quickly to create a unique style of cursive script calligraphy, rather than a legible section of prose. The calligraphy contains four Tang poems, including one poem by Cen Shen (715-770) and three poems by Wang Wei (692-761).
Dong Qichang was a remarkable calligrapher, painter, and art theoretician in the late Ming dynasty. He was also a politician and distinguished connoisseur who greatly influenced Chinese aesthetic theory.","Signed by Dong Qichang and impressed with 3 seals of the artist.  The scroll is also impressed with numerous collector's seals, including seals of Zhang Daqian.",Gift of Sandy and Cécile Mactaggart
2005.5.111,Embroidered Green Silk Yardage for a Woman's Robe,https://search.museums.ualberta.ca/21-19333,https://media.museums.ualberta.ca/UAAC/fullres/2005/2005_005_111_ve_s21-03v01.jpg,yardage,Qing 19th century,silk floss; silk twill; embroidery,overall: 299.7 cm x 152.5 cm,unknown,"Green silk yardage embroidered with peonies, chrysanthemums, plum flowers and butterflies. The embroidery has been contained to the decorative area of a women's robe, as this yardage had yet to be cut and sewn into the final garment. There is an overlapping section of fabric, which would have become the front flap of the robe. This yardage was made in the late 19th century, as the vibrant colours were made with synthetic aniline dyes.",,Gift of Sandy and Cécile Mactaggart
2005.5.589.2,Left Side of the Front Panel of a Rank Badge for a Ninth Rank Civil Official,https://search.museums.ualberta.ca/21-20688,https://media.museums.ualberta.ca/UAAC/fullres/2005/2005_005_111_ve_s21-03v01.jpg,rank badge,Qing 19th century,gold wrapped silk thread; ink; linen; silk; paper; adhesive tape; tapestry weave,,unknown,,,Gift of Sandy and Cécile Mactaggart
2005.5.21,Embroidered Blue Silk Table Frontal,https://search.museums.ualberta.ca/21-19243,https://media.museums.ualberta.ca/UAAC/bfw/2005/2005_005_021_ve_s20-02v01.jpg,table frontal,Qing 18th-19th centuries,dark blue silk satin embroidered with silk and metal-wrapped threads,overall: 85.4 cm x 212.6 cm,unknown,,,Gift of Sandy and Cécile Mactaggart
2005.5.205,Brown Silk Brocade Jacket for a Woman,https://search.museums.ualberta.ca/21-19427,https://media.museums.ualberta.ca/UAAC/bfw/2005/2005_005_205_ve_s20-02v01.jpg,jacket,Qing 19th century,brown silk satin brocaded with metal-wrapped threads,overall: 100 cm x 139 cm,unknown,,,Gift of Sandy and Cécile Mactaggart
2004.19.18,Twelve Poems in Semi-Cursive Script,https://search.museums.ualberta.ca/21-19083,https://media.museums.ualberta.ca/UAAC/fullres/2004/2004_019_018_g05_s21-10v01.jpg,handscroll,Yuan 13th-14th centuries,ink on paper,sheet: 27.2 cm x 1127.8 cm; image: 26.1 cm x 666.8 cm,Zhao Mengfu,A handscroll of twelve poems that describe the monthly activities of the agricultural year and another twelve poems about the activities of silk cultivation.,"Signed by Zhao Mengfu of Wuxing and impressed with 1 seal of the artist.  The scroll is inscribed: “I composed these poems several years ago and my friend Zi Zhong read and appreciated them.  At his request, I have…												

													Signed by Zhao Mengfu of Wuxing and impressed with 1 seal of the artist.  The scroll is inscribed: “I composed these poems several years ago and my friend Zi Zhong read and appreciated them.  At his request, I have written this for him” and is impressed with 22 collector's seals, including seals from: Wang Hongxu (1645-1723), Wu Yun (1811-1883).												
Read More +",Gift of Sandy and Cécile Mactaggart
2005.5.560,Front and Back Panels of a Rank Badge for a Fourth Rank Civil Official,https://search.museums.ualberta.ca/21-19782,https://media.museums.ualberta.ca/UAAC/bfw/2005/2005_005_560_002_re_s19-12v01.jpg,rank badge,Qing 19th century,linen; silk,,unknown,"Rank badges, always made in pairs, were placed on the front and back of surcoats in order to communicate their wearer’s rank during the Ming (1368-1644) and Qing dynasties (1644-1911). Different motifs were regulated by the imperial court, including bird motifs used only for civil officials, while beasts were used for military officials. The hierarchy of ranks within these categories was represented by specific birds and beasts. 
This pair of rank badges features a wild goose, symbolizing a fourth rank civil official. Perched on a rock amid waves, the goose gazes toward the sun disc in the upper right corner. Ruyi-shaped clouds and bats decorate the sky. The badge is woven in tapestry (kesi), and ink was used for details and colour gradation.",,Gift of Sandy and Cécile Mactaggart
2004.19.64.3.2,Lid of Box for Summer Retreat in a River Village,https://search.museums.ualberta.ca/21-20540,https://media.museums.ualberta.ca/UAAC/bfw/2005/2005_005_560_002_re_s19-12v01.jpg,"box, lid",Qing 17th-18th centuries,varnished wood with silk lining,0.6 cm x 7.0 cm x 34.5 cm,unknown,Lid of storage box for handscroll.,,Gift of Sandy and Cécile Mactaggart
2004.19.1.1.61,Album Leaf from Illustrations of Costumes from the Qianlong Court,https://search.museums.ualberta.ca/21-20270,https://media.museums.ualberta.ca/UAAC/fullres/2004/2004_019_001_001_061_s21-03v01.jpg,album leaf,Qing 18th century,ink; silk; paper,sheet: 42.2 cm x 40.8 cm; image: 34.6 cm x 31.6 cm,unknown,"This album leaf is part of a section of the illustrations of costumes from the Qianlong court, Huangchao liqi tushi (“The Regulations for the Ceremonial Paraphernalia of the [Qing] Dynasty”). In total there are 34 folios that depict costumes appropriate for the Empress Dowager or Empress to wear at the imperial court along with short descriptive captions. This is the right leaf of one folio (attached to 2004.19.1.60) and it contains nine columns of regular script calligraphy describing the details of a winter court hat. The text on this leaf continues onto the attached left leaf.","皇太后 皇后冬朝冠  謹按 本朝定制 皇太后 皇后冬朝冠 薰貂為之 上綴朱緯 頂三層 貫東珠各一 皆承以金鳳 飾東珠各三 珍珠各十七 上銜大東珠 朱緯上週綴金鳳七…												

													皇太后 皇后冬朝冠  謹按 本朝定制 皇太后 皇后冬朝冠 薰貂為之 上綴朱緯 頂三層 貫東珠各一 皆承以金鳳 飾東珠各三 珍珠各十七 上銜大東珠 朱緯上週綴金鳳七 飾東... Translation of the Chinese text: "" Winter court hat chaoguan for the Empress Dowager and Empress/In accordance with the decree of the present dynasty:/The winter hat of the Empress Dowager and Empress is made of sable fur, adorned above with rows of red floss silk tassels. There are three levels to the finial on top, each level separated by one eastern pearl [a freshwater pearl from Songhuajiang, Manchuria, also called ""northern pearls""] supported by one golden phoenix (which are themselves each adorned with three eastern pearls, and 17 precious pearls), and the finial top is a great eastern pearl. The red floss silk tassels above are adorned with golden phoenix, seven in numbers,... [text continued on left leaf, 2004.19.1.1.60]""
(Translated and transcribed by Lisa Claypool, Ed., China’s Imperial Modern: The Painter’s Craft, Edmonton, AB: University of Alberta Museums, 2012, p. 102)
On the reverse of the piece ""(7)"" is handwritten in pencil on the upper left corner.  Below the pencil number are two black ink markings. 
Read More +",Gift of Sandy and Cécile Mactaggart
2005.5.119,Embroidered Cream Silk Satin Panel,https://search.museums.ualberta.ca/21-19341,https://media.museums.ualberta.ca/UAAC/bfw/2005/2005_005_119_s19-12v01.jpg,panel,Modern 20th century,silk; silk brocade; silk floss; silk ribbon; silk satin; embroidery,overall: 65.8 cm x 153.5 cm,unknown,,,Gift of Sandy and Cécile Mactaggart
2004.19.76.1,Bamboo in the Wind,https://search.museums.ualberta.ca/21-20559,https://media.museums.ualberta.ca/UAAC/fullres/2004/2004_019_076_001_m01_s22-02v01.jpg,hanging scroll,Ming 15th century,ink on silk,sheet: 233.4 cm x 79.1 cm; image: 120 cm x 61.9 cm,Xia Chang,A hanging scroll painting of bamboo and a rock.,Signed by Xia Chang Zhongzhao.  The scroll also has 2 collector's seals.,Gift of Sandy and Cécile Mactaggart
2005.5.526,Embroidered Cream Silk Skirt for a Woman,https://search.museums.ualberta.ca/21-19748,https://media.museums.ualberta.ca/UAAC/bfw/2005/2005_005_526_d01_s19-12v01.jpg,skirt,Qing 19th century,off-white silk satin embroidered with silk,overall: 104.3 cm x 127.2 cm,unknown,,,Gift of Sandy and Cécile Mactaggart
2004.19.91.1,Portrait of Qi Baishi,https://search.museums.ualberta.ca/21-20571,https://media.museums.ualberta.ca/UAAC/bfw/2005/2005_005_526_d01_s19-12v01.jpg,hanging scroll,Modern 20th century,ink on paper,overall: 243.8 cm x 83.6 cm; image: 136 cm x 69.2 cm,"Wang Ziwu											
											 
												
												
													
														View People Details ?",A hanging scroll portrait painting of Qi Baishi.,The scroll is signed by Ziwu and is impressed with 2 artist seals.,Gift of Sandy and Cécile Mactaggart
2005.5.295,Three Embroidered Red Silk Cushion Covers,https://search.museums.ualberta.ca/21-19517,https://media.museums.ualberta.ca/UAAC/bfw/2005/2005_005_526_d01_s19-12v01.jpg,cushion cover,Qing 19th century,gold wrapped silk thread; silk; silk brocade; silk satin; embroidery,,unknown,,,Gift of Sandy and Cécile Mactaggart
2004.19.3.22,Album Leaf from Insects,https://search.museums.ualberta.ca/21-20109,https://media.museums.ualberta.ca/UAAC/fullres/2004/2004_019_003_022_s21-03v01.jpg,album leaf,Qing 18th-19th centuries,ink; paper,sheet: 35.4 cm x 43.2 cm; image: 26.1 cm x 22.9 cm,unknown,A painting of two butterflies and one grasshopper.,,Gift of Sandy and Cécile Mactaggart
2005.5.115.2,Embroidered Blue Silk Gauze for an Woman's Informal Robe,https://search.museums.ualberta.ca/21-20874,https://media.museums.ualberta.ca/UAAC/fullres/2005/2005_005_115_002_ve_s23-01v01.jpg,yardage,Qing 19th-20th centuries,gold wrapped silk thread; silk gauze; silver wrapped silk thread,overall: 83.5 cm x 79 cm,unknown,,,Gift of Sandy and Cécile Mactaggart
2010.21.2.2,One of a pair of Wool Pile Pillar Carpet,https://search.museums.ualberta.ca/21-24285,https://media.museums.ualberta.ca/UAAC/fullres/2010/2010_021_002_002_ve_g02_s22-02v01.jpg,carpet,,Dyed wool pile,overall: 238.5 cm x 88 cm x 1.7 cm,unknown,"One of a pair of Chinese wool pile pillar carpet with pale yellow fields decorated with a five-clawed dragon, surrounded by emblems of the eight Buddhist treasures and clouds. The top portion of the carpet has stellar medallion and pendant designs and the bottom is decorated with a rock, stylized waves and stripes.",,Gift of Sandy and Cécile Mactaggart
2005.5.87.3,Embroidered Silk Purse,https://search.museums.ualberta.ca/21-20904,https://media.museums.ualberta.ca/UAAC/bfw/2005/2005_005_087_003_ve_s20-02v01.jpg,purse,Qing 19th century,silk satin; embroidery; silk floss; cotton; gold wrapped silk thread; linen,overall: 25.9 cm x 8.3 cm x .5 cm,unknown,,,Gift of Sandy and Cécile Mactaggart
2005.5.556.1,Front Panel of a Rank Badge for an Eighth Rank Civil Official,https://search.museums.ualberta.ca/21-20636,https://media.museums.ualberta.ca/UAAC/bfw/2005/2005_005_556_001_ve_s19-12v01.jpg,rank badge,Qing 19th century,gold wrapped silk thread; ink; linen; silk; silk satin; tapestry weave,overall: 28.6 cm x 28.5 cm,unknown,"Rank badges, always made in pairs, were placed on the front and back of surcoats in order to communicate their wearer’s rank during the Ming (1368-1644) and Qing dynasties (1644-1911). Different motifs were regulated by the imperial court, including bird motifs used only for civil officials, while beasts were used for military officials. The hierarchy of ranks within these categories was represented by specific birds and beasts. 
This rank badge features a quail, representing an eighth rank civil official. In the Ming Dynasty, the birds on rank badges were often presented in pairs in an upper and lower position. Later, in the Qing Dynasty, only one bird or beast was seen on rank badges. This bird is perched on a rock and gazing at a sun disc in the top left corner. This badge is woven in tapestry, with gold metal-wrapped thread and details rendered in multi-coloured silk floss. Coloured ink was used for colour gradation.",,Gift of Sandy and Cécile Mactaggart
2005.5.69.2,One Sleeve Band of a Pair of Embroidered Silk Sleeve Bands,https://search.museums.ualberta.ca/21-20872,https://media.museums.ualberta.ca/UAAC/bfw/2005/2005_005_556_001_ve_s19-12v01.jpg,sleeve band,Qing 19th century,"silk satin, embroidery",overall: 77.4 cm x 8.8 cm,unknown,(Bat facing left),,Gift of Sandy and Cécile Mactaggart
2005.5.395,"Seven Assorted Silk Fragments of Brocade, Embroidery, and Tapestry",https://search.museums.ualberta.ca/21-19617,https://media.museums.ualberta.ca/UAAC/bfw/2005/2005_005_556_001_ve_s19-12v01.jpg,fragment,Qing 17th-18th centuries,silk,,unknown,"An assorted group of silk fragments. Three fragments (2005.5.395.1, 2005.5.395.4 and 2005.5.5) appear to be fragments from yardage for one brocade dragon robe while two fragments (2005.5.395.2 and 2005.5.395.3) are fragments of a brocade dragon robe. 2005.5.395.6 is a fragment of embroidered silk with a cloud motif, and 2005.5.395.7 is a fragment of patchwork silk tapestry weave with lion motif.",,Gift of Sandy and Cécile Mactaggart
2005.5.426,Two Piece Wool Carpet Throne Cover,https://search.museums.ualberta.ca/21-19648,https://media.museums.ualberta.ca/UAAC/bfw/2005/2005_005_556_001_ve_s19-12v01.jpg,throne cover,Qing 19th century,cotton; wool; silk noil,,unknown,,,Gift of Sandy and Cécile Mactaggart
2004.19.52.2.1,Base of Box for Lohan,https://search.museums.ualberta.ca/21-20534,https://media.museums.ualberta.ca/UAAC/bfw/2005/2005_005_556_001_ve_s19-12v01.jpg,"box, base",Qing 19th century,,,unknown,Base of storage box for hanging scroll.,,Gift of Sandy and Cécile Mactaggart
2004.19.38.11,Album Leaf from Album of Figures,https://search.museums.ualberta.ca/21-20410,https://media.museums.ualberta.ca/UAAC/fullres/2004/2004_019_038_011_s21-10v01.jpg,album leaf,Qing 19th century,ink and colour on paper,,Ren Yi,"The painting is associated with the poem (2004.19.38.10). It captures a tranquil winter scene, featuring a lone figure walking beneath a blossoming plum. The figure, shown from behind, is cloaked in a red robe and carries a walking staff. A large tree trunk stretching from the left side has wide-reaching branches covered in delicate white blossoms, painted with gentle, dappled brushstrokes. The white specks could represent either falling snow or plum blossoms. In either case, they are dense enough to weigh down the branches, causing them to bend and touch the ground.
The inscription in the bottom left corner reads, “Ren Yi, also known as Ren Bonian from Shanyin [山陰仁颐伯年],” and the red seal belongs to Ren Yi.",,Gift of Sandy and Cécile Mactaggart
2005.5.578.1.1,Right Side of the Front Panel of a Rank Badge for a Fifth Rank Civil Official,https://search.museums.ualberta.ca/21-20660,https://media.museums.ualberta.ca/UAAC/fullres/2004/2004_019_038_011_s21-10v01.jpg,rank badge,Qing 19th-20th centuries,gold wrapped silk thread; silk; silk floss; silk gauze; silk damask; embroidery,overall: 28.2 cm x 15.3 cm,unknown,,,Gift of Sandy and Cécile Mactaggart
2005.5.173,Embroidered Red Silk Robe for a Woman,https://search.museums.ualberta.ca/21-19395,https://media.museums.ualberta.ca/UAAC/fullres/2005/2005_005_173_ve_s21-03v01.jpg,robe,Qing 19th century,red silk satin embroidered with silk,overall: 140.6 cm x 185.3 cm; neck to hem: 140.6 cm; cuff to cuff: x 185.3 cm,unknown,"This red silk robe features eight multicoloured embroidered roundels on the front, back, and shoulders. Each of the embroidered roundels contains a swirling pattern of peonies and butterflies, and brightly coloured with synthetic aniline dyes, which were introduced to China from Europe at the end of the nineteenth century. Peonies, the “king of flowers” in Chinese culture, were a popular motif in the Qing Dynasty and could be found on garments, furnishings, paintings, and other material culture. The two butterflies at the center of each roundel may represent a harmonious couple, referred to as the “butterfly lovers” in an ancient Chinese romantic legend
The wide sleeves on this robe have horse-hoof shaped cuffs that mimic those found on dragon robes during the Manchu reign of the Qing Dynasty. The rocks, waves, and standing water motifs found above the hem of this robe also reference the earlier robes of the imperial court. Auspicious symbols, including those from Buddhism, can be found amongst the rocks, including dragons, wan characters, canopies, the flaming wheel of the law, lotus flowers, and the endless knot. This robe was likely worn by a woman on her wedding day, based on the symbols for longevity and lucky red colour of the ground fabric, which symbolizes fertility and love.",,Gift of Sandy and Cécile Mactaggart
2004.19.55,Thatched Huts in a Landscape,https://search.museums.ualberta.ca/21-19120,https://media.museums.ualberta.ca/UAAC/fullres/2004/2004_019_055_g05_s21-10v01.jpg,handscroll set,Ming 16th century,ink and colour on gold-flecked paper,sheet: 30.2 cm x 641.4 cm; image: 28.8 cm x 158.8 cm,Wen Jia,"A handscroll set, handscroll painting depicts thatched huts in a landscape. Yellow cover lined in silk with two ties.","Signed by Maoyuan Wen Jia and impressed with 2 artist seals.  The scroll is inscribed with a dedication to Meng Lanjin and is impressed with 3 collector's seals, including one seal from Wang Hui.",Gift of Sandy and Cécile Mactaggart
2005.5.433,Three Embroidered Wool Hangings,https://search.museums.ualberta.ca/21-19655,https://media.museums.ualberta.ca/UAAC/fullres/2004/2004_019_055_g05_s21-10v01.jpg,hanging,Qing 19th century,copper-wrapped silk thread; gold wrapped silk thread; linen; silk floss; wool; embroidery,,unknown,,,Gift of Sandy and Cécile Mactaggart
2010.20.1.6.1,"Magnificent Record of the Southern Tours, volume 31, chapters 76-79",https://search.museums.ualberta.ca/21-23709,https://media.museums.ualberta.ca/UAAC/bfw/2010/2010_020_001_006_001_s20-02v01.jpg,book,,"printed woodblock, thread binding",overall: 29.8 cm x 20.5 cm,Gao Jin,"One set of the Yuzhi nanxun shengdian [Magnificent Record of the Southern Tours], edited by Gao Jin et al. Volume 31, Chapter 76-79. Yujun [Seeking talent]. Woodblock printed, thread binding.",,Gift of Sandy and Cécile Mactaggart
2005.5.554,Front and Back Panel of a Rank Badge for a Fifth Rank Civil Official,https://search.museums.ualberta.ca/21-19776,https://media.museums.ualberta.ca/UAAC/bfw/2005/2005_005_554_002_re_s19-12v01.jpg,rank badge,Qing 19th century,gold wrapped silk thread; silk; silk floss; silk gauze; embroidery,,unknown,"Qing Period (1644-1911), Fifth Rank Civil Official (Silver Pheasant)

(source: John E. Vollmer & Jacqueline Simcox, ""Emblems of Empire: Selections from the Mactaggart Art Collection,"" (The University of Alberta Press and University of Alberta Museums, Edmonton, Alberta, 2009), p. 74.)",,Gift of Sandy and Cécile Mactaggart
2005.5.245.3,Embroidered Green Silk Fragment,https://search.museums.ualberta.ca/21-20895,https://media.museums.ualberta.ca/UAAC/bfw/2005/2005_005_245_003_ve_s20-02v01.jpg,fragment,Ming 15th century,gold wrapped silk thread; silk floss; silk satin; embroidery,overall: 63.2 cm x 12.2 cm,unknown,(Gold dragon facing right),,Gift of Sandy and Cécile Mactaggart
2005.5.484,Yellow Silk Cut and Uncut Velvet Hanging,https://search.museums.ualberta.ca/21-19706,https://media.museums.ualberta.ca/UAAC/fullres/2005/2005_005_484_re_s21-03v01.jpg,hanging,Qing 19th-20th centuries,silk cut velvet,overall: 279 cm x 190 cm,unknown,,,Gift of Sandy and Cécile Mactaggart
2005.5.25,Embroidered Blue Silk Panel,https://search.museums.ualberta.ca/21-19247,https://media.museums.ualberta.ca/UAAC/fullres/2005/2005_005_025_re_s22-02v01.jpg,panel,Qing 19th-20th centuries,silk satin; silk floss; silk; embroidery,overall: 152.5 cm x 86.4 cm,unknown,,,Gift of Sandy and Cécile Mactaggart
2005.5.495,Silk Brocade Yardage,https://search.museums.ualberta.ca/21-19717,https://media.museums.ualberta.ca/UAAC/bfw/2005/2005_005_495_ve_g02_s20-02v01.jpg,yardage,Qing 19th century,gold wrapped silk thread; silk brocade; silk damask,overall: 71.8 cm x 183.8 cm,unknown,,,Gift of Sandy and Cécile Mactaggart
2005.5.567.1,Right Side of the Front Panel of a Rank Badge for a Fifth Rank Civil Official,https://search.museums.ualberta.ca/21-20732,https://media.museums.ualberta.ca/UAAC/bfw/2005/2005_005_495_ve_g02_s20-02v01.jpg,rank badge,Qing 19th-20th centuries,gold wrapped silk thread; silk floss; silk satin; silver wrapped silk thread; embroidery,overall: 29.1 cm x 14.5 cm,unknown,,,Gift of Sandy and Cécile Mactaggart
2005.5.564.1,Front Panel of a Rank Badge for a Fourth Rank Civil Official,https://search.museums.ualberta.ca/21-20722,https://media.museums.ualberta.ca/UAAC/bfw/2005/2005_005_564_001_ve_s19-12v01.jpg,rank badge,Qing 19th-20th centuries,ink; tapestry weave; linen; silk; metallic thread,,unknown,"Qing Period (1644-1911), Fourth Rank Civil Official (Wild Goose)

(source: John E. Vollmer & Jacqueline Simcox, ""Emblems of Empire: Selections from the Mactaggart Art Collection,"" (The University of Alberta Press and University of Alberta Museums, Edmonton, Alberta, 2009), p. 74.)",,Gift of Sandy and Cécile Mactaggart
2005.5.549.1,Front Panel of a Rank Badge for a Fifth Rank Civil Official,https://search.museums.ualberta.ca/21-20622,https://media.museums.ualberta.ca/UAAC/bfw/2005/2005_005_549_001_ve_s19-12v01.jpg,rank badge,Qing 19th century,gold wrapped silk thread; silk; silk satin; embroidery,overall: 31 cm x 31.1 cm,unknown,"Qing Period (1644-1911), Fifth Rank Civil Official (Silver Pheasant)

(source: John E. Vollmer & Jacqueline Simcox, ""Emblems of Empire: Selections from the Mactaggart Art Collection,"" (The University of Alberta Press and University of Alberta Museums, Edmonton, Alberta, 2009), p. 74.)",,Gift of Sandy and Cécile Mactaggart
2022.7.5.2,Back Panel of a Rank Badge for a Sixth Rank Military Official,https://search.museums.ualberta.ca/21-27269,https://media.museums.ualberta.ca/UAAC/fullres/2022/2022_007_005_002_ve_s23-03v01.jpg,rank badge,,Polychrome silk floss and metal-wrapped thread embroidery on silk satin,overall: 30.2 cm x 33 cm,unknown,"Rank badges, always made in pairs, were placed on the front and back of surcoats in order to communicate their wearer’s rank during the Ming (1368-1644) and Qing dynasties (1644-1911). Different motifs were regulated by the imperial court, including bird motifs used only for civil officials, while beasts were used for military officials. The hierarchy of ranks within these categories was represented by specific birds and beasts. 
This rank badge features a panther, symbolizing a sixth rank military official. The panther is raising its head toward a sun disk in the upper right corner and surrounded by ruyi-shaped clouds.",,Purchased by University of Alberta Museums
2005.5.602.1,Front Panel of a Rank Badge for a Fifth Rank Military Official,https://search.museums.ualberta.ca/21-20738,https://media.museums.ualberta.ca/UAAC/bfw/2005/2005_005_602_001_ve_s19-12v01.jpg,rank badge,Qing 19th century,gold wrapped silk thread; ink; linen; peacock feathers; silk; silver wrapped silk thread; tapestry weave,,unknown,,,Gift of Sandy and Cécile Mactaggart
2004.19.17,Moon Goddess,https://search.museums.ualberta.ca/21-19082,https://media.museums.ualberta.ca/UAAC/fullres/2004/2004_019_017_d01_s22-02v01.jpg,hanging scroll,Qing 17th century,ink and colour on paper,sheet: 130.2 cm x 38.1 cm; image: 76.8 cm x 27.8 cm,Dong Bai,A hanging scroll painting of the moon goddess 'Chang-e' appearing as a young woman.,Signed by Qingling Dong Bai and impressed with 1 seal of the artist.,Gift of Sandy and Cécile Mactaggart
2004.19.71.10,Album Leaf from Landscapes After the Old Masters,https://search.museums.ualberta.ca/21-20434,https://media.museums.ualberta.ca/UAAC/fullres/2004/2004_019_071_010_s21-03v01.jpg,album leaf,Qing 17th century,ink on paper,,Wang Shimin,,,Gift of Sandy and Cécile Mactaggart
2004.19.2.30,Album Leaf from Illustrations of Chinese Costumes,https://search.museums.ualberta.ca/21-20021,https://media.museums.ualberta.ca/UAAC/fullres/2004/2004_019_002_030_s21-10v01.jpg,album leaf,Qing 18th century,ink; paper,sheet: 17.2 cm x 28 cm; image: 11.5 cm x 18.7 cm,unknown,"This album leaf is a part of a 48-page album that depicts Chinese subjects participating in various aspects of daily life, including government business, daily life, cultural customs, modes of transportation, and corporal punishment. This leaf contains an ink and watercolour depiction of two fishermen. The man on the left, in tunic and short pants with a waist tie, carries a fishing pole and basket. The man on the right wears a tunic and short pants with a straw brimmed hat and carries a sharpened bamboo spear.",,Gift of Sandy and Cécile Mactaggart
2005.5.247,Front and Back Panels of a Rank Badge for a Third Rank Civil Official,https://search.museums.ualberta.ca/21-19469,https://media.museums.ualberta.ca/UAAC/fullres/2005/2005_005_247_002_re_s23-03v01.jpg,rank badge,Ming 15th century,gold wrapped silk thread; silk tapestry weave,,unknown,"Rank badges, always made in pairs, were placed on the front and back of surcoats in order to communicate their wearer’s rank during the Ming (1368-1644) and Qing dynasties (1644-1911). Different motifs were regulated by the imperial court, including bird motifs used only for civil officials, while beasts were used for military officials. The hierarchy of ranks within these categories was represented by specific birds and beasts.  In the Ming Dynasty, the birds on rank badges were often presented in pairs in an upper and lower position. Later, in the Qing Dynasty, only one bird or beast was seen on rank badges.
This pair of Ming-era rank badges features a pair of peacocks, representing a third-rank civil official. Surrounding the birds in this badge are peonies and clouds. These badges were woven in tapestry, with a ground made from gold-wrapped thread and details rendered in multi-coloured silk floss.",,Gift of Sandy and Cécile Mactaggart
2005.5.605.2,Back Panel of a Rank Badge for a Sixth Rank Military Official,https://search.museums.ualberta.ca/21-20761,https://media.museums.ualberta.ca/UAAC/fullres/2005/2005_005_605_002_ve_s23-03v01.jpg,rank badge,Qing 19th century,gold wrapped silk thread; linen; silk; ink,overall: 27 cm x 30 cm,unknown,"Qing Period (1644-1911), Sixth Rank Military Official (Panther)

(source: John E. Vollmer & Jacqueline Simcox, ""Emblems of Empire: Selections from the Mactaggart Art Collection,"" (The University of Alberta Press and University of Alberta Museums, Edmonton, Alberta, 2009), p. 74.)",,Gift of Sandy and Cécile Mactaggart
2005.5.112.1,Blue Silk Tapestry Weave Fragment from the Skirt of a Formal Court Robe,https://search.museums.ualberta.ca/21-20830,https://media.museums.ualberta.ca/UAAC/bfw/2005/2005_005_112_001_s19-12v01.jpg,panel,Qing 19th century,gold wrapped silk thread; silk brocade; silk damask; silk gauze; silk satin; silk tapestry weave,overall: 59.6 cm x 160.8 cm,unknown,,,Gift of Sandy and Cécile Mactaggart
2005.5.593,Front and Back Panels of a Rank Badge for a Fourth Rank Military Official,https://search.museums.ualberta.ca/21-19815,https://media.museums.ualberta.ca/UAAC/bfw/2005/2005_005_593_002_s19-12v01.jpg,rank badge,Qing 19th century,copper-wrapped silk thread; gold wrapped silk thread; ink; linen; silk; silver wrapped silk thread; tapestry weave,,unknown,"Qing Period (1644-1911), Fourth Rank Military Official (Tiger)

(source: John E. Vollmer & Jacqueline Simcox, ""Emblems of Empire: Selections from the Mactaggart Art Collection,"" (The University of Alberta Press and University of Alberta Museums, Edmonton, Alberta, 2009), p. 74.)",,Gift of Sandy and Cécile Mactaggart
2004.19.9.2,Album Leaf from Album of Landscapes,https://search.museums.ualberta.ca/21-20498,https://media.museums.ualberta.ca/UAAC/fullres/2004/2004_019_009_002_s21-10v01.jpg,album leaf,Qing 17th-18th centuries,ink and colour on paper,overall: 3.3 cm x 16.8 cm x 26.6 cm; image: 16 cm x 9.9 cm,Yao Song,,,Gift of Sandy and Cécile Mactaggart
2005.5.45,Cream Silk Panel made from a Fragment of a Woman's Skirt,https://search.museums.ualberta.ca/21-19267,https://media.museums.ualberta.ca/UAAC/bfw/2005/2005_005_045_s19-12v01.jpg,panel,Qing 19th century,silk; silk floss; embroidery; silk brocade,overall: 26.5 cm x 36.9 cm,unknown,,,Gift of Sandy and Cécile Mactaggart
2004.19.3.5,Album Leaf from Insects,https://search.museums.ualberta.ca/21-20078,https://media.museums.ualberta.ca/UAAC/fullres/2004/2004_019_003_005_s21-03v01.jpg,album leaf,Qing 18th-19th centuries,ink; paper,sheet: 35.3 cm x 43.2 cm; image: 22.9 cm x 26.7 cm,unknown,A painting of four are butterflies and one praying mantis.,,Gift of Sandy and Cécile Mactaggart
2004.19.38.15,Album Leaf from Album of Figures,https://search.museums.ualberta.ca/21-20414,https://media.museums.ualberta.ca/UAAC/fullres/2004/2004_019_038_015_s21-10v01.jpg,album leaf,Qing 19th century,ink and colour on paper,,Ren Yi,"The painting is associated with the poem (2004.19.38.14). It depicts a man and a young attendant standing on a riverbank path. The man, dressed in traditional robes, has his hands clasped behind his back and leans slightly forward. The young attendant appears to be holding a musical instrument wrapped in a yellow cover.
To the left of the figures, a slender tree with thin branches extends upward, its leaves painted in warm orange hues, possibly reflecting the colors cast by the sunset. The background is dominated by the calm river, depicted in faint ink strokes. 
The composition is balanced with foliage in the foreground, depicted in detailed brushwork, contrasting the simplicity of the river and sky. The color palette is muted, with earth tones and soft grays dominating the figures’ robes, while the touch of red in the leaves adds a hint of vibrancy. 
On the left, Ren Yi wrote the “Seal of Bonian [伯年 印]” along with his red personal seal.",,Gift of Sandy and Cécile Mactaggart
2004.19.91,Portrait of Qi Baishi Hanging Scroll with Storage Box,https://search.museums.ualberta.ca/21-19156,https://media.museums.ualberta.ca/UAAC/fullres/2004/2004_019_038_015_s21-10v01.jpg,hanging scroll set,Modern 20th century,ink on paper,overall: 243.8 cm x 83.6 cm; image: 136 cm x 69.2 cm,Wang Ziwu,A hanging scroll painting with storage box.,,Gift of Sandy and Cécile Mactaggart
2005.5.552.1,Front Panel of a Rank Badge for a Fifth Rank Civil Official,https://search.museums.ualberta.ca/21-20628,https://media.museums.ualberta.ca/UAAC/bfw/2005/2005_005_552_001_ve_s19-12v01.jpg,rank badge,Qing 19th century,gold wrapped silk thread; silk; silk floss; silk satin; embroidery,overall: 28.3 cm x 29.6 cm,unknown,"Qing Period (1644-1911), Fifth Rank Civil Official (Silver Pheasant)

(source: John E. Vollmer & Jacqueline Simcox, ""Emblems of Empire: Selections from the Mactaggart Art Collection,"" (The University of Alberta Press and University of Alberta Museums, Edmonton, Alberta, 2009), p. 74.)",,Gift of Sandy and Cécile Mactaggart
2004.19.3.23,Album Leaf from Insects,https://search.museums.ualberta.ca/21-20110,https://media.museums.ualberta.ca/UAAC/fullres/2004/2004_019_003_023_s21-03v01.jpg,album leaf,Qing 18th-19th centuries,ink; paper,sheet: 43.2 cm x 35.3 cm; image: 35.2 cm x 22.2 cm,unknown,A painting of three butterflies and a branch of pink blossoms.,,Gift of Sandy and Cécile Mactaggart
2005.5.607,Front and Back Panels for a Fifth Rank Civil Official,https://search.museums.ualberta.ca/21-19829,https://media.museums.ualberta.ca/UAAC/bfw/2005/2005_005_607_002_re_s19-12v01.jpg,rank badge,Qing 19th century,silk floss; silk gauze; silk satin; embroidery,,unknown,"Qing Period (1644-1911), Fifth Rank Civil Official (Silver Pheasant)

(source: John E. Vollmer & Jacqueline Simcox, ""Emblems of Empire: Selections from the Mactaggart Art Collection,"" (The University of Alberta Press and University of Alberta Museums, Edmonton, Alberta, 2009), p. 74.)",,Gift of Sandy and Cécile Mactaggart
2005.5.87,Seven Embroidered Silk Purses,https://search.museums.ualberta.ca/21-19309,https://media.museums.ualberta.ca/UAAC/full/2004/19-1-3_1.jpg,purse,Qing 19th century,silk satin; embroidery,,unknown,,,Gift of Sandy and Cécile Mactaggart
2005.5.335,Embroidered Red Silk Skirt for a Woman,https://search.museums.ualberta.ca/21-19557,https://media.museums.ualberta.ca/UAAC/bfw/2005/2005_005_335_ve_op_s19-12v01.jpg,skirt,Qing 19th century,dark pink silk satin embroidered with silk,overall: 97.6 cm,unknown,,,Gift of Sandy and Cécile Mactaggart
2005.5.413,Silk Tapestry Weave Hanging,https://search.museums.ualberta.ca/21-19635,https://media.museums.ualberta.ca/UAAC/bfw/2005/2005_005_413_d01_s20-02v01.jpg,hanging,Qing 17th century,gold wrapped silk thread; silk; silk brocade; lacquer; plexiglas; tapestry weave,overall: 235 cm x 155 cm x 5.4 cm,unknown,"A large kesi, or tapestry weave, hanging that depicts two phoenixes gazing towards one another in a peony-filled garden with scholar's rocks. The male phoenix (feng) is flying above the female (huang), who is standing on a rock. The male phoenix has five long serrated tail feathers and the female phoenix has curling tail feathers. Phoenixes are considered to be the highest-ranking birds in Chinese culture and they are a much-utilized auspicious symbol in textiles, garments and paintings. They are often paired with peonies and relay a message of good fortune, richness, honour and springtime.",,Gift of Sandy and Cécile Mactaggart
2005.5.553,Front and Back Panels of a Rank Badge for a Fifth Rank Civil Official,https://search.museums.ualberta.ca/21-19775,https://media.museums.ualberta.ca/UAAC/bfw/2005/2005_005_553_002_ve_s19-12v01.jpg,rank badge,Qing 19th century,gold wrapped silk thread; silk; silk floss; silk satin; silver wrapped silk thread; embroidery,,unknown,"Rank badges, always made in pairs, were placed on the front and back of surcoats in order to communicate their wearer’s rank during the Ming (1368-1644) and Qing dynasties (1644-1911). Different motifs were regulated by the imperial court, including bird motifs used only for civil officials while beasts were used for military officials. The hierarchy of ranks within these categories was represented by specific birds and beasts. This pair of rank badges features a silver pheasant representing the fifth rank of a civil official. This bird is identified by its white feathers, white crown with a red stripe and long tail.
The front badge is made into two separate panels to accommodate the front opening of a surcoat, while the back badge is made in one piece. The patterns on the front and back badges are identical. This rank badge pair was decorated with smooth satin stitches surrounded by couched metal-wrapped threads. Bats (which represent fortune) and auspicious motifs are scattered among coin-shaped clouds. The background is filled with green geometric lines and  wan symbols (similar in form, but not ideology, to a swastika), which symbolize infinity. In the centre of the badge is a silver pheasant standing on rocks above the waves and water, looking toward a red sun in the upper right corner. The position of the sun on the right side of the badge indicates that the badge was used by the spouse of a civil official and decorated with her husband’s rank.",,Gift of Sandy and Cécile Mactaggart
2004.19.1.1.14,Album Leaf from Illustrations of Costumes from the Qianlong Court,https://search.museums.ualberta.ca/21-20160,https://media.museums.ualberta.ca/UAAC/fullres/2004/2004_019_001_001_014_s21-03v01.jpg,album leaf,Qing 18th century,ink; silk; paper,sheet: 42.2 cm x 40.8 cm; image: 29.5 cm x 37.4 cm,unknown,"This album leaf is part of a section of the illustrations of costumes from the Qianlong court, Huangchao liqi tushi (“The Regulations for the Ceremonial Paraphernalia of the [Qing] Dynasty”). In total there are 34 folios that depict costumes appropriate for the Empress Dowager or Empress to wear at the imperial court along with short descriptive captions. This is the left leaf of one folio (attached to 2004.19.1.15) depicting the backside of a formal court robe.",On the reverse of the piece "(54)" is handwritten in pencil on the upper right corner.,Gift of Sandy and Cécile Mactaggart
2004.19.64.3,Box for Summer Retreat in a River Village,https://search.museums.ualberta.ca/21-20538,https://media.museums.ualberta.ca/UAAC/fullres/2004/2004_019_001_001_014_s21-03v01.jpg,box,Qing 17th-18th centuries,varnished wood with silk lining,7.0 cm x 7.3 cm x 34.9 cm,unknown,Storage box for handscroll.,,Gift of Sandy and Cécile Mactaggart
2005.5.140.1,Silk Tapestry Weave Table Frontal,https://search.museums.ualberta.ca/21-20875,https://media.museums.ualberta.ca/UAAC/fullres/2005/2005_005_140_001_ve_s22-02v01.jpg,table frontal,Qing 20th century,cotton; gold wrapped silk thread; peacock feathers; silk; silk twist; tapestry weave,overall: 96 cm x 94 cm,unknown,,,Gift of Sandy and Cécile Mactaggart
2004.19.85.3.2,Lid from Inner Box for Green Bamboo and Old Trees,https://search.museums.ualberta.ca/21-20567,https://media.museums.ualberta.ca/UAAC/full/2004/19-85-3-2_1.jpg,"box, lid",Qing 17th century,wood,,unknown,Lid from inner storage box for handscroll.,,Gift of Sandy and Cécile Mactaggart
2005.5.557.1,Front Panel of a Rank Badge for a Fifth Rank Military Official,https://search.museums.ualberta.ca/21-20638,https://media.museums.ualberta.ca/UAAC/fullres/2005/2005_005_557_001_ve_s23-03v01.jpg,rank badge,Qing 19th century,gold wrapped silk thread; silk; silk floss; silk satin; embroidery,overall: 30.9 cm x 30.1 cm,unknown,"Rank badges, always made in pairs, were placed on the front and back of surcoats in order to communicate their wearer’s rank during the Ming (1368-1644) and Qing dynasties (1644-1911). Different motifs were regulated by the imperial court, including bird motifs used only for civil officials while beasts were used for military officials. The hierarchy of ranks within these categories was represented by specific birds and beasts. This pair of rank badges features a bear embroidered in gold metal-wrapped and multicoloured silk floss, which represents a fifth rank military official. Bears and lions are often confused on rank badges, as the bear has a mane and tail that appears similar to a lion's. However, a bear's tail curls only at the base, whereas a lion's tail curls at the base and tip. A lion also has a curly mane, while a bear's mane hangs in straight tendrils. 
The front badge is made into two separate panels to accommodate the front opening of a surcoat, while the back badge is made in one piece. The patterns on the front and back badges are identical. The sun on the right side of these badges indicates that the wearer was female, likely the spouse of a military official. The bear, positioned at the center of the badge, is surrounded by flames, clouds, rocks, and standing water waves. A flaming wheel, a Buddhist symbol, can be seen amongst the waves with other obscured treasures. There are bats throughout the sky, which are a symbol of good luck. Many flowers are embroidered in the background, including peonies. Gold metal-wrapped threads outline auspicious symbols and also make up the geometric border design.",,Gift of Sandy and Cécile Mactaggart
2005.5.398,Cut and Voided Silk Velvet Carpet,https://search.museums.ualberta.ca/21-19620,https://media.museums.ualberta.ca/UAAC/fullres/2005/2005_005_398_re_m01_s21-03v01.jpg,carpet,Qing 19th century,gold wrapped silk thread; linen; silk cut velvet; silver wrapped silk thread; copper-wrapped silk thread; cotton; polyester velcro,overall: 240 cm x 425.5 cm,unknown,,,Gift of Sandy and Cécile Mactaggart
2005.5.638,Blue Silk Robe for a Daoist Priest,https://search.museums.ualberta.ca/21-19860,https://media.museums.ualberta.ca/UAAC/bfw/2005/2005_005_638_ve_s20-02v01.jpg,robe,Qing 19th century,dark blue silk satin embroidered with silk and metal-wrapped thread,overall: 125.5 cm x 179.5 cm,unknown,,,Gift of Sandy and Cécile Mactaggart
2005.5.416.1,Peacock Feather for a Mandarin's Hat,https://search.museums.ualberta.ca/21-21025,https://media.museums.ualberta.ca/UAAC/bfw/2005/2005_005_416_001_s20-02v01.jpg,peacock feather,Qing 19th century,peacock feather,overall: 34.7 cm x 4.7 cm,unknown,,,Gift of Sandy and Cécile Mactaggart
2005.5.382,Two Embroidered Cream Silk Sleeve Bands,https://search.museums.ualberta.ca/21-19604,https://media.museums.ualberta.ca/UAAC/bfw/2005/2005_005_382_ve_s20-02v01.jpg,sleeve band,Qing 18th century,gold wrapped silk thread; rayon; silk; silk floss; silk satin; mat board; embroidery,,unknown,,,Gift of Sandy and Cécile Mactaggart
2005.5.448.2,Uncut Embroidered Yellow Silk Cushion Cover,https://search.museums.ualberta.ca/21-20970,https://media.museums.ualberta.ca/UAAC/bfw/2005/2005_005_448_002_ve_s20-02v01.jpg,cushion cover,Qing 19th century,gold wrapped silk thread; silk floss; silk satin; embroidery,overall: 58.7 cm x 75.2 cm,unknown,,,Gift of Sandy and Cécile Mactaggart
2005.5.570.1.1,Right Side of the Front Panel of a Rank Badge for a Fifth Rank Civil Official,https://search.museums.ualberta.ca/21-20711,https://media.museums.ualberta.ca/UAAC/bfw/2005/2005_005_448_002_ve_s20-02v01.jpg,rank badge,Qing 19th century,gold wrapped silk thread; ink; tapestry weave; linen; silk; silver wrapped silk thread,overall: 28.8 cm x 13.8 cm,unknown,,,Gift of Sandy and Cécile Mactaggart
2004.19.2.11,Album Leaf from Illustrations of Chinese Costumes,https://search.museums.ualberta.ca/21-19959,https://media.museums.ualberta.ca/UAAC/fullres/2004/2004_019_002_011_s21-10v01.jpg,album leaf,Qing 18th century,ink; paper,sheet: 17.2 cm x 28.1 cm; image: 11.4 cm x 18.6 cm,unknown,"This album leaf is a part of a 48-page album that depicts Chinese subjects participating in various aspects of daily life, including government business, daily life, cultural customs, modes of transportation, and corporal punishment. This leaf depicts an ink and watercolour drawing of a male figure in a tiger-themed military costume on the left and a man in a long blue coat, tall hat, and black shoes on the right. The soldier is in an active crouching position with a shield and a long sword while the man on the right appears to be holding a whip.",,Gift of Sandy and Cécile Mactaggart
2004.19.79.12,Rocks and Stream in Bamboo Grove,https://search.museums.ualberta.ca/21-20471,https://media.museums.ualberta.ca/UAAC/fullres/2004/2004_019_079_012_m01_alt_edit_s23-01v01.jpg,hanging scroll,Qing 17th century,ink on silk,,Zhu Sheng,,,Gift of Sandy and Cécile Mactaggart
2004.19.87,Landscape,https://search.museums.ualberta.ca/21-19152,https://media.museums.ualberta.ca/UAAC/fullres/2004/2004_019_079_012_m01_alt_edit_s23-01v01.jpg,hanging scroll,Modern 20th century,ink on paper,sheet: 207 cm x 68.2 cm; image: 94.8 cm x 52.5 cm,"Shi Lu											
											 
												
												
													
														View People Details ?",A hanging scroll painting of trees in a mountain landscape.,The scroll is signed by Shi Lu and is impressed with 1 artist seal.  The scroll is also impressed with 1 collector's seal from Robert Ellesworth.,Gift of Sandy and Cécile Mactaggart
2005.5.3.2,Back of a Wine-Red Cut and Voided Silk Velvet Vest for a Man,https://search.museums.ualberta.ca/21-20945,https://media.museums.ualberta.ca/UAAC/bfw/2005/2005_005_003_002_ve_s19-12v01.jpg,vest,Qing 19th-20th centuries,dark purple-red silk cut velvet,overall: 84.8 cm x 77.2 cm; neck to hem: 64.4 cm,unknown,,,Gift of Sandy and Cécile Mactaggart
2005.5.278,Two Panels of Blue Silk Brocade,https://search.museums.ualberta.ca/21-19500,https://media.museums.ualberta.ca/UAAC/bfw/2005/2005_005_003_002_ve_s19-12v01.jpg,panel,Qing 19th century,silk; silk satin; silk jacquard; muslin; silk brocade,,unknown,,,Gift of Sandy and Cécile Mactaggart
2005.5.409,Embroidered Blue Silk Fragmentary Panel,https://search.museums.ualberta.ca/21-19631,https://media.museums.ualberta.ca/UAAC/bfw/2005/2005_005_409_s19-12v01.jpg,panel,Qing 19th century,linen; silk; silk floss; metallic thread; silk satin; brocade braid; embroidery,overall: 45.3 cm x 156 cm,unknown,,,Gift of Sandy and Cécile Mactaggart
2005.5.588.1,Front Panel of a Rank Badge for a Ninth Rank Civil Official,https://search.museums.ualberta.ca/21-20683,https://media.museums.ualberta.ca/UAAC/bfw/2005/2005_005_588_001_ve_s19-12v01.jpg,rank badge,Qing 19th-20th centuries,gold wrapped silk thread; silk; silk floss; silk gauze; silk satin; silver wrapped silk thread; embroidery,,unknown,"Rank badges, always made in pairs, were placed on the front and back of surcoats in order to communicate their wearer’s rank during the Ming (1368-1644) and Qing dynasties (1644-1911). Different motifs were regulated by the imperial court, including bird motifs used only for civil officials, while beasts were used for military officials. The hierarchy of ranks within these categories was represented by specific birds and beasts. 
This rank badge features a flycatcher, representing a ninth rank civil official. In the Ming Dynasty, the birds on rank badges were often presented in pairs in an upper and lower position. Later, in the Qing Dynasty, only one bird was seen on rank badges. The flycatcher is surrounded by ruyi-shaped clouds and four bats, with its wings spread wide and gaze directed toward the sun disk in the upper left corner. This badge is embroidered with gold-metal wrapped thread and silk floss using counted stitches on silk gauze.",,Gift of Sandy and Cécile Mactaggart
2010.20.1.1,"Magnificent Record of the Southern Tours, volumes 1-6, chapters 1-15",https://search.museums.ualberta.ca/21-23666,https://media.museums.ualberta.ca/UAAC/bfw/2010/2010_020_001_001_op_s20-02v01.jpg,book,,"printed woodblock, thread binding",overall: 29.8 cm x 20.5 cm x 6.4 cm,Gao Jin,"One set of the Yuzhi nanxun shengdian [Magnificent Record of the Southern Tours], edited by Gao Jin et al. Volumes 1-6, Chapter 1-15. Woodblock printed, thread binding.",,Gift of Sandy and Cécile Mactaggart
2005.5.245.2,Embroidered Green Silk Fragment,https://search.museums.ualberta.ca/21-20894,https://media.museums.ualberta.ca/UAAC/bfw/2005/2005_005_245_002_ve_s20-02v01.jpg,fragment,Ming 15th century,gold wrapped silk thread; silk floss; silk satin; embroidery,overall: 61.4 cm x 12.2 cm,unknown,(gold dragon facing left),,Gift of Sandy and Cécile Mactaggart
2005.5.564.1.2,Left Side of the Front Panel of a Rank Badge for a Fourth Rank Civil Official,https://search.museums.ualberta.ca/21-20724,https://media.museums.ualberta.ca/UAAC/bfw/2005/2005_005_245_002_ve_s20-02v01.jpg,rank badge,Qing 19th-20th centuries,ink; tapestry weave; metallic thread; linen; silk,overall: 27.7 cm x 14.7 cm,unknown,,,Gift of Sandy and Cécile Mactaggart
2005.5.441.2,Embroidered Cream Silk Sleeve Band,https://search.museums.ualberta.ca/21-20799,https://media.museums.ualberta.ca/UAAC/fullres/2005/2005_005_315_ve_s21-03v01.jpg,sleeve band,Qing 18th-19th centuries,silk floss; silk satin; rhinestone; plastic beads; mylar gold braid,overall: 53.2 cm x 9 cm,unknown,,,Gift of Sandy and Cécile Mactaggart
2005.5.88.8,Embroidered Silk Fan Case,https://search.museums.ualberta.ca/21-20915,https://media.museums.ualberta.ca/UAAC/bfw/2005/2005_005_088_008_ve_s20-02v01.jpg,fan case,Qing 19th century,silk floss; embroidery; silk satin; canvas; silk damask; gold wrapped silk thread; cardboard,overall: 43 cm x 4.9 cm x .9 cm,unknown,,,Gift of Sandy and Cécile Mactaggart
2005.5.558.2,Back Panel of a Rank Badge for a Censor,https://search.museums.ualberta.ca/21-20641,https://media.museums.ualberta.ca/UAAC/fullres/2005/2005_005_558_002_ve_s23-03v01.jpg,rank badge,Qing 19th-20th centuries,gold wrapped silk thread; silk; silk floss; silk gauze; needlework,overall: 29.9 cm x 30.2 cm,unknown,"Rank badges, always made in pairs, were placed on the front and back of surcoats in order to communicate their wearer’s rank during the Ming (1368-1644) and Qing dynasties (1644-1911). Different motifs were regulated by the imperial court, including bird motifs used only for civil officials, while beasts were used for military officials. The hierarchy of ranks within these categories was represented by specific birds and beasts. 
This rank badge features a xiezhi, a mythical creature with a goat- or ox-like body and a single horn on its head. It is gazing at the sun disk in the upper left corner. Renowned for distinguishing right from wrong, the xiezhi attacks the wicked, serving as a powerful symbol of justice. In the imperial court, it represented the role of the imperial censor, tasked with overseeing the ethical behaviour of officials.",,Gift of Sandy and Cécile Mactaggart
2005.5.365,Embroidered Green Silk Jacket for a Child,https://search.museums.ualberta.ca/21-19587,https://media.museums.ualberta.ca/UAAC/bfw/2005/2005_005_365_op_s19-12v01.jpg,jacket,Qing 19th century,green silk damask embroidered with silk and metal-wrapped threads,overall: 55.6 cm x 110.2 cm; neck to hem: 55.6 cm; cuff to cuff: x 110.2 cm,unknown,,,Gift of Sandy and Cécile Mactaggart
2005.5.391.1,Framed Silk Tapestry Weave Panel,https://search.museums.ualberta.ca/21-20863,https://media.museums.ualberta.ca/UAAC/bfw/2005/2005_005_391_001_s20-02v01.jpg,panel,Qing 17th-18th centuries,silk tapestry weave with ink details,overall: 80.2 cm x 110.9 cm,unknown,Image of magpies.,,Gift of Sandy and Cécile Mactaggart
2005.5.193,Embroidered Blue Silk Jacket for a Woman,https://search.museums.ualberta.ca/21-19415,https://media.museums.ualberta.ca/UAAC/bfw/2005/2005_005_193_d02_s19-12v01.jpg,jacket,Qing 19th century,blue silk satin embroidered with silk and metal-wrapped threads,overall: 97.8 cm x 114 cm; neck to hem: 97.8 cm; cuff to cuff: x 114 cm,unknown,,,Gift of Sandy and Cécile Mactaggart
2004.19.54.2.1,Base of Box for Landscape After Li Cheng,https://search.museums.ualberta.ca/21-20530,https://media.museums.ualberta.ca/UAAC/bfw/2005/2005_005_193_d02_s19-12v01.jpg,"box, base",Ming 17th century,varnished wood,,unknown,Base of storage box for handscroll.,,Gift of Sandy and Cécile Mactaggart
2004.19.2.24,Album Leaf from Illustrations of Chinese Costumes,https://search.museums.ualberta.ca/21-19998,https://media.museums.ualberta.ca/UAAC/fullres/2004/2004_019_002_024_s21-10v01.jpg,album leaf,Qing 18th century,ink; paper,sheet: 28 cm x 17.4 cm; image: 22.4 cm x 13.4 cm,unknown,"This album leaf is a part of a 48-page album that depicts Chinese subjects participating in various aspects of daily life, including government business, daily life, cultural customs, modes of transportation, and corporal punishment. This leaf contains an ink and watercolour full-length portrait of a high ranking civil officer. His high rank can be determined by his hat, with ruby red finial and double-eyed peacock feather, as well as his rank badge with a crane, which indicates that he is a first rank civil official. He wears a mid-length black surcoat over a dragon robe, which has long sleeves with horse-hoof cuffs. He also wears a court necklace and black boots, which are a typical part of an official’s outfit.",總督  zongdu  Translation of the Chiense text: "A provincial governor",Gift of Sandy and Cécile Mactaggart
2009.8.11.3,Leggings for Puppet Costume,https://search.museums.ualberta.ca/21-22846,https://media.museums.ualberta.ca/UAAC/ppt/2009/09_008_011_003s01v01.jpg,leggings,,"white silk satin embroidered with silk and metal-wrapped threads, trimmed with fur",overall: 37.5 cm x 50 cm,unknown,,,Gift of Jean Small
2004.19.78,Male & Female Ancestor Portraits,https://search.museums.ualberta.ca/21-19143,https://media.museums.ualberta.ca/UAAC/ppt/2009/09_008_011_003s01v01.jpg,hanging scroll,Qing 18th-19th centuries,ink and colour on paper,overall: 144.8 cm x 75.7 cm; image: 121.9 cm x 70 cm,unknown,"A pair of hanging scroll paintings, one portrait of a female and one portrait of a male.",,Gift of Sandy and Cécile Mactaggart
2005.5.568.2,Back Panel of a Rank Badge for a Fifth Rank Civil Official,https://search.museums.ualberta.ca/21-20717,https://media.museums.ualberta.ca/UAAC/bfw/2005/2005_005_568_002_ve_s19-12v01.jpg,rank badge,Qing 19th century,gold wrapped silk thread; ink; tapestry weave; linen; silk; silver wrapped silk thread,overall: 28.9 cm x 30.4 cm,unknown,"Qing Period (1644-1911), Fifth Rank Civil Official (Silver Pheasant)

(source: John E. Vollmer & Jacqueline Simcox, ""Emblems of Empire: Selections from the Mactaggart Art Collection,"" (The University of Alberta Press and University of Alberta Museums, Edmonton, Alberta, 2009), p. 74.)",,Gift of Sandy and Cécile Mactaggart
2005.5.230.2,Silk Tapestry Weave Fragmentary Panel,https://search.museums.ualberta.ca/21-20883,https://media.museums.ualberta.ca/UAAC/bfw/2005/2005_005_230_002_ve_s19-12v01.jpg,panel,Qing 17th-18th centuries,gold wrapped silk thread; silk; silk tapestry weave,overall: 35.9 cm x 37.5 cm,unknown,,,Gift of Sandy and Cécile Mactaggart
2005.5.525,Embroidered Blue Silk Skirt for a Woman,https://search.museums.ualberta.ca/21-19747,https://media.museums.ualberta.ca/UAAC/bfw/2005/2005_005_525_ve_op_s19-12v01.jpg,skirt,Qing 19th century,blue silk satin embroidered with metal-wrapped threads,overall: 97.4 cm x 120.4 cm,unknown,,,Gift of Sandy and Cécile Mactaggart
2005.5.261.1,Silk Tapestry Weave Jacket,https://search.museums.ualberta.ca/21-20898,https://media.museums.ualberta.ca/UAAC/bfw/2005/2005_005_261_001_d02_s19-12v01.jpg,jacket,Qing 18th century,"metal-wrapped thread, silk and peacock feather-wrapped thread tapestry weave with metal studs",overall: 72 cm x 150.6 cm; cuff to cuff: x 150.6 cm,unknown,,,Gift of Sandy and Cécile Mactaggart
2005.5.529,Embroidered Peach Silk Skirt for a Woman,https://search.museums.ualberta.ca/21-19751,https://media.museums.ualberta.ca/UAAC/bfw/2005/2005_005_529_re_d02_s19-12v01.jpg,skirt,Qing 19th century,gold silk damask and black silk satin embroidered with silk,overall: 99 cm x 116.7 cm,unknown,,,Gift of Sandy and Cécile Mactaggart
2010.20.1.7.1,"Magnificent Record of the Southern Tours, volume 37, chapters 94-95",https://search.museums.ualberta.ca/21-23715,https://media.museums.ualberta.ca/UAAC/bfw/2010/2010_020_001_007_001_s20-02v01.jpg,book,,"printed woodblock, thread binding",overall: 29.8 cm x 20.5 cm,Gao Jin,"One set of the Yuzhi nanxun shengdian [Magnificent Record of the Southern Tours], edited by Gao Jin et al. Volume 37, Chapter 94-95. Mingsheng [Famous sights]. Woodblock printed, thread binding.",,Gift of Sandy and Cécile Mactaggart
2005.5.296,Silk Tapestry Weave Table Frontal with Landscape Scene,https://search.museums.ualberta.ca/21-19518,https://media.museums.ualberta.ca/UAAC/full/2005/05_005_296s01v01d02.jpg,table frontal,Qing 18th-19th centuries,ink; linen; silk tapestry weave,overall: 86.9 cm x 93.8 cm,unknown,,,Gift of Sandy and Cécile Mactaggart
2004.19.14.2,Storage Bag for Landscape in Style of Wang Meng,https://search.museums.ualberta.ca/21-20514,https://media.museums.ualberta.ca/UAAC/full/2005/05_005_296s01v01d02.jpg,bag,Qing 17th century,,67.7cm (H) x 19.0cm (W) x 4.2cm(radius),unknown,"Storage bag for a hanging scroll. Lond blue (exterior) bag with circular ends and black ties, cream coloured, silk interior.",,Gift of Sandy and Cécile Mactaggart
2005.5.576.1.2,Left Side of the Front Panel of a Rank Badge for an Eighth Rank Civil Official,https://search.museums.ualberta.ca/21-20664,https://media.museums.ualberta.ca/UAAC/full/2005/05_005_296s01v01d02.jpg,rank badge,Qing 19th-20th centuries,gold wrapped silk thread; silk; silk floss; silk gauze; silver wrapped silk thread; embroidery,overall: 28.2 cm x 14.8 cm,unknown,,,Gift of Sandy and Cécile Mactaggart
2004.19.2.22,Album Leaf from Illustrations of Chinese Costumes,https://search.museums.ualberta.ca/21-19996,https://media.museums.ualberta.ca/UAAC/fullres/2004/2004_019_002_022_s21-10v01.jpg,album leaf,Qing 18th century,ink; paper,sheet: 17.2 cm x 28 cm; image: 11.4 cm x 18.6 cm,unknown,"This album leaf is a part of a 48-page album that depicts Chinese subjects participating in various aspects of daily life, including government business, daily life, cultural customs, modes of transportation, and corporal punishment. This leaf contains an ink and watercolour depiction of ankle crusher torture, or jiagun, which utilized three wooden boards and a length of cord that was gradually pulled to increase the pressure on the prisoner's ankle bones. This was a non-lethal form of punishment that was used to elicit a confession from the prisoner. In this scene, a man, dressed in a blue tunic and short pants, lays prone on a wooden plank with his ankles between three long skinny boards. Four men in mid-length black jackets, blue pants, and hats with feathers surround the prisoner. One holds his shoulders down, two pull on a long cord, and the fourth uses a mallet to strike the boars, breaking the prisoner’s bones and causing immense pain.",,Gift of Sandy and Cécile Mactaggart
2004.19.3.17,Album Leaf from Insects,https://search.museums.ualberta.ca/21-20090,https://media.museums.ualberta.ca/UAAC/fullres/2004/2004_019_003_017_s21-03v01.jpg,album leaf,Qing 18th-19th centuries,ink; paper,sheet: 42.9 cm x 35.4 cm; image: 27.3 cm x 21.3 cm,unknown,A painting of two butterflies and a branch of leaves with red flowers.,,Gift of Sandy and Cécile Mactaggart
2005.5.160,Embroidered Blue Silk Jacket for a Girl,https://search.museums.ualberta.ca/21-19382,https://media.museums.ualberta.ca/UAAC/bfw/2005/2005_005_160_d01_s19-12v01.jpg,jacket,Qing 19th century,dark blue silk satin embroidered with silk,overall: 69.7 cm x 146.6 cm; neck to hem: 69.7 cm; cuff to cuff: x 146.6 cm,unknown,,,Gift of Sandy and Cécile Mactaggart
2005.5.88.4,Embroidered Silk Fan Case,https://search.museums.ualberta.ca/21-20911,https://media.museums.ualberta.ca/UAAC/bfw/2005/2005_005_088_004_ve_s20-02v01.jpg,fan case,Qing 19th century,silk satin; silk floss; embroidery; cardboard; braided ribbon; linen; canvas; gold wrapped silk thread; silver wrapped silk thread; glass,overall: 46 cm x 7 cm x 1.2 cm,unknown,,,Gift of Sandy and Cécile Mactaggart
2005.5.452,Red Silk Gauze Robe for a Woman,https://search.museums.ualberta.ca/21-19674,https://media.museums.ualberta.ca/UAAC/fullres/2005/2005_005_452_ve_s21-03v01.jpg,robe,Qing 19th century,red silk gauze embroidered with silk and edged with black silk embroidered gauze,overall: 138 cm x 119.5 cm,unknown,"A red silk gauze robe decorated with peonies, butterflies, a multi-coloured trim. The design has been embroidered into the gauze using a counted stitch technique, in which silk floss is woven through the open weave of the gauze fabric. The thick black trim and white sleeve bands have been decorated in the same manner. The short standing collar, combined with vibrant colours from synthetic aniline dyes, indicates that this robe was made in the late 19th or early 20th century.",,Gift of Sandy and Cécile Mactaggart
2005.5.614,Left Side of the Front Panel of a Rank Badge,https://search.museums.ualberta.ca/21-19836,https://media.museums.ualberta.ca/UAAC/bfw/2005/2005_005_614_ve_s19-12v01.jpg,rank badge,Qing 19th century,gold wrapped silk thread; silk floss; silk gauze; paper; embroidery,overall: 22.5 cm x 12.2 cm,unknown,,,Gift of Sandy and Cécile Mactaggart
2005.5.561.1,Front Panel of a Rank Badge for a Fourth Rank Civil Official,https://search.museums.ualberta.ca/21-20648,https://media.museums.ualberta.ca/UAAC/bfw/2005/2005_005_561_001_ve_s19-12v01.jpg,rank badge,Qing 19th century,gold wrapped silk thread; linen; silk; ink; tapestry weave,,unknown,"Qing Period (1644-1911), Fourth Rank Civil Official (Wild Goose)

(source: John E. Vollmer & Jacqueline Simcox, ""Emblems of Empire: Selections from the Mactaggart Art Collection,"" (The University of Alberta Press and University of Alberta Museums, Edmonton, Alberta, 2009), p. 74.)",,Gift of Sandy and Cécile Mactaggart
2004.19.44,Portrait of Qi Baishi,https://search.museums.ualberta.ca/21-19109,https://media.museums.ualberta.ca/UAAC/bfw/2005/2005_005_561_001_ve_s19-12v01.jpg,hanging scroll,Modern 20th century,ink on paper,sheet: 240 cm x 79.8 cm; image: 131.4 cm x 65.1 cm,"Wang Ziwu											
											 
												
												
													
														View People Details ?","Wang Ziwu (1936-2021) completed this portrait of Qi Baishi, one of the most beloved and well-known Chinese artists of the 19th and 20th centuries, with baimiao technique (finely controlled, supple ink outline). Though the lines and colours are simplistic, the painting is carefully composed. Wang emphasizes structure and faithfully depicts the contours of the figure. While he uses only a few strokes to outline, the expressions accurately convey the subject’s inner life and character. For instance, we can tell from his attire that Qi Baishi was a very traditional man, and we seem to feel his insightful gaze penetrating through his lenses. Wang’s use of lines is quite distinctive, and has a certain degree of calligraphic charm.",Signed by Ziwu and impressed with 2 artist seals.  The scroll is also inscribed with 2 poems by Qi Baishi.,Gift of Sandy and Cécile Mactaggart
2005.5.568.1.1,Right Side of the Front Panel of a Rank Badge for a Fifth Rank Civil Official,https://search.museums.ualberta.ca/21-20715,https://media.museums.ualberta.ca/UAAC/bfw/2005/2005_005_561_001_ve_s19-12v01.jpg,rank badge,Qing 19th century,gold wrapped silk thread; ink; tapestry weave; linen; silk; silver wrapped silk thread,overall: 29.3 cm x 15.8 cm,unknown,,,Gift of Sandy and Cécile Mactaggart
2004.19.65,Lady in a Pavilion,https://search.museums.ualberta.ca/21-19130,https://media.museums.ualberta.ca/UAAC/fullres/2004/2004_019_065_s22-02v01.jpg,hanging scroll,Qing 18th-19th centuries,ink and colour on silk,sheet: 149.9 cm x 47.6 cm; image: 70 cm x 27.5 cm,unknown,A hanging scroll painting of women in a building overlooking a garden.,,Gift of Sandy and Cécile Mactaggart
2005.5.561.2,Back Panel of a Rank Badge for a Fourth Rank Civil Official,https://search.museums.ualberta.ca/21-20649,https://media.museums.ualberta.ca/UAAC/bfw/2005/2005_005_561_002_ve_s19-12v01.jpg,rank badge,Qing 19th century,gold wrapped silk thread; linen; silk; ink; tapestry weave,overall: 29.1 cm x 30.2 cm,unknown,"Qing Period (1644-1911), Fourth Rank Civil Official (Wild Goose)

(source: John E. Vollmer & Jacqueline Simcox, ""Emblems of Empire: Selections from the Mactaggart Art Collection,"" (The University of Alberta Press and University of Alberta Museums, Edmonton, Alberta, 2009), p. 74.)",,Gift of Sandy and Cécile Mactaggart
2005.5.490,Silk Cut Velvet Hanging,https://search.museums.ualberta.ca/21-19712,https://media.museums.ualberta.ca/UAAC/bfw/2005/2005_005_490_re_alt-ex_s20-02v01.jpg,hanging,Qing 18th century,linen; metallic thread; silk; silk cut velvet; silk damask; metal,overall: 209 cm x 115 cm,unknown,,,Gift of Sandy and Cécile Mactaggart
2015.8.1,Silk Tapestry Weave Hanging,https://search.museums.ualberta.ca/21-27020,https://media.museums.ualberta.ca/UAAC/bfw/2005/2005_005_490_re_alt-ex_s20-02v01.jpg,wall hanging,,silk; cotton; metallic thread,overall: 175.5 cm x 39.5 cm,unknown,,,Bequest of the Estate of John Caughell
2005.5.548.2,Back Panel of a Rank Badge for a Fifth Rank Civil Official,https://search.museums.ualberta.ca/21-20621,https://media.museums.ualberta.ca/UAAC/bfw/2005/2005_005_548_002_ve_s19-12v01.jpg,rank badge,Qing 18th-19th centuries,gold wrapped silk thread; silk damask; silk floss; silk satin; embroidery,overall: 29.5 cm x 31.6 cm,unknown,"Rank badges, always made in pairs, were placed on the front and back of surcoats in order to communicate their wearer’s rank during the Ming (1368-1644) and Qing dynasties (1644-1911). Different motifs were regulated by the imperial court, including bird motifs used only for civil officials while beasts were used for military officials. The hierarchy of ranks within these categories was represented by specific birds and beasts. This pair of rank badges features a silver pheasant representing the fifth rank of a civil official. This bird is identified by its white feathers, white crown with a red stripe and long tail.
The front badge is made into two separate panels to accommodate the front opening of a surcoat, while the back badge is made in one piece. The patterns on the front and back badges are identical. This rank badge pair was decorated with delicate seed stitches, also referred to as “Peking knots” or ta tzu. Gold metal-wrapped thread is couched around some of the colourful motifs as a border. In the centre of the badge, a silver pheasant, standing on rocks above waves, looks toward a red sun in the upper left corner. An embellished canopy floats above the bird, while the Eight Buddhist treasures surround it, including lotuses, the wheel, the parasol, the vase, the conch, the fish and the endless knot. The border of the badge is decorated with blue and white floral motifs and gold geometric patterns.",,Gift of Sandy and Cécile Mactaggart
2010.21.5,Dark Blue Brocade Panel,https://search.museums.ualberta.ca/21-23811,https://media.museums.ualberta.ca/UAAC/bfw/2005/2005_005_548_002_ve_s19-12v01.jpg,panel,Qing 19th-20th centuries,Dyed silk brocade with glazed gilt wood frame,,unknown,"Pair of dark blue silk brocade panels with a design of a flower vase and pendants at the top of the panel, followed by a five-clawed dragon, a round flower and lingzhi medallion and a pair of lion dogs flanking a pavillion on the bottom.",,Gift of Sandy and Cécile Mactaggart
2005.5.522,Silk Tapestry Weave Hanging,https://search.museums.ualberta.ca/21-19744,https://media.museums.ualberta.ca/UAAC/fullres/2005/2005_005_522_ve_s21-03v01.jpg,hanging,Qing 19th century,brass; ink; silk brocade; wood; tapestry weave,overall: 227 cm x 124 cm,unknown,,,Gift of Sandy and Cécile Mactaggart
2005.5.143.5,Imperial Yellow Silk Brocade Document Cover,https://search.museums.ualberta.ca/21-20821,https://media.museums.ualberta.ca/UAAC/fullres/2005/2005_005_143_005_re_s21-03v01.jpg,document cover,Qing 19th century,silk; silk brocade; silk twill; gold wrapped silk thread,overall: 109 cm x 109 cm,unknown,,,Gift of Sandy and Cécile Mactaggart
2005.5.588,Front and Back Panels of a Rank Badge for a Ninth Rank Civil Official,https://search.museums.ualberta.ca/21-19810,https://media.museums.ualberta.ca/UAAC/bfw/2005/2005_005_588_002_re_s19-12v01.jpg,rank badge,Qing 19th-20th centuries,gold wrapped silk thread; silk; silk floss; silk gauze; silk satin; silver wrapped silk thread; embroidery,,unknown,"Rank badges, always made in pairs, were placed on the front and back of surcoats in order to communicate their wearer’s rank during the Ming (1368-1644) and Qing dynasties (1644-1911). Different motifs were regulated by the imperial court, including bird motifs used only for civil officials, while beasts were used for military officials. The hierarchy of ranks within these categories was represented by specific birds and beasts. 
This pair of rank badges features a flycatcher, representing a ninth rank civil official. In the Ming Dynasty, the birds on rank badges were often presented in pairs in an upper and lower position. Later, in the Qing Dynasty, only one bird was seen on rank badges. The flycatcher is surrounded by ruyi-shaped clouds and four bats, with its wings spread wide and gaze directed toward the sun disk in the upper left corner. This badge is embroidered with gold-metal wrapped thread and silk floss using counted stitches on silk gauze.",,Gift of Sandy and Cécile Mactaggart
2005.5.329,Blue Silk Tapestry Weave Dragon Robe for a Man,https://search.museums.ualberta.ca/21-19551,https://media.museums.ualberta.ca/UAAC/fullres/2005/2005_005_329_ve_s21-03v01.jpg,robe,Qing 19th century,blue silk and metal-wrapped thread tapestry weave,overall: 140.5 cm x 238 cm; neck to hem: 140.5 cm; cuff to cuff: x 238 cm,unknown,,,Gift of Sandy and Cécile Mactaggart
2005.5.172,Embroidered Red Silk Domestic Formal Robe for a Woman,https://search.museums.ualberta.ca/21-19394,https://media.museums.ualberta.ca/UAAC/fullres/2005/2005_005_172_ve_s21-03v01.jpg,robe,Qing 20th century,red silk twill embroidered with silk,overall: 138.2 cm x 194.5 cm; neck to hem: 138.2 cm; cuff to cuff: x 194.5 cm,unknown,,,Gift of Sandy and Cécile Mactaggart
2004.19.69.2,Box for Boat on a River,https://search.museums.ualberta.ca/21-20542,https://media.museums.ualberta.ca/UAAC/fullres/2005/2005_005_172_ve_s21-03v01.jpg,box,Qing 17th century,,overall: 7.2 cm x 8.1 cm x 67.2 cm,unknown,Storage box for hanging scroll.,,Gift of Sandy and Cécile Mactaggart
2010.20.1.8.3,"Magnificent Record of the Southern Tours, volume 45, chapters 112-113",https://search.museums.ualberta.ca/21-23727,https://media.museums.ualberta.ca/UAAC/bfw/2010/2010_020_001_008_003_s20-02v01.jpg,book,,"printed woodblock, thread binding",overall: 29.8 cm x 20.5 cm,Gao Jin,"One set of the Yuzhi nanxun shengdian [Magnificent Record of the Southern Tours], edited by Gao Jin et al. Volume 45, Chapter 112-113. Zouyi [Court memorials]. Woodblock printed, thread binding.",,Gift of Sandy and Cécile Mactaggart
2005.5.507,Embroidered Blue Silk Sleeve Bands,https://search.museums.ualberta.ca/21-19729,https://media.museums.ualberta.ca/UAAC/bfw/2005/2005_005_507_s19-12v01.jpg,sleeve band,Qing 19th century,silk; silk brocade ribbon; silk floss; silk satin; embroidery; copper-wrapped silk thread,overall: 72.2 cm x 34.2 cm,unknown,,,Gift of Sandy and Cécile Mactaggart
2005.5.605.1.1,Right Side of the Front Panel of a Rank Badge for a Sixth Rank Military Official,https://search.museums.ualberta.ca/21-20759,https://media.museums.ualberta.ca/UAAC/bfw/2005/2005_005_507_s19-12v01.jpg,rank badge,Qing 19th century,gold wrapped silk thread; linen; silk; ink; tapestry weave,overall: 26.4 cm x 14.9 cm,unknown,,,Gift of Sandy and Cécile Mactaggart
2010.20.1.1.5,"Magnificent Record of the Southern Tours, volume 5, chapters 11 to 12",https://search.museums.ualberta.ca/21-23681,https://media.museums.ualberta.ca/UAAC/bfw/2010/2010_020_001_001_005_s20-02v01.jpg,book,,"printed woodblock, thread binding",overall: 29.9 cm x 18.5 cm x 0.7 cm,Gao Jin,"One volume from the Yuzhi nanxun shengdian [Magnificent Record of the Southern Tours], edited by Gao Jin et al. Chapters 11 to 12. Volume 5. Tianzhang [Imperial essays]. Woodblock printed, thread binding.",,Gift of Sandy and Cécile Mactaggart
2007.23.1,Family Portrait,https://search.museums.ualberta.ca/21-21565,https://media.museums.ualberta.ca/UAAC/bfw/2007/2007_023_001_m01_s23-02_v01.jpg,painting,Qing 19th century,ink and mineral pigments on paper,overall: 203.9 cm x 400.4 cm x 4 cm,unknown,"This portrait features four generations of a distinguished northern family from the late Qing dynasty, assembled to honour the birthday of the family matriarch. On the left, five men wear their formal attire with rank badges, court necklaces, and traditional hats. On the right, the women wear full-length Manchu robes to distinguish themselves from the female servants dressed in traditional Han Chinese two-piece attire. The matriarch’s three grandsons offer her nine jade-inlaid wooden ruyi scepters, placed on a brown fabric wrap, as a symbol of blessings and prosperity.",,Purchased by Museums and Collections Services
2004.19.31.1,Orchids,https://search.museums.ualberta.ca/21-20516,https://media.museums.ualberta.ca/UAAC/fullres/2004/2004_019_031_001_m01_s22-02v01.jpg,hanging scroll,Qing 17th-18th centuries,ink on paper,sheet: 243.2 cm x 61 cm; image: 148.3 cm x 46.5 cm,Zheng Xie,A hanging scroll painting of orchids.,Signed by Banqiao Zheng Xie and impressed with 3 artist seals.  The scroll also has 1 collector's seal.,Gift of Sandy and Cécile Mactaggart
2010.20.1.2.5,"Magnificent Record of the Southern Tours, volume 11, chapters 27-28",https://search.museums.ualberta.ca/21-23689,https://media.museums.ualberta.ca/UAAC/bfw/2010/2010_020_001_002_005_s20-02v01.jpg,book,,"printed woodblock, thread binding",overall: 29.8 cm x 20.5 cm,Gao Jin,"One set of the Yuzhi nanxun shengdian [Magnificent Record of the Southern Tours], edited by Gao Jin et al. Volume 11. Chapters 27-28. Tianzhang [Imperial essays].  Woodblock printed, thread binding.",,Gift of Sandy and Cécile Mactaggart
2005.5.412,Embroidered Blue Silk Gauze Court Dragon Robe for a Man,https://search.museums.ualberta.ca/21-19634,https://media.museums.ualberta.ca/UAAC/bfw/2005/2005_005_412_ve_s20-02v01.jpg,robe,Qing 19th century,blue silk gauze embroidered with silk and metal-wrapped threads,overall: 144.8 cm x 208.6 cm; neck to hem: 144.8 cm; cuff to cuff: x 208.6 cm,unknown,,,Gift of Sandy and Cécile Mactaggart
2004.19.45,Three Friends in a Boat,https://search.museums.ualberta.ca/21-19110,https://media.museums.ualberta.ca/UAAC/fullres/2004/2004_019_045_d01_s21-10v01.jpg,hanging scroll,Modern 20th century,ink and colour on paper,sheet: 231.1 cm x 75.8 cm; image: 110.1 cm x 61.5 cm,Fu Baoshi,A hanging scroll painting of a boat in water surrounded by reeds.,Signed by Xinyu Fu Baoshi and impressed with 3 artist seals.,Gift of Sandy and Cécile Mactaggart
2005.5.570,Front and Back Panels of a Rank Badge for a Fifth Rank Civil Official,https://search.museums.ualberta.ca/21-19792,https://media.museums.ualberta.ca/UAAC/bfw/2005/2005_005_570_002_re_s19-12v01.jpg,rank badge,Qing 19th century,gold wrapped silk thread; ink; tapestry weave; linen; silk; silver wrapped silk thread,,unknown,"Qing Period (1644-1911), Fifth Rank Civil Official (Silver Pheasant)

(source: John E. Vollmer & Jacqueline Simcox, ""Emblems of Empire: Selections from the Mactaggart Art Collection,"" (The University of Alberta Press and University of Alberta Museums, Edmonton, Alberta, 2009), p. 74.)",,Gift of Sandy and Cécile Mactaggart
2004.19.1.1.46,Album Leaf from Illustrations of Costumes from the Qianlong Court,https://search.museums.ualberta.ca/21-20255,https://media.museums.ualberta.ca/UAAC/fullres/2004/2004_019_001_001_046_s21-03v01.jpg,album leaf,Qing 18th century,ink; silk; paper,sheet: 42.2 cm x 40.8 cm; image: 27.9 cm x 24.4 cm,unknown,"This album leaf is part of a section of the illustrations of costumes from the Qianlong court, Huangchao liqi tushi (“The Regulations for the Ceremonial Paraphernalia of the [Qing] Dynasty”). In total there are 34 folios that depict costumes appropriate for the Empress Dowager or Empress to wear at the imperial court along with short descriptive captions. This is the left leaf of one folio (attached to 2004.19.1.47) depicting the back of a vest. This painting is nearly identical to another leaf found in the album, 2004.19.1.1.44.",On the reverse of the image "(22)" is handwritten in pencil on the upper right corner.,Gift of Sandy and Cécile Mactaggart
2005.5.400,Blue Silk Tapestry Weave Cushion Cover,https://search.museums.ualberta.ca/21-19622,https://media.museums.ualberta.ca/UAAC/fullres/2005/2005_005_400_ve_s21-03v01.jpg,cushion cover,Qing 19th century,ink; tapestry weave; silk; silk satin; embroidery,overall: 107 cm x 134.3 cm,unknown,,,Gift of Sandy and Cécile Mactaggart
2005.5.93,Blue Silk Gauze Surcoat for a Man,https://search.museums.ualberta.ca/21-19315,https://media.museums.ualberta.ca/UAAC/bfw/2005/2005_005_093_d01_s19-12v01.jpg,surcoat,Qing 19th century,blue silk gauze with embroidered silk rank badges,overall: 120.3 cm x 184 cm; neck to hem: 120.3 cm; cuff to cuff: x 184 cm,unknown,"A black silk gauze (leno weave) surcoat (or bufu) with medallions woven into ground and embroidered rank badges on the front and back. There is a crane, recognizable by the red cap on its head, on the square rank badges, which identifes the wearer as a first-rank civil official. The position of the sun on the left side of the badge (the wearer's right side) indicates that the wearer is a man. Clouds surround the crane, as well as bats, which symbolize good fortune. An ascending and descending dragon can be found in each medallion in the ground of the surcoat. This surcoat has a typical front opening with five brass buttons, and three vents - two at the sides and one in the back. Garments like this were used to represent the wearer's identity to the broader society and, as such, it would have been worn as an outer garment over robes, as seen in the Family Portrait painting (2007.23.1). Consorts and children often wore badges that declared the patriarch's rank as well.",,Gift of Sandy and Cécile Mactaggart
2010.21.2.1,One of a pair of Wool Pile Pillar Carpet,https://search.museums.ualberta.ca/21-24284,https://media.museums.ualberta.ca/UAAC/fullres/2010/2010_021_002_001_ve_g02_s22-02v01.jpg,carpet,,Dyed wool pile,overall: 232.6 cm x 85.5 cm x 1.5 cm,unknown,"One of a pair of Chinese wool pile pillar carpet with pale yellow fields decorated with a five-clawed dragon, surrounded by emblems of the eight Buddhist treasures and clouds. The top portion of the carpet has stellar medallion and pendant designs and the bottom is decorated with a rock, stylized waves and stripes.",,Gift of Sandy and Cécile Mactaggart
2005.5.359,Embroidered Red Silk Hanging,https://search.museums.ualberta.ca/21-19581,https://media.museums.ualberta.ca/UAAC/fullres/2005/2005_005_359_re_s21-03v01.jpg,hanging,Qing 19th century,gold wrapped silk thread; silk floss; silk satin; embroidery; rayon,overall: 245 cm x 144 cm,unknown,,,Gift of Sandy and Cécile Mactaggart
2005.5.406,Embroidered Blue Silk Gauze Court Dragon Robe for a Man,https://search.museums.ualberta.ca/21-19628,https://media.museums.ualberta.ca/UAAC/bfw/2005/2005_005_406_ve_s20-02v01.jpg,robe,Qing 20th century,dark blue silk gauze brocaded with silk and metal-wrapped threads,overall: 140 cm x 195 cm,unknown,,,Gift of Sandy and Cécile Mactaggart
2004.19.54,Landscape After Li Cheng Handscroll with Storage Box,https://search.museums.ualberta.ca/21-19119,https://media.museums.ualberta.ca/UAAC/bfw/2005/2005_005_406_ve_s20-02v01.jpg,handscroll set,Ming 17th century,ink and colour on silk,sheet: 45.6 cm x 956.3 cm; image: 40.1 cm x 325.8 cm,Liu Du,A handscroll painting with storage box.,,Gift of Sandy and Cécile Mactaggart
2005.5.429,Yellow Silk Brocade,https://search.museums.ualberta.ca/21-19651,https://media.museums.ualberta.ca/UAAC/bfw/2005/2005_005_429_ve_g02_s20-02v01.jpg,yardage,Qing 19th century,gold wrapped silk thread; silk brocade,overall: 70 cm x 240 cm,unknown,,,Gift of Sandy and Cécile Mactaggart
2004.19.2.18,Album Leaf from Illustrations of Chinese Costumes,https://search.museums.ualberta.ca/21-19970,https://media.museums.ualberta.ca/UAAC/fullres/2004/2004_019_002_018_s21-10v01.jpg,album leaf,Qing 18th century,ink; paper,sheet: 17.2 cm x 28 cm; image: 10.5 cm x 16.3 cm,unknown,"This album leaf is a part of a 48-page album that depicts Chinese subjects participating in various aspects of daily life, including government business, daily life, cultural customs, modes of transportation, and corporal punishment. The ink and watercolour drawing on this leaf depicts a man sitting in a sedan chair being carried by two men. The sedan chair consists of two long poles, which sit on the shoulders of the porters, with a seat and a footrest for the passenger. The passenger is dressed like a typical Manchu man, in a mid-length blue robe with a “queue” hairstyle, in which the front and sides of his head are shaved with a long braid down the back. The passenger also holds an umbrella and has luggage secured behind his back. The two porters are wearing short blue tunics over short white pats with straw hats and sandals.",,Gift of Sandy and Cécile Mactaggart
2005.5.436,Blue Silk Tapestry Weave Yardage,https://search.museums.ualberta.ca/21-19658,https://media.museums.ualberta.ca/UAAC/fullres/2005/2005_005_436_re_g02_s22-02v01.jpg,yardage,Qing 20th century,silk; tapestry weave; gold wrapped silk thread,overall: 78 cm x 235 cm,unknown,,,Gift of Sandy and Cécile Mactaggart
2005.5.559.1.2,Left Side of the Front Panel of a Rank Badge for a Fourth Rank Military Official,https://search.museums.ualberta.ca/21-20644,https://media.museums.ualberta.ca/UAAC/fullres/2005/2005_005_436_re_g02_s22-02v01.jpg,rank badge,Qing 19th-20th centuries,gold wrapped silk thread; silk; silk satin; silver wrapped silk thread; embroidery,overall: 29.5 cm x 15.4 cm,unknown,,,Gift of Sandy and Cécile Mactaggart
2005.5.333,Embroidered Red Silk Gauze Skirt for a Woman,https://search.museums.ualberta.ca/21-19555,https://media.museums.ualberta.ca/UAAC/bfw/2005/2005_005_333_d01_s19-12v01.jpg,skirt,Qing 19th century,red figured silk embroidered with silk,overall: 118.3 cm x 102.3 cm,unknown,,,Gift of Sandy and Cécile Mactaggart
2004.19.57.1,Landscape,https://search.museums.ualberta.ca/21-20517,https://media.museums.ualberta.ca/UAAC/fullres/2004/2004_019_057_001_m01_s22-02v01.jpg,hanging scroll,Qing 17th century,ink on paper,sheet: 271.8 cm x 61.2 cm; image: 97.3 cm x 42.8 cm,Wang Shimin,A hanging scroll painting of a mountain landscape.,"Signed by Wang Shimin and impressed with 1 artist. The scroll is impressed with 7 collector's seals, including 2 by Wu Hufan (1894-1968). There is a colophon on the mounting by Wu Hufan.",Gift of Sandy and Cécile Mactaggart
2010.21.4,Brocade Dragon Panel,https://search.museums.ualberta.ca/21-23810,https://media.museums.ualberta.ca/UAAC/fullres/2010/2010_021_004_s23-01v01.jpg,panel,Qing 19th century,Silk brocade embroidered with metal-wrapped threads and with glazed gilt wood frame,overall: 90.5 cm x 97.8 cm x 2.7 cm,unknown,"The panel features a central four-clawed dragon surrounded by auspicious emblems and dragons on a bright blue ground, below a dark blue panel with two dragons flanking a ""long life"" character.",,Gift of Sandy and Cécile Mactaggart
2005.5.515,Silk Brocade Yardage,https://search.museums.ualberta.ca/21-19737,https://media.museums.ualberta.ca/UAAC/fullres/2005/2005_005_515_re_g05_s23-01v01.jpg,yardage,Qing 20th century,gold wrapped silk thread; silk brocade; silk satin,overall: 76 cm x 721 cm,unknown,,,Gift of Sandy and Cécile Mactaggart
2005.5.281,Blue Silk Yardage for a Man's Jacket,https://search.museums.ualberta.ca/21-19503,https://media.museums.ualberta.ca/UAAC/bfw/2005/2005_005_281_ve_g02_s20-02v01.jpg,yardage,Qing 20th century,silk; silk cut velvet,overall: 65.5 cm x 290.5 cm,unknown,,,Gift of Sandy and Cécile Mactaggart
2005.5.403,Embroidered Blue Silk Actor's Costume,https://search.museums.ualberta.ca/21-19625,https://media.museums.ualberta.ca/UAAC/bfw/2005/2005_005_281_ve_g02_s20-02v01.jpg,costume,Modern 20th century,pale blue-green silk satin embroidered with silk and metal-wrapped threads,,unknown,,,Gift of Sandy and Cécile Mactaggart
2005.5.282,Silk Tapestry Weave Hanging Woven with a Military Scene,https://search.museums.ualberta.ca/21-19504,https://media.museums.ualberta.ca/UAAC/fullres/2005/2005_005_282_ve_s21-03v01.jpg,hanging,Qing 20th century,gold wrapped silk thread; silk; silk satin; paint,overall: 212 cm x 152 cm,unknown,,,Gift of Sandy and Cécile Mactaggart
2005.5.533.1,Embroidered Silk Fragmentary Panel,https://search.museums.ualberta.ca/21-20924,https://media.museums.ualberta.ca/UAAC/bfw/2005/2005_005_533_001_s19-12v01.jpg,panel,Qing 19th century,gold wrapped silk thread; silk; silk brocade; silk floss; embroidery; silk satin,overall: 136.8 cm x 53.5 cm,unknown,,,Gift of Sandy and Cécile Mactaggart
2005.5.616,Left Side of the Front Panel of a Rank Badge,https://search.museums.ualberta.ca/21-19838,https://media.museums.ualberta.ca/UAAC/bfw/2005/2005_005_616_ve_s19-12v01.jpg,rank badge,Qing 19th century,gold wrapped silk thread; silk floss; silk satin; embroidery,overall: 28.6 cm x 15.3 cm,unknown,,,Gift of Sandy and Cécile Mactaggart
2005.5.304,Blue Silk Tapestry Weave Surcoat for a Woman,https://search.museums.ualberta.ca/21-19526,https://media.museums.ualberta.ca/UAAC/bfw/2005/2005_005_304_d01_s19-12v01.jpg,surcoat,Qing 19th century,dark blue silk and metal-wrapped thread tapestry weave,overall: 140 cm x 119.4 cm; neck to hem: 140 cm; cuff to cuff: x 119.4 cm,unknown,"A black silk tapestry (kesi) weave surcoat (or bufu) with eight roundels and decorative hem woven into the design. Each roundel contains a similar design of peonies, pheasants, butterflies, and other flowers. The hem is decorated with a thick standing water design, which consists of diagonal multi-coloured stripes, and waves crashing against rocks. Interspersed in the waves are auspicious symbols, such as wan symbols and decorative bells. This surcoat has a typical front opening with five brass buttons, and three vents - two at the sides and one in the back. During the Qing Dynasty (1644-1911) it would have been worn by a Manchu woman overtop of her robes.",,Gift of Sandy and Cécile Mactaggart
2011.16.1,Ceremonial armour,https://search.museums.ualberta.ca/21-23638,https://media.museums.ualberta.ca/UAAC/bfw/2005/2005_005_304_d01_s19-12v01.jpg,ceremonial armour,,"silk, cotton and metal",overall: 83 cm x 104 cm,,"Helmet, two epaulettes, jacket and skirt/apron flats.",,Gift of Sandy and Cécile Mactaggart
2010.20.1.2.6,"Magnificent Record of the Southern Tours, volume 12, chapters 29-31",https://search.museums.ualberta.ca/21-23690,https://media.museums.ualberta.ca/UAAC/bfw/2010/2010_020_001_002_006_s20-02v01.jpg,book,,"printed woodblock, thread binding",overall: 29.8 cm x 20.5 cm,Gao Jin,"One set of the Yuzhi nanxun shengdian [Magnificent Record of the Southern Tours], edited by Gao Jin et al. Volume 12. Chapters 29-31. Woodblock printed, thread binding.",,Gift of Sandy and Cécile Mactaggart
2005.5.145,Two Red Silk Cut Velvet Hangings,https://search.museums.ualberta.ca/21-19367,https://media.museums.ualberta.ca/UAAC/bfw/2010/2010_020_001_002_006_s20-02v01.jpg,hanging,Qing 19th century,silk; silk velvet brocade,,unknown,,,Gift of Sandy and Cécile Mactaggart
2004.19.2.33,Album Leaf from Illustrations of Chinese Costumes,https://search.museums.ualberta.ca/21-20044,https://media.museums.ualberta.ca/UAAC/fullres/2004/2004_019_002_033_s21-10v01.jpg,album leaf,Qing 18th century,ink; paper,sheet: 17.2 cm x 28 cm; image: 11.3 cm x 18.7 cm,unknown,"This album leaf is a part of a 48-page album that depicts Chinese subjects participating in various aspects of daily life, including government business, daily life, cultural customs, modes of transportation, and corporal punishment. This leaf contains an ink and watercolour depiction of two men. The man on the left wears a short jacket over narrow leggings with a conical hat and holds a spear. The man on the right wears a short jacket over a long robe and holds a drum and sheathed sword, with a flag on his back.",,Gift of Sandy and Cécile Mactaggart
2005.5.538,Embroidered Yellow Silk Fragmentary Panel,https://search.museums.ualberta.ca/21-19760,https://media.museums.ualberta.ca/UAAC/fullres/2005/2005_005_538_re_s23-01v01.jpg,panel,Qing 19th-20th centuries,silk; silk brocade; silk floss; silk satin; embroidery; silk ribbon,overall: 142 cm x 107.9 cm,unknown,,,Gift of Sandy and Cécile Mactaggart
2005.5.580,Front and Back Panels of a Rank Badge for a Seventh Rank Civil Official,https://search.museums.ualberta.ca/21-19802,https://media.museums.ualberta.ca/UAAC/bfw/2005/2005_005_580_002_re_s19-12v01.jpg,rank badge,Qing 19th-20th centuries,gold wrapped silk thread; silk floss; silk satin; silk twill; silver wrapped silk thread; embroidery,,unknown,"Qing Period (1644-1911), Seventh Rank Civil Official (Mandarin Duck)

(source: John E. Vollmer & Jacqueline Simcox, ""Emblems of Empire: Selections from the Mactaggart Art Collection,"" (The University of Alberta Press and University of Alberta Museums, Edmonton, Alberta, 2009), p. 74.)",,Gift of Sandy and Cécile Mactaggart
2005.5.140.2,Silk Tapestry Weave Chair Cover,https://search.museums.ualberta.ca/21-20876,https://media.museums.ualberta.ca/UAAC/fullres/2005/2005_005_140_002_m01_s22-02v01.jpg,chair cover,Qing 20th century,cotton; gold wrapped silk thread; peacock feathers; silk; silk twist; tapestry weave,overall: 183.5 cm x 53.3 cm,unknown,,,Gift of Sandy and Cécile Mactaggart
2010.21.9.1,Male Figure from Pair of Guardian Lion Dogs,https://search.museums.ualberta.ca/21-24288,https://media.museums.ualberta.ca/UAAC/fullres/2005/2005_005_140_002_m01_s22-02v01.jpg,sculpture,Modern 20th century,White-marble stone,overall: 168.5 cm x 73.7 cm x 102.9 cm,unknown,Carved white marble lion dog sculpture mounted in a plexi glass case. The lion dog is seated on a tiered rectangular base with lotus petal borders and a brocade pattern covering. The lion's right front paw is resting on a brocade ball.,,Gift of Sandy and Cécile Mactaggart
2009.8.4,Front Panel of a Rank Badge for a Fifth Rank Civil Official,https://search.museums.ualberta.ca/21-22441,https://media.museums.ualberta.ca/UAAC/ppt/2009/09_008_004s01v01d01.jpg,rank badge,Qing 19th century,silk and metal-wrapped thread tapestry weave with ink,overall: 32 cm x 35.3 cm,unknown,Front panel of a rank badge depicting a silver pheasant for a fifth rank civil official.,,Gift of Jean Small
2005.5.309,Blue Silk Tapestry Weave Dragon Robe for a Man,https://search.museums.ualberta.ca/21-19531,https://media.museums.ualberta.ca/UAAC/bfw/2005/2005_005_309_op_s19-12v01.jpg,robe,Qing 20th century,blue silk and metal-wrapped thread tapestry weave with ink details,overall: 143 cm x 222.5 cm; neck to hem: 143 cm; cuff to cuff: x 222.5 cm,unknown,,,Gift of Sandy and Cécile Mactaggart
2005.5.581.2,Left Side of the Front Panel of a Rank Badge for a Seventh Rank Civil Official,https://search.museums.ualberta.ca/21-20707,https://media.museums.ualberta.ca/UAAC/ppt/2008/08_014_005_001s01v01.jpg,rank badge,Qing 19th century,gold wrapped silk thread; silk; embroidery,overall: 26.8 cm x 14.4 cm,unknown,,,Gift of Sandy and Cécile Mactaggart
2005.5.499,Embroidered Silk Fragmentary Panel from a Dragon Robe,https://search.museums.ualberta.ca/21-19721,https://media.museums.ualberta.ca/UAAC/fullres/2005/2005_005_499_ve_s21-03v01.jpg,panel,Qing 19th century,gold wrapped silk thread; silk brocade; embroidery,overall: 114 cm x 93.5 cm,unknown,,,Gift of Sandy and Cécile Mactaggart
2005.5.323,Red Silk Tapestry Weave Informal Robe for a Woman,https://search.museums.ualberta.ca/21-19545,https://media.museums.ualberta.ca/UAAC/fullres/2005/2005_005_323_ve_s21-03v01.jpg,robe,Qing 19th century,red silk and metal-wrapped thread tapestry weave,overall: 134.5 cm x 186 cm; neck to hem: 134.5 cm; cuff to cuff: x 186 cm,unknown,"A red tapestry weave robe with many gold and silver butterflies throughout. The cuffs, neckline, and two side vents are edged with  black tapestry weave borders with a similar butterfly motif. These borders are also edged by a narrow gold metal-wrapped thread and silk floss geometric brocade trim that has a repeating wan symbol (similar to the swastika in form, but not ideology), which has an auspicious meaning of “infinity” or “eternity”. Ruyi, an auspicious wish-granting symbol, sit atop either side vent and are further accentuated by the aforementioned commercial ribbons. The robe is lined with a light yellow plain weave silk. This type of informal robe with wide sleeves and side slits, referred to as a changyi, is a type of informal garment for a Manchu woman. The ""one hundred"" butterflies motif was especially popular among older women, as the homophonous translation of ""butterflies"" (蝶) means 80 or 90 years old and represents longevity.",,Gift of Sandy and Cécile Mactaggart
2005.5.284.4,Red Cut Velvet Chair Cover,https://search.museums.ualberta.ca/21-20937,https://media.museums.ualberta.ca/UAAC/bfw/2005/2005_005_284_004_re_m01_s20-02v01.jpg,chair cover,Qing 19th century,gold wrapped silk thread; silk; silk cut velvet,overall: 177.5 cm x 53.8 cm,unknown,,,Gift of Sandy and Cécile Mactaggart
2004.19.3.20,Album Leaf from Insects,https://search.museums.ualberta.ca/21-20094,https://media.museums.ualberta.ca/UAAC/fullres/2004/2004_019_003_020_s21-03v01.jpg,album leaf,Qing 18th-19th centuries,ink; paper,sheet: 43.2 cm x 35.4 cm; image: 33.5 cm x 17.3 cm,unknown,A painting of a two butterflies and branch of leaves with purple flowers.,,Gift of Sandy and Cécile Mactaggart
2005.5.608,Right Side of the Front Panel of a Rank Badge,https://search.museums.ualberta.ca/21-19830,https://media.museums.ualberta.ca/UAAC/bfw/2005/2005_005_608_ve_s19-12v01.jpg,rank badge,Qing 19th century,gold wrapped silk thread; silk satin; silver wrapped silk thread; embroidery; paper,overall: 32.7 cm x 35.4 cm,unknown,,,Gift of Sandy and Cécile Mactaggart
2005.5.130,Red Silk Cut Velvet Hanging with a Central Mediallion,https://search.museums.ualberta.ca/21-19352,https://media.museums.ualberta.ca/UAAC/fullres/2005/2005_005_130_re_s21-03v01.jpg,hanging,Qing 19th century,silk cut velvet; uncut velvet; cotton; gold wrapped silk thread,overall: 346 cm x 187 cm,unknown,,,Gift of Sandy and Cécile Mactaggart
2005.5.483,Embroidered Cream Silk Bedspread,https://search.museums.ualberta.ca/21-19705,https://media.museums.ualberta.ca/UAAC/fullres/2005/2005_005_483_re_s21-03v01.jpg,bedspread,Qing 19th century,brass; silk; silk twist; silk satin; embroidery,overall: 269.5 cm x 214 cm,unknown,,,Gift of Sandy and Cécile Mactaggart
2005.5.258,Silk Tapestry Weave Hanging Composed of Fragments of Hangings,https://search.museums.ualberta.ca/21-19480,https://media.museums.ualberta.ca/UAAC/fullres/2005/2005_005_258_s23-01v01.jpg,hanging,Qing 17th-18th centuries,gold wrapped silk thread; silk; silk tapestry weave; peacock feathers; wood; plexiglas; tape,overall: 63.6 cm x 87.8 cm x 2 cm,unknown,,,Gift of Sandy and Cécile Mactaggart
2005.5.580.1.2,Left Side of the Front Panel of a Rank Badge for a Seventh Rank Civil Official,https://search.museums.ualberta.ca/21-20668,https://media.museums.ualberta.ca/UAAC/fullres/2005/2005_005_258_s23-01v01.jpg,rank badge,Qing 19th-20th centuries,gold wrapped silk thread; silk floss; silk satin; silk twill; silver wrapped silk thread; embroidery,overall: 28.3 cm x 14.6 cm,unknown,,,Gift of Sandy and Cécile Mactaggart
2005.5.593.2,Back Panel of a Rank Badge for a Fourth Rank Military Official,https://search.museums.ualberta.ca/21-20699,https://media.museums.ualberta.ca/UAAC/bfw/2005/2005_005_593_002_ve_s19-12v01.jpg,rank badge,Qing 19th century,copper-wrapped silk thread; gold wrapped silk thread; ink; linen; silk; silver wrapped silk thread; tapestry weave,overall: 28 cm x 30 cm,unknown,"Qing Period (1644-1911), Fourth Rank Military Official (Tiger)

(source: John E. Vollmer & Jacqueline Simcox, ""Emblems of Empire: Selections from the Mactaggart Art Collection,"" (The University of Alberta Press and University of Alberta Museums, Edmonton, Alberta, 2009), p. 74.)",,Gift of Sandy and Cécile Mactaggart
2012.22.1,Uncut robe,https://search.museums.ualberta.ca/21-24258,https://media.museums.ualberta.ca/UAAC/bfw/2005/2005_005_593_002_ve_s19-12v01.jpg,robe,Qing 19th century,tangerine silk satin embroidered with silk and metal-wrapped threads,overall: 146 cm x 148.1 cm,unknown,"half of an uncut, five toed dragon robe. Orange silk twill embroidered with floss silk, plied silk cords, gold wrapped and silver wrapped threads. Patterned with five-clawed dragons chasing flaming pearls amid clusters of clouds interspersed with flying bats carrying wan characters and the eight Buddhist symbols paired with lotus, all above a wave and billow border with slightly wavy lishui stripes. At the Qing dynasty imperial court, this orange tone, known as xinghuang, or apricot yellow, was reserved for the heir apparent and his wife.",,Gift of Adrienne Price and Michael Robinson
2005.5.152.1,Embroidered Silk Legging for a Woman,https://search.museums.ualberta.ca/21-20946,https://media.museums.ualberta.ca/UAAC/bfw/2005/2005_005_152_001_re_s19-12v01.jpg,leggings,Qing 19th century,silk damask edged with blue and black silk satin borders embroidered with silk and metal-wrapped threads,overall: 69.3 cm x 46.4 cm,unknown,,,Gift of Sandy and Cécile Mactaggart
2005.5.472,Embroidered Cream Silk Sleeve Band,https://search.museums.ualberta.ca/21-19694,https://media.museums.ualberta.ca/UAAC/bfw/2005/2005_005_472_re_s20-02v01.jpg,sleeve band,Qing 19th century,silk; silk brocade; silk floss; silk satin; silk brocade ribbon; embroidery,overall: 97.5 cm x 45.1 cm,unknown,,,Gift of Sandy and Cécile Mactaggart
2005.5.578.1.2,Left Side of the Front Panel of a Rank Badge for a Fifth Rank Civil Official,https://search.museums.ualberta.ca/21-20661,https://media.museums.ualberta.ca/UAAC/bfw/2005/2005_005_472_re_s20-02v01.jpg,rank badge,Qing 19th-20th centuries,gold wrapped silk thread; silk; silk floss; silk gauze; silk damask; embroidery,overall: 28.2 cm x 14.3 cm,unknown,,,Gift of Sandy and Cécile Mactaggart
2005.5.167,Embroidered Red Silk Jacket for a Girl,https://search.museums.ualberta.ca/21-19389,https://media.museums.ualberta.ca/UAAC/bfw/2005/2005_005_167_op_s19-12v01.jpg,jacket,Modern 20th century,red silk satin embroidered with silk,overall: 39 cm x 60.5 cm; neck to hem: 39 cm; cuff to cuff: x 60.5 cm,unknown,,,Gift of Sandy and Cécile Mactaggart
2004.19.2.41,Album Leaf from Illustrations of Chinese Costumes,https://search.museums.ualberta.ca/21-20052,https://media.museums.ualberta.ca/UAAC/fullres/2004/2004_019_002_041_s21-10v01.jpg,album leaf,Qing 18th century,ink; paper,sheet: 17.2 cm x 28 cm; image: 11.6 cm x 18.6 cm,unknown,"This album leaf is a part of a 48-page album that depicts Chinese subjects participating in various aspects of daily life, including government business, daily life, cultural customs, modes of transportation, and corporal punishment. This leaf contains an ink and watercolour depiction of two women. The woman on the left wears a mid-length jacket over a pleated skirt and accessorizes with a folding fan, collar, and necklace. The woman on the right wears a short jacket over a pleated skirt and accessorizes with a smoking pipe, small purse, and handkerchief. Both women appear to have bound feet.",,Gift of Sandy and Cécile Mactaggart
2022.7.2,Front Panel of a Rank Badge for a Censor,https://search.museums.ualberta.ca/21-27261,https://media.museums.ualberta.ca/UAAC/fullres/2022/2022_007_002_ve_s23-03v01.jpg,rank badge,,Polychrome silk floss and metal-wrapped thread embroidery on silk satin,overall: 30 cm x 29.7 cm,unknown,"Rank badges, always made in pairs, were placed on the front and back of surcoats in order to communicate their wearer’s rank during the Ming (1368-1644) and Qing dynasties (1644-1911). Different motifs were regulated by the imperial court, including bird motifs used only for civil officials, while beasts were used for military officials. The hierarchy of ranks within these categories was represented by specific birds and beasts. This rank badge depicts a xiezhi, a mythical creature composed of a deer-like body with one horn on its head. Renowned for its ability to discern right from wrong, the xiezhi serves as a symbol of justice that triumphs over evil. In the imperial court, it represented the role of the imperial censor, tasked with overseeing the ethical behaviour of officials.",,Purchased by University of Alberta Museums
2005.5.362,Two Embroidered Silk Roundels,https://search.museums.ualberta.ca/21-19584,https://media.museums.ualberta.ca/UAAC/bfw/2005/2005_005_362_002_re_s19-12v01.jpg,roundel,Modern 20th century,silk floss; silk satin; embroidery,,unknown,"With the fall of the Qing dynasty in 1911, the rank badge system was abolished along with the end of the imperial bureaucracy. However, in 1916, Yuan Shikai attempted to restore the Qing Empire by declaring himself Emperor Hongxian. This pair of embroidered roundels, featuring the Twelve Symbols of Imperial Authority, serves as an example of his effort to invoke imperial imagery. There are nine motifs of the Twelve Symbols embroidered on the roundel, including a pair of cups, seaweed, fire, grain, an axe, a pheasant, a dragon, mountains and the fu character in the centre. Encircling the entire composition is a border of circular ruyi-shaped clouds.",,Gift of Sandy and Cécile Mactaggart
2005.5.403.1,Embroidered Blue Silk Actor's Robe,https://search.museums.ualberta.ca/21-20974,https://media.museums.ualberta.ca/UAAC/bfw/2005/2005_005_403_001_ve_s20-02v01.jpg,robe,Modern 20th century,pale blue-green silk satin embroidered with silk and metal-wrapped threads,overall: 142.8 cm x 148 cm,unknown,,,Gift of Sandy and Cécile Mactaggart
2005.5.180,Embroidered Brown Silk Dragon Robe for a Woman,https://search.museums.ualberta.ca/21-19402,https://media.museums.ualberta.ca/UAAC/fullres/2005/2005_005_180_ve_s21-03v01.jpg,robe,Qing 19th century,brown silk satin embroidered with silk and metal-wrapped threads,overall: 144.7 cm x 217 cm; neck to hem: 144.7 cm; cuff to cuff: x 217 cm,unknown,,,Gift of Sandy and Cécile Mactaggart
2004.19.1.1.4,Album Leaf from Illustrations of Costumes from the Qianlong Court,https://search.museums.ualberta.ca/21-20149,https://media.museums.ualberta.ca/UAAC/fullres/2004/2004_019_001_001_004_s21-03v01.jpg,album leaf,Qing 18th century,ink; silk; paper,sheet: 42.3 cm x 40.8 cm; image: 34.1 cm x 31.9 cm,unknown,"This album leaf is part of a section of the illustrations of costumes from the Qianlong court, Huangchao liqi tushi (“The Regulations for the Ceremonial Paraphernalia of the [Qing] Dynasty”). In total there are 34 folios that depict costumes appropriate for the Empress Dowager or Empress to wear at the imperial court along with short descriptive captions. This is the left leaf of one folio (attached to 2004.19.1.5), and it contains nine columns of regular script calligraphy that describes the regulations for a winter court skirt for the empress dowager and empress.","皇太后 皇后冬朝裙 謹按 本朝定制  皇太后 皇后冬朝裙 片金加海龍緣 上用紅織金壽字緞 下石青行龍妝緞 皆正幅 有襞積 皇貴妃 貴妃 妃 嬪皆同 皇太子妃亦同… 

													皇太后 皇后冬朝裙 謹按 本朝定制  皇太后 皇后冬朝裙 片金加海龍緣 上用紅織金壽字緞 下石青行龍妝緞 皆正幅 有襞積 皇貴妃 貴妃 妃 嬪皆同 皇太子妃亦同 Translation of the Chinese text: ""Winter court skirt chaoqun for the empress dowager and empress/In accordance with the decree of the present dynasty: The winter court skirt for the Empress Dowager and Empress is adorned with bands of gold on which seal fur is added. Above there is red brocade embroidered in gold with the character for ""long life,"" below azure blue moving dragons on satin, all facing forward. There is a pleated skirt. The [design] for the imperial consorts of the emperor, the imperial concubines, the concubines and the consorts are all the same. The design for the imperial heir apparent is also the same. "" (Translated and transcribed by Lisa Claypool, Ed., China’s Imperial Modern: The Painter’s Craft, Edmonton, AB: University of Alberta Museums, 2012, p. 105)
On the reverse ""(64)"" is handwritten in pencil in the upper right corner. 
Read More +",Gift of Sandy and Cécile Mactaggart
2004.19.79,Rocks and Stream in Bamboo Grove,https://search.museums.ualberta.ca/21-19144,https://media.museums.ualberta.ca/UAAC/fullres/2004/2004_019_079_m01_s22-02v01.jpg,hanging scroll set,Qing 17th century,ink on silk,overall: 231.1 cm x 48 cm; image: 198.5 cm x 47.4 cm,Zhu Sheng,A set of 12 hanging scroll paintings forming  a continuous composition that depicts a landscape scene with a river flowing through rocks and bamboo.,Signed by Zhu Sheng of Qiantang and impressed with 3 artist seals.,Gift of Sandy and Cécile Mactaggart
2004.19.1.1.27,Album Leaf from Illustrations of Costumes from the Qianlong Court,https://search.museums.ualberta.ca/21-20235,https://media.museums.ualberta.ca/UAAC/fullres/2004/2004_019_001_001_027_s21-03v01.jpg,album leaf,Qing 18th century,ink; silk; paper,sheet: 42.2 cm x 40.8 cm; image: 356 cm x 37.7 cm,unknown,"This album leaf is part of a section of the illustrations of costumes from the Qianlong court, Huangchao liqi tushi (“The Regulations for the Ceremonial Paraphernalia of the [Qing] Dynasty”). In total there are 34 folios that depict costumes appropriate for the Empress Dowager or Empress to wear at the imperial court along with short descriptive captions. This is the right leaf of one folio (attached to 2004.19.1.26) depicting the front of a robe. The Chinese script describes the pictorial content of the painting and is translated as ""illustration of Summer court robe chaopao, the third style for the Empress Dowager and Empress"".","皇太后 皇后冬朝袍三圖 Translation of the Chinese text: ""Illustration of Summer court robe chaopao, the third style for the Empress Dowager and Empress.""
On the reverse of the piece ""(41)"" is handwritten in… 

													皇太后 皇后冬朝袍三圖 Translation of the Chinese text: ""Illustration of Summer court robe chaopao, the third style for the Empress Dowager and Empress.""
On the reverse of the piece ""(41)"" is handwritten in pencil on the upper left corner.  Below the pencil number are two black ink markings. 
Read More +",Gift of Sandy and Cécile Mactaggart
2005.5.572,Front and Back Panels of a Rank Badge for a Fifth Rank Civil Official,https://search.museums.ualberta.ca/21-19794,https://media.museums.ualberta.ca/UAAC/bfw/2005/2005_005_572_002_re_s19-12v01.jpg,rank badge,Qing 19th century,copper-wrapped silk thread; gold wrapped silk thread; ink; tapestry weave; linen; silk; silver wrapped silk thread,,unknown,"Qing Period (1644-1911), Fifth Rank Civil Official (Silver Pheasant)

(source: John E. Vollmer & Jacqueline Simcox, ""Emblems of Empire: Selections from the Mactaggart Art Collection,"" (The University of Alberta Press and University of Alberta Museums, Edmonton, Alberta, 2009), p. 74.)",,Gift of Sandy and Cécile Mactaggart
2004.19.70.1,Landscape After Xia Gui,https://search.museums.ualberta.ca/21-20545,https://media.museums.ualberta.ca/UAAC/fullres/2004/2004_019_070_001_s22-02v01.jpg,hanging scroll,Qing 17th century,ink and colour on silk,sheet: 127.6 cm x 42.5 cm; image: 48 cm x 29.6 cm,Zhuang Jiongsheng,A hanging scroll painting of a mountainous river landscape painted in the style of Xia Gui.,Signed by Jiongsheng and impressed with 2 artist seals.,Gift of Sandy and Cécile Mactaggart
2005.5.395.2,Fragment of a Silk Brocade Dragon Robe,https://search.museums.ualberta.ca/21-20957,https://media.museums.ualberta.ca/UAAC/fullres/2005/2005_005_395_002_ve_s22-02v01.jpg,fragment,Qing 17th-18th centuries,gold wrapped silk thread; silk brocade,overall: 67.7 cm x 99 cm,unknown,"Fragment of a skirt hem from a brocade dragon robe. There are two five-clawed dragons above waves, ruyi shapes, and a mountain. The left edge appears to be an unpicked seam, while the right edge is cut. There is a seam down the middle, which would have adjoined two lengths of fabric to make the robe. Likely from the same robe as 2005.5.395.3",,Gift of Sandy and Cécile Mactaggart
2005.5.395.7,Fragment of Silk Tapestry,https://search.museums.ualberta.ca/21-20962,https://media.museums.ualberta.ca/UAAC/bfw/2005/2005_005_395_007_ve_s20-02v01.jpg,fragment,Qing 17th-18th centuries,tapestry weave,overall: 57.1 cm x 38.1 cm,unknown,"Fragment of patchworked silk tapestry with lion motif. Multi-coloured clouds and waves frame the lions, rendered in gold metal-wrapped threads, against a red background with auspicious symbols. This fragment consists of four pieces of tapestry sewn together with hemmed raw edges.",,Gift of Sandy and Cécile Mactaggart
2010.20.1.3.2,"Magnificent Record of the Southern Tours, volume 14, chapters 34-36",https://search.museums.ualberta.ca/21-23692,https://media.museums.ualberta.ca/UAAC/bfw/2010/2010_020_001_003_002_s20-02v01.jpg,book,,"printed woodblock, thread binding",overall: 29.8 cm x 20.5 cm,Gao Jin,"One set of the Yuzhi nanxun shengdian [Magnificent Record of the Southern Tours], edited by Gao Jin et al. Volume 14, Chapter 34-36.  Tianzhang [Imperial essays]. Woodblock printed, thread binding.",,Gift of Sandy and Cécile Mactaggart
2004.19.9.9,Album Leaf from Album of Landscapes,https://search.museums.ualberta.ca/21-20505,https://media.museums.ualberta.ca/UAAC/fullres/2004/2004_019_009_009_s21-10v01.jpg,album leaf,Qing 17th-18th centuries,ink and colour on paper,overall: 3.3 cm x 16.8 cm x 26.6 cm; image: 16 cm x 9.9 cm,Yao Song,,,Gift of Sandy and Cécile Mactaggart
2005.5.155,Silk Gauze Dragon Robe for a Man,https://search.museums.ualberta.ca/21-19377,https://media.museums.ualberta.ca/UAAC/bfw/2005/2005_005_155_op_s19-12v01.jpg,robe,Qing 20th century,dark blue silk gauze brocaded with silk,overall: 142 cm x 200 cm; neck to hem: 142 cm; cuff to cuff: x 200 cm,unknown,,,Gift of Sandy and Cécile Mactaggart
2005.5.403.4.1,Shoe for Actor's Costume,https://search.museums.ualberta.ca/21-20980,https://media.museums.ualberta.ca/UAAC/bfw/2005/2005_005_346_002_ve_s19-12v01.jpg,shoe,Modern 20th century,metallic thread; silk; metal discs; cotton; leather,overall: 4.4 cm x 8.2 cm,unknown,,,Gift of Sandy and Cécile Mactaggart
2005.5.631,Carved Bamboo Needle Case,https://search.museums.ualberta.ca/21-19853,https://media.museums.ualberta.ca/UAAC/bfw/2005/2005_005_631_s20-02v01.jpg,needle case,Qing 19th century,horn; bamboo,overall: 11.3 cm,unknown,,,Gift of Sandy and Cécile Mactaggart
2005.5.325,Maroon Silk Dragon Robe for a Man,https://search.museums.ualberta.ca/21-19547,https://media.museums.ualberta.ca/UAAC/bfw/2005/2005_005_325_op_s19-12v01.jpg,robe,Qing 20th century,red-purple silk brocade,overall: 137.8 cm x 207 cm; neck to hem: 137.8 cm; cuff to cuff: x 207 cm,unknown,,,Gift of Sandy and Cécile Mactaggart
2004.19.1.1.23,Album Leaf from Illustrations of Costumes from the Qianlong Court,https://search.museums.ualberta.ca/21-20211,https://media.museums.ualberta.ca/UAAC/fullres/2004/2004_019_001_001_023_ve_s21-03v01.jpg,album leaf,Qing 18th century,ink; silk; paper,sheet: 42.2 cm x 40.8 cm; image: 36.7 cm x 37.7 cm,unknown,"This album leaf is part of a section of the illustrations of costumes from the Qianlong court, Huangchao liqi tushi (“The Regulations for the Ceremonial Paraphernalia of the [Qing] Dynasty”). In total there are 34 folios that depict costumes appropriate for the Empress Dowager or Empress to wear at the imperial court along with short descriptive captions. This is the right leaf of one folio (attached to 2004.19.1.22) depicting the front of a robe. The Chinese script describes the pictorial content of the painting and is translated as ""illustration of summer court robe chaopao, the first style for the Empress Dowager and Empress."" This painting is nearly identical to another leaf found in the album, 2004.19.1.1.21.","皇太后 皇后夏朝袍一圖 Translation of the Chinese text: ""Illustration of Summer court robe chaopao, the first style for the Empress Dowager and Empress.""
On the reverse of the piece ""(45)"" is handwritten in… 

													皇太后 皇后夏朝袍一圖 Translation of the Chinese text: ""Illustration of Summer court robe chaopao, the first style for the Empress Dowager and Empress.""
On the reverse of the piece ""(45)"" is handwritten in pencil on the upper left corner. Below the pencil number are two black ink marking. 
Read More +",Gift of Sandy and Cécile Mactaggart
2005.5.240,Two Silk Tapestry Weave Sleeve Bands,https://search.museums.ualberta.ca/21-19462,https://media.museums.ualberta.ca/UAAC/full/2005/05_005_240s01v01.jpg,sleeve band,Ming 15th century,gold wrapped silk thread; silk tapestry weave,,unknown,,,Gift of Sandy and Cécile Mactaggart
2004.19.78.1,Female Ancestor Portrait,https://search.museums.ualberta.ca/21-20472,https://media.museums.ualberta.ca/UAAC/fullres/2004/2004_019_078_001_s23-01v01.jpg,hanging scroll,Qing 18th-19th centuries,ink and colour on paper,overall: 127 cm x 74.5 cm; image: 121.9 cm x 70 cm,unknown,"One (1) Chinese ancestor portrait hanging scroll, anonymous, ink and colors on silk, a portrait of a seated female wearing official robes.",,Gift of Sandy and Cécile Mactaggart
2005.5.291,Embroidered Red Silk Fragmentary Panel from a Woman's Skirt,https://search.museums.ualberta.ca/21-19513,https://media.museums.ualberta.ca/UAAC/bfw/2005/2005_005_291_s19-12v01.jpg,panel,Qing 19th century,gold wrapped silk thread; silk; silk satin; silk jacquard,overall: 39.7 cm x 149.3 cm,unknown,,,Gift of Sandy and Cécile Mactaggart
2005.5.362.1,Embroidered Silk Roundel,https://search.museums.ualberta.ca/21-20793,https://media.museums.ualberta.ca/UAAC/fullres/2005/2005_005_362_001_ve_s19-12v01.jpg,roundel,Modern 20th century,silk floss; silk satin; embroidery,overall: 24 cm diameter,unknown,"With the fall of the Qing dynasty in 1911, the rank badge system was abolished along with the end of the imperial bureaucracy. However, in 1916, Yuan Shikai attempted to restore the Qing Empire by declaring himself Emperor Hongxian. This embroidered roundel, featuring the Twelve Symbols of Imperial Authority, serves as an example of his effort to invoke imperial imagery. There are nine motifs of the Twelve Symbols embroidered on the roundel, including a pair of cups, seaweed, fire, grain, an axe, a pheasant, a dragon, mountains and the fu character in the centre. Encircling the entire composition is a border of circular ruyi-shaped clouds.",,Gift of Sandy and Cécile Mactaggart
2004.19.59,Nymph of the Lo River,https://search.museums.ualberta.ca/21-19124,https://media.museums.ualberta.ca/UAAC/fullres/2004/2004_019_059_m01_s22-02v01.jpg,hanging scroll,Qing 18th century,ink on paper,sheet: 228.6 cm x 53.5 cm; image: 90.5 cm x 35.7 cm,Shen Zongqian,A hanging scroll painting of a standing female figure.,Signed by Jiezhou Shen Zongqian and impressed with 2 artist seals.  The scroll is also impressed with 1 collector's seal.,Gift of Sandy and Cécile Mactaggart
2005.5.555.1,Front Panel of a Rank Badge for a Sixth Rank Civil Official,https://search.museums.ualberta.ca/21-20634,https://media.museums.ualberta.ca/UAAC/bfw/2005/2005_005_555_001_ve_s19-12v01.jpg,rank badge,Qing 19th-20th centuries,gold wrapped silk thread; linen; silk; tapestry weave,overall: 28.3 cm x 29.5 cm,unknown,"Rank badges, always made in pairs, were placed on the front and back of surcoats in order to communicate their wearer’s rank during the Ming (1368-1644) and Qing dynasties (1644-1911). Different motifs were regulated by the imperial court, including bird motifs used only for civil officials, while beasts were used for military officials. The hierarchy of ranks within these categories was represented by specific birds and beasts. 
This rank badge features an egret, representing a sixth rank civil official. In the Ming Dynasty, the birds on rank badges were often presented in pairs in an upper and lower position. Later, in the Qing Dynasty, only one bird was seen on rank badges. The egret in this badge is surrounded by ruyi-shaped clouds, with its wings outstretched and its gaze fixed on the sun disk in the upper left corner. This badge is woven in tapestry, with a ground made from metallic thread. Coloured ink was used to depict details in the bird’s body.",,Gift of Sandy and Cécile Mactaggart
2005.5.23,Gold Silk Tapestry Weave Daoist Priest Robe,https://search.museums.ualberta.ca/21-19245,https://media.museums.ualberta.ca/UAAC/bfw/2005/2005_005_023_ve_s20-02v01.jpg,robe,Qing 19th century,metal-wrapped thread and silk tapestry weave,overall: 122 cm x 164.5 cm; neck to hem: 122 cm; cuff to cuff: x 164.5 cm,unknown,,,Gift of Sandy and Cécile Mactaggart
2004.19.1.1.19,Album Leaf from Illustrations of Costumes from the Qianlong Court,https://search.museums.ualberta.ca/21-20205,https://media.museums.ualberta.ca/UAAC/fullres/2004/2004_019_001_001_019_s21-03v01.jpg,album leaf,Qing 18th century,ink; silk; paper,sheet: 42.2 cm x 40.8 cm; image: 32.6 cm x 30.7 cm,unknown,"This album leaf is part of a section of the illustrations of costumes from the Qianlong court, Huangchao liqi tushi (“The Regulations for the Ceremonial Paraphernalia of the [Qing] Dynasty”). In total there are 34 folios that depict costumes appropriate for the Empress Dowager or Empress to wear at the imperial court along with short descriptive captions. This is the right leaf of one folio (attached to 2004.19.1.18) and it contains seven columns of regular script calligraphy describing the regulations of a summer court robe (chaopao), first style for the empress dowager and empress. The text on this leaf continues on the attached left leaf.","皇太后 皇后夏朝袍一 謹按 本朝定制 皇太后 皇后夏朝袍 色用明黃 片金緣 中有... Translation of the Chinese text: ""Summer court robe chaopao first style for the Empress Dowager and… 

													皇太后 皇后夏朝袍一 謹按 本朝定制 皇太后 皇后夏朝袍 色用明黃 片金緣 中有... Translation of the Chinese text: ""Summer court robe chaopao first style for the Empress Dowager and Empress/In accordance with the decree of the present dynasty:/The summer court robes of the Empress Dowager and Empress are bright yellow in colour and trimmed with golden bands. The middle of  [text continued on left leaf, 2004.19.1.1.18]""
(Translated and transcribed by Lisa Claypool, Ed., China’s Imperial Modern: The Painter’s Craft, Edmonton, AB: University of Alberta Museums, 2012, p. 104)
On the reverse of the piece ""(49)"" is handwritten in pencil on the upper left corner.  Below the pencil number there are two black ink markings. 
Read More +",Gift of Sandy and Cécile Mactaggart
2011.16.1.2,Epaulette from ceremonial armour,https://search.museums.ualberta.ca/21-24245,https://media.museums.ualberta.ca/UAAC/bfw/2011/2011_016_001_002_ve_s19-12v01.jpg,epaulette,,"quilted, embroidered silk, metal threads",overall: 44 cm x 47 cm,,One of a pair of quilted epaulettes from ceremonial armour with black velvet trim,,Gift of Sandy and Cécile Mactaggart
2005.5.403.2.2,Adornment To Actor's Headpiece,https://search.museums.ualberta.ca/21-20977,https://media.museums.ualberta.ca/UAAC/bfw/2005/2005_005_403_002_002_ve_s20-02v01.jpg,headpiece,Modern 20th century,metallic thread; silk; silk thread; metal discs; mirrors; fur,overall: 20.3 cm x 22 cm,unknown,,,Gift of Sandy and Cécile Mactaggart
2005.5.149,Embroidered Cream Silk Damask Skirt for a Woman,https://search.museums.ualberta.ca/21-19371,https://media.museums.ualberta.ca/UAAC/bfw/2005/2005_005_149_d01_s19-12v01.jpg,skirt,Qing 19th century,pale green silk damask with blue silk satin borders embroidered with silk and metal-wrapped threads,overall: 95.3 cm x 105.3 cm,unknown,,,Gift of Sandy and Cécile Mactaggart
2005.5.604,Front Panel of a Rank Badge for a Sixth Rank Military Official,https://search.museums.ualberta.ca/21-19826,https://media.museums.ualberta.ca/UAAC/bfw/2005/2005_005_604_ve_s19-12v01.jpg,rank badge,Qing 19th-20th centuries,gold wrapped silk thread; silk floss; silk satin; silver wrapped silk thread; embroidery,,unknown,"Qing Period (1644-1911), Sixth Rank Military Official (Panther)

(source: John E. Vollmer & Jacqueline Simcox, ""Emblems of Empire: Selections from the Mactaggart Art Collection,"" (The University of Alberta Press and University of Alberta Museums, Edmonton, Alberta, 2009), p. 74.)",,Gift of Sandy and Cécile Mactaggart
2016.3.1.1.1,Right Side of Front Panel of a Rank Badge for a Sixth Rank Civil Official,https://search.museums.ualberta.ca/21-27028,https://media.museums.ualberta.ca/UAAC/bfw/2005/2005_005_604_ve_s19-12v01.jpg,rank badge,,silk thread on silk gauze; gold and silver metallic threads; embroidering; couching,overall: 28.8 cm x 14.6 cm,unknown,"Fine counted stitch on black silk gauze. Bird (egret) couched in silver, with gold couched head. Birds surrounded  by clouds, Daoist emblems and gold couched scrolling vines. Further auspicious emblems, including  Buddhist emblems float amidst the ruyi-shaped waves of the li shui border below. Rank badge for a man, 6th rank civil official.",,
2004.19.68.1.7,"The Qianlong Emperor’s Conquests: Pacification of Cities in the West; Depictions of Victories over the Eleuths, Dzungars and Other Central Asian Peoples in Xinjiang",https://search.museums.ualberta.ca/21-19876,https://media.museums.ualberta.ca/UAAC/fullres/2004/2004_019_068_001_007_s21-03v01.jpg,print,Qing 18th century,ink on paper; woodblock,overall: 63.2 cm x 112.6 cm; image: 53.9 cm x 92.6 cm,after Qianlong Emperor,"The Qianlong Emperor’s preface to the portfolio, The Qianlong Emperor's Conquests. It is the introductory page in the set of 16 copperplate engravings.","The army stationed in the West successfully achieved its task in 1759. It is only a little more than seven years from the end of the battles, in 1766, that the drawings of the conquests were finished. The painters…												

													The army stationed in the West successfully achieved its task in 1759. It is only a little more than seven years from the end of the battles, in 1766, that the drawings of the conquests were finished. The painters needed this space of time in order to meticulously inquire into [what] the forms of the camps and battles [looked like] so as to compose their designs. Of the officers and soldiers who left for the campaigns and risked their lives at extreme odds, one out of a hundred survived. Giving their lives to the state ensured that their campaigns were successful, so how could I suggest that they die without recognition? That is why in the Throne Hall of the Purple Effulgent Pole Star (Ziguangge 紫光閣) we have had the portraits painted of those who distinguished themselves. And because of this motivation, we went to the bloody battlefields, we faithfully depicted the circumstances where attacks were made on our strongholds--where we broke the ardour of the enemy, beheaded the generals, and stole the flags--in order to pay homage to their efforts and to celebrate their courage. When I reviewed the military reports I dedicated some poems to them, and I rewrote them to be placed between the folios. For the six scenes that I have not yet touched with my brush [meaning he had yet inscribed them with poetry], I have dedicated special supplementary poems. When I hear the sound of the drums, then I think [I am reminded] of the generals and soldiers, who are our state. These paintings inspired the same feeling in me. Before the completion of these paintings, I constantly imagined myself touring the battleground even during my busy dealings of government affairs at court. Now with these paintings that show everything vividly before my eyes, I feel as if I am commanding the soldiers on the battlefield…

Sorrowfully inscribed by the Qianlong emperor in the spring of February-March, 1766

 transcribed by Wei Bingqing, translated by Lisa Claypool 
Read More +",Gift of Sandy and Cécile Mactaggart
2010.20.2.3,"Mustard Seed Garden Painting Manual, 1st edition, chapter 3",https://search.museums.ualberta.ca/21-23663,https://media.museums.ualberta.ca/UAAC/fullres/2004/2004_019_068_001_007_s21-03v01.jpg,book,Qing 19th century,"printed woodblock, thread binding",overall: 26.1 cm x 18 cm x 1 cm,Wang Gai,"One imprint of the Jieziyuan huazhuan [Mustard Seed Garden Painting Manual], illustrated by Wang Gai. 5 vols, chapter 3. Woodblock printed, thread binding. Later 19th century imprint of original 1679 edition on landscape published by Li Yü in Nanjing.",,Gift of Sandy and Cécile Mactaggart
2005.5.293.2,Embroidered Silk Fragmentary Panel from a Woman's Costume,https://search.museums.ualberta.ca/21-20858,https://media.museums.ualberta.ca/UAAC/bfw/2005/2005_005_293_002_s19-12v01.jpg,panel,Qing 19th century,silk; silk floss; silk jacquard; silk satin; embroidery,overall: 110 cm x 48.2 cm,unknown,,,Gift of Sandy and Cécile Mactaggart
2005.5.433.2,Embroidered Wool Hanging,https://search.museums.ualberta.ca/21-20825,https://media.museums.ualberta.ca/UAAC/bfw/2005/2005_005_433_002_re_m01_s20-02v01.jpg,hanging,Qing 19th century,copper-wrapped silk thread; gold wrapped silk thread; linen; silk floss; wool; embroidery,overall: 288.7 cm x 57.5 cm,unknown,,,Gift of Sandy and Cécile Mactaggart
2004.19.71.3,Album Leaf from Landscapes After the Old Masters,https://search.museums.ualberta.ca/21-20427,https://media.museums.ualberta.ca/UAAC/fullres/2004/2004_019_071_003_s21-03v01.jpg,album leaf,Qing 17th century,ink on paper,,Wang Shimin,,Imitates the style of Ni Zan.,Gift of Sandy and Cécile Mactaggart
2005.5.550,Front and Back Panels of a Rank Badge for a Fifth Rank Civil Official,https://search.museums.ualberta.ca/21-19772,https://media.museums.ualberta.ca/UAAC/fullres/2005/2005_005_550_002_re_s23-03v01.jpg,rank badge,Qing 19th century,gold wrapped silk thread; silk damask; silk floss; silk satin; embroidery,,unknown,"Rank badges, always made in pairs, were placed on the front and back of surcoats in order to communicate their wearer’s rank during the Ming (1368-1644) and Qing dynasties (1644-1911). Different motifs were regulated by the imperial court, including bird motifs used only for civil officials, while beasts were used for military officials. The hierarchy of ranks within these categories was represented by specific birds and beasts. 
These rank badges feature a silver pheasant, representing a fifth rank civil official. In the Ming Dynasty, the birds on rank badges were often presented in pairs in an upper and lower position. Later, in the Qing Dynasty, only one bird or beast was seen on rank badges. It is perched on a rock and gazing at a sun disc in the top right corner. The pattern on the badge is embroidered with fine seed stitches of multicoloured silk floss. The metallic  background is made from couched gold metal-wrapped thread.",,Gift of Sandy and Cécile Mactaggart
2005.5.591.1,Right Side of the Front Panel of a Rank Badge for a Fifth Rank Military Official,https://search.museums.ualberta.ca/21-20690,https://media.museums.ualberta.ca/UAAC/bfw/2005/2005_005_591_001_re_s19-12v01.jpg,rank badge,Qing 18th century,silk and metal-wrapped thread embroidery,overall: 29.5 cm x 16.2 cm,unknown,"Rank badges, always made in pairs, were placed on the front and back of surcoats in order to communicate their wearer’s rank during the Ming (1368-1644) and Qing dynasties (1644-1911). Different motifs were regulated by the imperial court, including bird motifs used only for civil officials, while beasts were used for military officials. The hierarchy of ranks within these categories was represented by specific birds and beasts. 
This rank badge features a bear,   representing a fifth rank military official. The bear insignia is distinguishable from the higher-ranking lion by the absence of a mane along its back, though the two designs share a similarity in overall appearance. This particular badge  is crafted entirely with knot stitches and couched cord. The border is adorned with stylized running dragons, bats, and shou characters (symbolizing longevity)",,Gift of Sandy and Cécile Mactaggart
2005.5.284.2,Red Cut Velvet Table Frontal,https://search.museums.ualberta.ca/21-20935,https://media.museums.ualberta.ca/UAAC/bfw/2005/2005_005_284_002_re_s20-02v01.jpg,table frontal,Qing 19th century,gold wrapped silk thread; silk; silk cut velvet; silk jacquard; silk twill,overall: 66.3 cm x 103 cm,unknown,,,Gift of Sandy and Cécile Mactaggart
2004.19.72.7,Album Leaf from Figures in River Landscapes,https://search.museums.ualberta.ca/21-20441,https://media.museums.ualberta.ca/UAAC/fullres/2004/2004_019_072_007_s21-03v01.jpg,album leaf,Qing 18th century,ink and colour on paper,,Wang Gai,"This is the seventh leaf from the Figures in River Landscape album by Wang Gai (1677-1705), which is painted with ink and colour on paper. Each leaf contains a landscape, which was painted in situ by Wang Gai. Repeating themes throughout the album include figures immersed in the natural environment, which reflects the literati’s yearning and nostalgia.
In this scene, two men are in a boat, with one sitting and the other rowing towards the landscape with an obscured building behind a large moss-covered rock. The surrounding landscape includes mountain ranges, flat plains and a bridge to the island.",,Gift of Sandy and Cécile Mactaggart
2005.5.284.1,Red Cut Velvet Chair Cover,https://search.museums.ualberta.ca/21-20934,https://media.museums.ualberta.ca/UAAC/bfw/2005/2005_005_284_001_re_m01_s20-02v01.jpg,chair cover,Qing 19th century,gold wrapped silk thread; silk; silk cut velvet,overall: 197 cm x 62.5 cm,unknown,,,Gift of Sandy and Cécile Mactaggart
2004.19.3.28,Album Leaf from Insects,https://search.museums.ualberta.ca/21-20115,https://media.museums.ualberta.ca/UAAC/fullres/2004/2004_019_003_028_s21-03v01.jpg,album leaf,Qing 18th-19th centuries,ink; paper,sheet: 35.3 cm x 43.1 cm; image: 21.2 cm x 26.7 cm,unknown,"A painting of two dragonflies, two butterflies and one small red beetle.",,Gift of Sandy and Cécile Mactaggart
2005.5.621.6.2,Boot with Insole,https://search.museums.ualberta.ca/21-21048,https://media.museums.ualberta.ca/UAAC/fullres/2005/2005_005_621_006_002_side2_s23-01v01.jpg,boot,Qing 19th century,cotton; silk; leather; ink; felt,,unknown,,,Gift of Sandy and Cécile Mactaggart
2005.5.67,Pair of Embroidered Silk Sleeve Bands Mounted as a Panel,https://search.museums.ualberta.ca/21-19289,https://media.museums.ualberta.ca/UAAC/bfw/2005/2005_005_067_s19-12v01.jpg,panel,Qing 19th century,gold wrapped silk thread; silk; silk brocade; silk floss; silk satin; embroidery,overall: 61 cm x 35.3 cm,unknown,,,Gift of Sandy and Cécile Mactaggart
2005.5.558.1,Front Panel of a Rank Badge for a Censor,https://search.museums.ualberta.ca/21-20640,https://media.museums.ualberta.ca/UAAC/fullres/2005/2005_005_558_001_ve_s23-03v01.jpg,rank badge,Qing 19th-20th centuries,gold wrapped silk thread; silk; silk floss; silk gauze; needlework,overall: 29.4 cm x 28.5 cm,unknown,"Rank badges, always made in pairs, were placed on the front and back of surcoats in order to communicate their wearer’s rank during the Ming (1368-1644) and Qing dynasties (1644-1911). Different motifs were regulated by the imperial court, including bird motifs used only for civil officials, while beasts were used for military officials. The hierarchy of ranks within these categories was represented by specific birds and beasts. 
This rank badge features a xiezhi, a mythical creature with a goat- or ox-like body and a single horn on its head. It is gazing at the sun disk in the upper left corner. Renowned for distinguishing right from wrong, the xiezhi attacks the wicked, serving as a powerful symbol of justice. In the imperial court, it represented the role of the imperial censor, tasked with overseeing the ethical behaviour of officials.",,Gift of Sandy and Cécile Mactaggart
2010.20.1.4.6,"Magnificent Record of the Southern Tours, volume 24, chapters 57-59",https://search.museums.ualberta.ca/21-23702,https://media.museums.ualberta.ca/UAAC/bfw/2010/2010_020_001_004_006_s20-02v01.jpg,book,,"printed woodblock, thread binding",overall: 29.8 cm x 20.5 cm,Gao Jin,"One set of the Yuzhi nanxun shengdian [Magnificent Record of the Southern Tours], edited by Gao Jin et al. Volume 24, Chapters 57-59. Haitang [Seawall embankments]. Woodblock printed, thread binding.",,Gift of Sandy and Cécile Mactaggart
2004.19.3.4,Album Leaf from Insects,https://search.museums.ualberta.ca/21-20077,https://media.museums.ualberta.ca/UAAC/fullres/2004/2004_019_003_004_s21-03v01.jpg,album leaf,Qing 18th-19th centuries,ink; paper,sheet: 35.5 cm x 43.2 cm; image: 18.1 cm x 22.2 cm,unknown,A painting of five of butterflies of varying sizes and colours.,,Gift of Sandy and Cécile Mactaggart
2004.19.2.14,Album Leaf from Illustrations of Chinese Costumes,https://search.museums.ualberta.ca/21-19963,https://media.museums.ualberta.ca/UAAC/fullres/2004/2004_019_002_014_s21-10v01.jpg,album leaf,Qing 18th century,ink; paper,sheet: 17.2 cm x 28 cm; image: 11.3 cm x 18.6 cm,unknown,"This album leaf is a part of a 48-page album that depicts Chinese subjects participating in various aspects of daily life, including government business, daily life, cultural customs, modes of transportation, and corporal punishment. This leaf depicts and ink and watercolour drawing of a high rank official being carried in a decorated green palanquin by eight men. The official wears a surcoat with a rank badge, a court necklace, and a red hat with tassels. His bearers wear short black jackets over black pants, blue leggings, black shoes, and yellow coned hats with red feathers. In the cabin of the luxurious palanquin we can see a vase with flowers and a small mirror.",,Gift of Sandy and Cécile Mactaggart
2005.5.34,Yellow Silk Fragmentary Panel,https://search.museums.ualberta.ca/21-19256,https://media.museums.ualberta.ca/UAAC/bfw/2005/2005_005_034_ve_s19-12v01.jpg,panel,Qing 19th century,silk; silk satin; silk floss; metal thread; embroidery; brocade braid,overall: 29.3 cm x 40.7 cm,unknown,,,Gift of Sandy and Cécile Mactaggart
2005.5.382.1,Embroidered Cream Silk Sleeve Band,https://search.museums.ualberta.ca/21-20843,https://media.museums.ualberta.ca/UAAC/bfw/2005/2005_005_034_ve_s19-12v01.jpg,sleeve band,Qing 18th century,gold wrapped silk thread; rayon; silk; silk floss; silk satin; mat board; embroidery,overall: 111.1 cm x 9.4 cm,unknown,,,Gift of Sandy and Cécile Mactaggart
2004.19.60,Complete View of the Lion Grove,https://search.museums.ualberta.ca/21-19125,https://media.museums.ualberta.ca/UAAC/fullres/2004/2004_019_060_g04_s21-10v01.jpg,handscroll,Qing 18th century,ink and colour on paper,sheet: 39.1 cm x 950 cm; image: 38.1 cm x 187.3 cm; rolled: 6.4 cm x 39.3 cm x 5.6 cm,Qian Weicheng,A handscroll painting of a landscape.,"The attached colophon is inscribed and signed 'Respectfully painted and respectfully annotated by your servitor Qian Weicheng'.  There is an inscription by Qianlong Emperor and the scroll is impressed with numerous…												

													The attached colophon is inscribed and signed 'Respectfully painted and respectfully annotated by your servitor Qian Weicheng'.  There is an inscription by Qianlong Emperor and the scroll is impressed with numerous imperial seals.												
Read More +",Gift of Sandy and Cécile Mactaggart
2005.5.286.2,Embroidered Blue Silk Panel,https://search.museums.ualberta.ca/21-20856,https://media.museums.ualberta.ca/UAAC/fullres/2004/2004_019_060_g04_s21-10v01.jpg,panel,Qing 20th century,silk; silk floss; silk jacquard; silk satin; embroidery,overall: 61.8 cm x 30.3 cm,unknown,,,Gift of Sandy and Cécile Mactaggart
2005.5.640,Framed Silk Three Tiered Collar,https://search.museums.ualberta.ca/21-19862,https://media.museums.ualberta.ca/UAAC/bfw/2005/2005_005_640_re_s20-02v01.jpg,collar,Qing 19th century,brass; cotton; silk; silk floss; silk satin; brocade braid; embroidery,overall: 84.7 cm x 96.1 cm,unknown,,,Gift of Sandy and Cécile Mactaggart
2005.5.395.1,Fragment of Silk Brocade Yardage for a Dragon Robe,https://search.museums.ualberta.ca/21-20956,https://media.museums.ualberta.ca/UAAC/fullres/2005/2005_005_395_001_ve_s21-03v01.jpg,fragment,Qing 17th-18th centuries,gold wrapped silk thread; silk brocade; silk satin,overall: 131 cm x 137.4 cm,unknown,"Fragment of yellow silk brocade yardage intended for a dragon robe. This fragment consists of two lengths of fabric sewn together, with the left side intended for the robe underflap and the right side intended for the front or back of the finished robe. The design shows two and a half five-clawed dragons floating above blue, green, and black ruyi-capped waves and mountains. Clouds and auspicious Buddhist symbols dot the sky and continue down the sleeves. Appears to be from the same yardage as 2005.5.395.4 and 2005.5.395.5",,Gift of Sandy and Cécile Mactaggart
2005.5.565.2,Back Panel of a Rank Badge for a Fourth Rank Civil Official,https://search.museums.ualberta.ca/21-20727,https://media.museums.ualberta.ca/UAAC/bfw/2005/2005_005_565_002_ve_s19-12v01.jpg,rank badge,Qing 19th century,copper-wrapped silk thread; gold wrapped silk thread; ink; tapestry weave; linen; silk; silver wrapped silk thread,overall: 30.2 cm x 31.2 cm,unknown,"Qing Period (1644-1911), Fourth Rank Civil Official (Wild Goose)

(source: John E. Vollmer & Jacqueline Simcox, ""Emblems of Empire: Selections from the Mactaggart Art Collection,"" (The University of Alberta Press and University of Alberta Museums, Edmonton, Alberta, 2009), p. 74.)",,Gift of Sandy and Cécile Mactaggart
2005.5.360,Red Silk Velvet Hanging,https://search.museums.ualberta.ca/21-19582,https://media.museums.ualberta.ca/UAAC/fullres/2005/2005_005_360_re_s21-03v01.jpg,hanging,Qing 20th century,gold wrapped silk thread; silk; silk velvet brocade,overall: 125.1 cm x 221 cm,unknown,,,Gift of Sandy and Cécile Mactaggart
2005.5.536.2,Silk Fragmentary Panel,https://search.museums.ualberta.ca/21-20927,https://media.museums.ualberta.ca/UAAC/fullres/2005/2005_005_536_002_re_s23-01v01.jpg,panel,Qing 19th-20th centuries,metallic thread; silk; silk brocade; silk jacquard,overall: 90.2 cm x 85.8 cm,unknown,,,Gift of Sandy and Cécile Mactaggart
2004.19.52.2.2,Lid of Box for Lohan,https://search.museums.ualberta.ca/21-20535,https://media.museums.ualberta.ca/UAAC/fullres/2005/2005_005_536_002_re_s23-01v01.jpg,"box, lid",Qing 19th century,,,unknown,Lid of storage box for hanging scroll.,,Gift of Sandy and Cécile Mactaggart
2005.5.587.1.1,Right Side of the Front Panel of a Rank Badge for a Ninth Rank Civil Official,https://search.museums.ualberta.ca/21-20680,https://media.museums.ualberta.ca/CLTX/full/1983/1983-001-005_s01d04v03.jpg,rank badge,Qing 19th-20th centuries,gold wrapped silk thread; linen; silk; silver wrapped silk thread; embroidery,overall: 21.8 cm x 11.4 cm,unknown,,,Gift of Sandy and Cécile Mactaggart
2005.5.607.1.1,Right Side of the Front Panel of a Rank Badge for a Fifth Rank Civil Official,https://search.museums.ualberta.ca/21-20765,https://media.museums.ualberta.ca/CLTX/full/1983/1983-001-005_s01d04v03.jpg,rank badge,Qing 19th century,silk floss; silk gauze; silk satin; embroidery,overall: 28.6 cm x 14.7 cm,unknown,,,Gift of Sandy and Cécile Mactaggart
2004.19.79.5,Rocks and Stream in Bamboo Grove,https://search.museums.ualberta.ca/21-20464,https://media.museums.ualberta.ca/UAAC/fullres/2004/2004_019_079_005_m01_alt_edit_s23-01v01.jpg,hanging scroll,Qing 18th century,ink on silk,,Zhu Sheng,,,Gift of Sandy and Cécile Mactaggart
2010.16.1.11,Album Leaf from Album of Landscape Paintings,https://search.museums.ualberta.ca/21-23579,https://media.museums.ualberta.ca/UAAC/ppt/2010/10_016_001_011s01v01.jpg,album leaf,,ink and colour on paper,overall: 49 cm x 32 cm; sheet: 49 cm x 32 cm; image: 42 cm x 23 cm,Pan Gongshou,,,Purchased by Museums and Collections Services
2005.5.61,Pair of Embroidered Silk Sleeve Bands Mounted as a Panel,https://search.museums.ualberta.ca/21-19283,https://media.museums.ualberta.ca/UAAC/bfw/2005/2005_005_061_s19-12v01.jpg,panel,Qing 19th century,gold wrapped silk thread; silk; brocade braid; silk floss; silk satin; embroidery,overall: 72.7 cm x 28 cm,unknown,,,Gift of Sandy and Cécile Mactaggart
2005.5.151,Black Silk Formal Court Robe for a Man,https://search.museums.ualberta.ca/21-19373,https://media.museums.ualberta.ca/UAAC/fullres/2005/2005_005_151_ve_s21-03v01.jpg,robe,Qing 19th-20th centuries,dark brown silk twill embroidered with silk and metal-wrapped threads,overall: 237 cm x 220.5 cm; neck to hem: 237 cm; cuff to cuff: x 220.5 cm,unknown,,,Gift of Sandy and Cécile Mactaggart
2005.5.109,Lavender Silk Tapestry Weave Jacket for a Woman,https://search.museums.ualberta.ca/21-19331,https://media.museums.ualberta.ca/UAAC/bfw/2005/2005_005_109_ve_s20-02v01.jpg,jacket,Qing 19th century,pale purple silk tapestry weave with green-blue silk tapestry weave facings,overall: 69 cm x 112 cm; neck to hem: 69 cm; cuff to cuff: x 112 cm,unknown,,,Gift of Sandy and Cécile Mactaggart
2005.5.208,Blue Silk Brocade Dragon Robe for a Man,https://search.museums.ualberta.ca/21-19430,https://media.museums.ualberta.ca/UAAC/bfw/2005/2005_005_208_op_s19-12v01.jpg,robe,Qing 19th-20th centuries,blue silk gauze brocaded with silk,overall: 123 cm x 211 cm,unknown,,,Gift of Sandy and Cécile Mactaggart
2004.19.3.21,Album Leaf from Insects,https://search.museums.ualberta.ca/21-20108,https://media.museums.ualberta.ca/UAAC/fullres/2004/2004_019_003_021_s21-03v01.jpg,album leaf,Qing 18th-19th centuries,ink; paper,sheet: 35.4 cm x 43.2 cm; image: 20.8 cm x 27.7 cm,unknown,"A painting of three butterflies of varying sizes and colours, two hornets and one small black beetle.",,Gift of Sandy and Cécile Mactaggart
2005.5.31,Silk Brocade Panel made from a Fragment of a Dragon Robe,https://search.museums.ualberta.ca/21-19253,https://media.museums.ualberta.ca/UAAC/fullres/2005/2005_005_310_re_s22-02v01.jpg,panel,Qing 19th-20th centuries,silk brocade; silk satin; silk,overall: 88.4 cm x 50 cm,unknown,,,Gift of Sandy and Cécile Mactaggart
2004.19.1.1.13,Album Leaf from Illustrations of Costumes from the Qianlong Court,https://search.museums.ualberta.ca/21-20159,https://media.museums.ualberta.ca/UAAC/fullres/2004/2004_019_001_001_013_s21-03v01.jpg,album leaf,Qing 18th century,ink; silk; paper,sheet: 42.2 cm x 40.8 cm; image: 34.4 cm x 30.6 cm,unknown,"This album leaf is part of a section of the illustrations of costumes from the Qianlong court, Huangchao liqi tushi (“The Regulations for the Ceremonial Paraphernalia of the [Qing] Dynasty”). In total there are 34 folios that depict costumes appropriate for the Empress Dowager or Empress to wear at the imperial court along with short descriptive captions. This is the right leaf of one folio (attached to 2004.19.1.12) and it contains seven columns of regular script calligraphy describing the regulations of a summer court robe (chaopao), the second style for the empress dowager and empress. The text on this leaf is continued on the attached left side leaf.","皇太后 皇后夏朝袍二 謹按 本朝定制 皇太后 皇后夏朝袍 色用明黃 片金緣 中無... Translation of the Chinese text: ""Summer court robe chaopao, the second style for the Empress Dowager and the… 

													皇太后 皇后夏朝袍二 謹按 本朝定制 皇太后 皇后夏朝袍 色用明黃 片金緣 中無... Translation of the Chinese text: ""Summer court robe chaopao, the second style for the Empress Dowager and the Empress./In accordance with the decree of the present dynasty:/The summer robe of the Empress Dowager and Empress are bright yellow in colour and trimmed with golden bands. The middle of [the robe] has no pleats[text continued onto left leaf, 2004.19.1.1.12]""
(Translated and transcribed by Lisa Claypool, Ed., China’s Imperial Modern: The Painter’s Craft, Edmonton, AB: University of Alberta Museums, 2012, p. 104; Modified by Isabel Pi-fen Chueh)
On the reverse of the piece ""(55)"" is handwritten in pencil on the upper left corner.  Below the pencil number are two black ink markings. 
Read More +",Gift of Sandy and Cécile Mactaggart
2004.19.71,Landscapes After the Old Masters,https://search.museums.ualberta.ca/21-19136,https://media.museums.ualberta.ca/UAAC/fullres/2004/2004_019_071_ve_s21-03v01.jpg,album,Qing 17th century,ink on paper; wood,overall: 2.3 cm x 21.6 cm x 32.6 cm; image: 28.1 cm x 17.8 cm,Wang Shimin,"An album of eight landscape paintings, each leaf painted in the style of an old master (Juran, Ke Jiusi, Huang Gongwang, Mi Youren, Ni Zan, Wang Meng and Zhao Danian).","The last painting is signed by Wang Shimin at Nongqing Tang.  Each painting is impressed with 1 artist seal.  The album is impressed with 41 collector's seals, including those of: Chen Huai, Prince Ding, Bi Yuan…												

													The last painting is signed by Wang Shimin at Nongqing Tang.  Each painting is impressed with 1 artist seal.  The album is impressed with 41 collector's seals, including those of: Chen Huai, Prince Ding, Bi Yuan (1730-1797), Chen Kuilin, Wang Boyuan Wu Hufan.												
Read More +",Gift of Sandy and Cécile Mactaggart
2005.5.516,Silk Brocade Yardage,https://search.museums.ualberta.ca/21-19738,https://media.museums.ualberta.ca/UAAC/fullres/2005/2005_005_516_ve_g01_s23-01v01.jpg,yardage,Qing 20th century,gold wrapped silk thread; silk brocade; silk twill,overall: 72.3 cm x 397 cm,unknown,,,Gift of Sandy and Cécile Mactaggart
2005.5.448.1,Uncut Embroidered Yellow Silk Cushion Cover,https://search.museums.ualberta.ca/21-20969,https://media.museums.ualberta.ca/UAAC/bfw/2005/2005_005_448_001_ve_s20-02v01.jpg,cushion cover,Qing 19th century,gold wrapped silk thread; silk floss; silk satin; embroidery,overall: 58.9 cm x 75.6 cm,unknown,,,Gift of Sandy and Cécile Mactaggart
2005.5.261.2,Silk Tapestry Weave Badge,https://search.museums.ualberta.ca/21-20899,https://media.museums.ualberta.ca/UAAC/bfw/2005/2005_005_261_002_ve_s19-12v01.jpg,badge,Qing 18th century,"metal-wrapped thread, silk and peacock feather-wrapped thread tapestry weave with metal studs",overall: 27.1 cm x 26.7 cm,unknown,"A removable silk tapestry weave badge that attaches to the front of a silk tapestry weave jacket (2005.5.261.1). The badge is decroated with green kuilong, an older style of dragon, which is woven in tapestry against a gold background.
The badge is trimmed with two colours of metal-wrapped thread brocades, as well as metal studs, which resemble those found on military garments.",,Gift of Sandy and Cécile Mactaggart
2005.5.54,Pair of Embroidered Silk Sleeve Bands Mounted as a Panel,https://search.museums.ualberta.ca/21-19276,https://media.museums.ualberta.ca/UAAC/bfw/2005/2005_005_054_s19-12v01.jpg,panel,Qing 19th century,silk; silk floss; gold wrapped silk thread; embroidery; silk brocade,overall: 65.2 cm x 33.3 cm,unknown,,,Gift of Sandy and Cécile Mactaggart
2005.5.599.1.2,Left Side of the Front Panel of a Rank Badge for a Sixth Rank Military Official,https://search.museums.ualberta.ca/21-20752,https://media.museums.ualberta.ca/UAAC/bfw/2005/2005_005_054_s19-12v01.jpg,rank badge,Qing 19th century,gold wrapped silk thread; ink; linen; silk; silk floss; silk satin; silver wrapped silk thread; embroidery; tapestry weave,overall: 30.3 cm x 14.7 cm,unknown,,,Gift of Sandy and Cécile Mactaggart
2005.5.602.1.2,Left Side of the Front Panel of a Rank Badge for a Fifth Rank Military Official,https://search.museums.ualberta.ca/21-20740,https://media.museums.ualberta.ca/UAAC/fullres/2004/2004_019_001_001_055_s21-03v01.jpg,rank badge,Qing 19th century,gold wrapped silk thread; ink; linen; peacock feathers; silk; silver wrapped silk thread; tapestry weave,overall: 26.6 cm x 16 cm,unknown,,,Gift of Sandy and Cécile Mactaggart
2005.5.159,Embroidered Black Silk Formal Court Robe,https://search.museums.ualberta.ca/21-19381,https://media.museums.ualberta.ca/UAAC/fullres/2005/2005_005_159_ve_s21-03v01.jpg,robe,Qing 19th-20th centuries,black silk twill embroidered with silk and edged with metal-wrapped thread braid,overall: 140 cm x 221 cm; neck to hem: 140 cm; cuff to cuff: x 221 cm,unknown,,,Gift of Sandy and Cécile Mactaggart
2005.5.465,Maroon Silk Vest for a Man,https://search.museums.ualberta.ca/21-19687,https://media.museums.ualberta.ca/UAAC/bfw/2005/2005_005_465_ve_s19-12v01.jpg,vest,Qing 20th century,dark purple silk damask edged with black silk satin,overall: 66 cm x 66 cm,unknown,,,Gift of Sandy and Cécile Mactaggart
2004.19.38.5,Album Leaf from Album of Figures,https://search.museums.ualberta.ca/21-20404,https://media.museums.ualberta.ca/UAAC/fullres/2004/2004_019_038_005_s21-10v01.jpg,album leaf,Qing 19th century,ink and colour on paper,,Ren Yi,"The painting is associated with the poem (2004.19.38.4). It depicts a man seated on a rock, with most of his back turned to the viewer. His body is slightly inclined forward as he turns his head toward the audience.
The jagged rock on the right is rendered with bold, expressive brushstrokes, providing a striking contrast to the delicate foliage. The palm trees behind the rock are painted with subtle, layered brushwork, creating a sense of movement and depth.
The inscription on the left states, “Written by Ren Yi, also known as Ren Bonian from Shanyin, in Chunshenpu (now the Huangpu River in Shanghai) [山陰任頤伯年寫于春申浦]”, and the red seal belongs to Ren Yi.",,Gift of Sandy and Cécile Mactaggart
2005.5.91,Black Gauze Silk Surcoat,https://search.museums.ualberta.ca/21-19313,https://media.museums.ualberta.ca/UAAC/bfw/2005/2005_005_091_d03_s19-12v01.jpg,surcoat,Qing 19th century,black figured silk gauze,overall: 112.5 cm x 174.2 cm; neck to hem: 112.5 cm; cuff to cuff: x 174.2 cm,unknown,,,Gift of Sandy and Cécile Mactaggart
2004.19.1.3,Outer Box for Illustrations of Costumes from the Qianlong Court,https://search.museums.ualberta.ca/21-20296,https://media.museums.ualberta.ca/UAAC/full/2004/19-1-3_1.jpg,box,Qing 18th century,paper,overall: 45.4 cm x 44.4 cm x 7.4 cm,unknown,"A clamshell-style box that is made to look like a bound book with a ridged leather spine.  The English title of the album is written in gold, both on the spine and on a leather patch on the centre of the cover.",,Gift of Sandy and Cécile Mactaggart
2004.19.70.2.1,Base of Box for Landscape After Xia Gui,https://search.museums.ualberta.ca/21-20547,https://media.museums.ualberta.ca/UAAC/full/2004/19-1-3_1.jpg,"box, base",Qing 17th century,,,unknown,Base of storage box for hanging scroll.,,Gift of Sandy and Cécile Mactaggart
2005.5.557,Front and Back Panels of a Rank Badge for a Fifth Rank Military Official,https://search.museums.ualberta.ca/21-19779,https://media.museums.ualberta.ca/UAAC/fullres/2005/2005_005_557_002_re_s23-03v01.jpg,rank badge,Qing 19th century,gold wrapped silk thread; silk; silk floss; silk satin; embroidery,,unknown,"Rank badges, always made in pairs, were placed on the front and back of surcoats in order to communicate their wearer’s rank during the Ming (1368-1644) and Qing dynasties (1644-1911). Different motifs were regulated by the imperial court, including bird motifs used only for civil officials while beasts were used for military officials. The hierarchy of ranks within these categories was represented by specific birds and beasts. This pair of rank badges features a bear embroidered in gold metal-wrapped and multicoloured silk floss, which represents a fifth rank military official. Bears and lions are often confused on rank badges, as the bear has a mane and tail that appears similar to a lion's. However, a bear's tail curls only at the base, whereas a lion's tail curls at the base and tip. A lion also has a curly mane, while a bear's mane hangs in straight tendrils. 
The front badge is made into two separate panels to accommodate the front opening of a surcoat, while the back badge is made in one piece. The patterns on the front and back badges are identical. The sun on the right side of these badges indicates that the wearer was female, likely the spouse of a military official. The bear, positioned at the center of the badge, is surrounded by flames, clouds, rocks, and standing water waves. A flaming wheel, a Buddhist symbol, can be seen amongst the waves with other obscured treasures. There are bats throughout the sky, which are a symbol of good luck. Many flowers are embroidered in the background, including peonies. Gold metal-wrapped threads outline auspicious symbols and also make up the geometric border design.",,Gift of Sandy and Cécile Mactaggart
2005.5.513,Silk Brocade Yardage,https://search.museums.ualberta.ca/21-19735,https://media.museums.ualberta.ca/UAAC/fullres/2005/2005_005_513_ve_d01_s23-01v01.jpg,yardage,Modern 20th century,gold wrapped silk thread; silk brocade,overall: 75.5 cm x 444 cm,unknown,,,Gift of Sandy and Cécile Mactaggart
2004.19.9.3,Album Leaf from Album of Landscapes,https://search.museums.ualberta.ca/21-20499,https://media.museums.ualberta.ca/UAAC/fullres/2004/2004_019_009_003_s21-10v01.jpg,album leaf,Qing 17th-18th centuries,ink and colour on paper,overall: 3.3 cm x 16.8 cm x 26.6 cm; image: 16 cm x 9.9 cm,Yao Song,,,Gift of Sandy and Cécile Mactaggart
2005.5.141,Embroidered Yellow Silk Fragmentary Hanging,https://search.museums.ualberta.ca/21-19363,https://media.museums.ualberta.ca/UAAC/fullres/2005/2005_005_141_re_d02_s21-03v01.jpg,hanging,Qing 19th-20th centuries,silk; silk floss; silk satin; cotton; embroidery,overall: 381 cm x 252.5 cm,unknown,"A hanging made from yellow silk satin embroidered with four five-clawed dragons using polychrome silk and metal-wrapped threads. The top two dragons are ascending while the bottom dragons are descending. The background is adorned with clouds, flames, bats, and Buddhist symbols. There is a lotus flower in the top center and a flaming pearl in the bottom center. This large piece is made from six panels of satin fabric stitched together and also has a silk lining.",,Gift of Sandy and Cécile Mactaggart
2005.5.599,Front and Back Panels of a Rank Badge for a Sixth Rank Military Official,https://search.museums.ualberta.ca/21-19821,https://media.museums.ualberta.ca/UAAC/bfw/2005/2005_005_599_002_re_s19-12v01.jpg,rank badge,Qing 19th century,gold wrapped silk thread; ink; linen; silk; silk floss; silk satin; silver wrapped silk thread; embroidery; tapestry weave,,unknown,"Qing Period (1644-1911), Sixth Rank Military Official (Panther)

(source: John E. Vollmer & Jacqueline Simcox, ""Emblems of Empire: Selections from the Mactaggart Art Collection,"" (The University of Alberta Press and University of Alberta Museums, Edmonton, Alberta, 2009), p. 74.)",,Gift of Sandy and Cécile Mactaggart
2005.5.583,Partial Front Panel and Back Panel of a Rank Badge for a Seventh Rank Civil Official,https://search.museums.ualberta.ca/21-19805,https://media.museums.ualberta.ca/UAAC/bfw/2005/2005_005_583_001_re_s19-12v01.jpg,rank badge,Qing 19th century,linen; silk; tapestry weave,,unknown,"Qing Period (1644-1911), Seventh Rank Civil Official (Mandarin Duck)

(source: John E. Vollmer & Jacqueline Simcox, ""Emblems of Empire: Selections from the Mactaggart Art Collection,"" (The University of Alberta Press and University of Alberta Museums, Edmonton, Alberta, 2009), p. 74.)",,Gift of Sandy and Cécile Mactaggart
2004.19.1.1.54,Album Leaf from Illustrations of Costumes from the Qianlong Court,https://search.museums.ualberta.ca/21-20263,https://media.museums.ualberta.ca/UAAC/fullres/2004/2004_019_001_001_054_s21-03v01.jpg,album leaf,Qing 18th century,ink; silk; paper,sheet: 42.2 cm x 40.9 cm; image: 33.6 cm x 31.6 cm,unknown,"This album leaf is part of a section of the illustrations of costumes from the Qianlong court, Huangchao liqi tushi (“The Regulations for the Ceremonial Paraphernalia of the [Qing] Dynasty”). In total there are 34 folios that depict costumes appropriate for the Empress Dowager or Empress to wear at the imperial court along with short descriptive captions. This is the left leaf of one folio (attached to 2004.19.1.55) and it contains eleven columns of regular script calligraphy describing regulations for a diadem, which is illustrated on the attached right leaf.","皇太后 皇后金約  謹按 本朝定制 
皇太后 皇后金約 縷金雲十三 飾東珠各一 間以青金石 紅片金裏 後繫金銜綠松石結 貫珠下垂 五行三就 共珍珠三百二十四…												

													皇太后 皇后金約  謹按 本朝定制 
皇太后 皇后金約 縷金雲十三 飾東珠各一 間以青金石 紅片金裏 後繫金銜綠松石結 貫珠下垂 五行三就 共珍珠三百二十四 每行大珍珠一 中間金銜青金石結二 每具飾東珠 珍珠各八 末綴珊瑚 Translation of the Chinese text: ""Golden diadem jinyue for the Empress Dowager and Empress/In accordance with the decree of the present dynasty:/The golden diadem of the Empress Dowager and Empress is engraved with thirteen golden clouds, each ornamented with one eastern pearl, and with blue stones interspersed with golden stones and an [interior] red band that has gold [design] on the facing. At the back is golden plaque inlaid with spaced green turquoise stones, from which pearls trail down in five strings and in three registers./Altogether there are 324 pearls, each string threaded with a large pearl. At the center there are ornaments of gold, lapis lazuli and precious gems that are combined in a knot, and each knot is decorated with eight eastern pearls and eight gems apiece, the ends adorned in coral.  ""
(Translated and transcribed by Lisa Claypool, Ed., China’s Imperial Modern: The Painter’s Craft, Edmonton, AB: University of Alberta Museums, 2012, p.102)
On the reverse of the piece ""(14)"" is handwritten in pencil on the upper right corner. 
Read More +",Gift of Sandy and Cécile Mactaggart
2005.5.533.2,Embroidered Silk Fragmentary Panel,https://search.museums.ualberta.ca/21-20925,https://media.museums.ualberta.ca/UAAC/bfw/2005/2005_005_533_002_s19-12v01.jpg,panel,Qing 19th century,gold wrapped silk thread; silk; silk brocade; silk floss; embroidery,overall: 145.5 cm x 53.1 cm,unknown,,,Gift of Sandy and Cécile Mactaggart
2005.5.636,Silk Canopy made from a Collar,https://search.museums.ualberta.ca/21-19858,https://media.museums.ualberta.ca/UAAC/bfw/2005/2005_005_636_ve_s20-02v01.jpg,canopy,Qing 18th century,ink; silk brocade; silk damask,overall: 150.5 cm x 134.5 cm,unknown,,,Gift of Sandy and Cécile Mactaggart
2022.7.6.1,Front Panel of a Rank Badge for a First Rank Military Official,https://search.museums.ualberta.ca/21-27267,https://media.museums.ualberta.ca/UAAC/fullres/2022/2022_007_006_001_ve_s23-03v01.jpg,rank badge,,Polychrome silk floss and metal-wrapped thread embroidery on silk satin,overall: 29.5 cm x 30.5 cm,unknown,"Rank badges, always made in pairs, were placed on the front and back of surcoats in order to communicate their wearer’s rank during the Ming (1368-1644) and Qing dynasties (1644-1911). Different motifs were regulated by the imperial court, including bird motifs used only for civil officials, while beasts were used for military officials. The hierarchy of ranks within these categories was represented by specific birds and beasts. 
This rank badge features a qilin, representing a first rank military official. The qilin is surrounded by ruyi-shaped clouds, with its head turned toward the sun disk in the upper left corner. This badge is made of silk floss and metal-wrapped thread embroidery on silk satin.",,Purchased by University of Alberta Museums
2004.19.2.47,Album Leaf from Illustrations of Chinese Costumes,https://search.museums.ualberta.ca/21-20065,https://media.museums.ualberta.ca/UAAC/fullres/2004/2004_019_002_047_s21-10v01.jpg,album leaf,Qing 18th century,ink; paper,sheet: 29.2 cm x 24.4 cm; image: 25.3 cm x 20.3 cm,unknown,"This album leaf is a part of a 48-page album that depicts Chinese subjects participating in various aspects of daily life, including government business, daily life, cultural customs, modes of transportation, and corporal punishment. This leaf contains an ink and watercolour painting that is slightly different, stylistically, from other paintings in the album. It depicts a doubled-ended spear with round yellow spheres on each end of the handle before the blade. On the same page is another weapon with a long and pointed blade, decorated with a tiger head between the blade and handle.",,Gift of Sandy and Cécile Mactaggart
2005.5.544,Front and Back Panels of a Rank Badge for a First Rank Civil Official,https://search.museums.ualberta.ca/21-19766,https://media.museums.ualberta.ca/UAAC/bfw/2005/2005_005_544_002_re_s19-12v01.jpg,rank badge,Qing 19th century,copper-wrapped silk thread; gold wrapped silk thread; ink; linen; silk; silver wrapped silk thread; tapestry weave,,unknown,"Rank badges, always made in pairs, were placed on the front and back of surcoats in order to communicate their wearer’s rank during the Ming (1368-1644) and Qing dynasties (1644-1911). Different motifs were regulated by the imperial court, including bird motifs used only for civil officials, while beasts were used for military officials. The hierarchy of ranks within these categories was represented by specific birds and beasts. These rank badges feature a crane, representing a first rank civil official. It is centrally-positioned, perched on a rock with its wings outstretched, gazing toward the sun in the upper left corner. Surrounding the birds are peonies, clouds, and auspicious ornaments.",,Gift of Sandy and Cécile Mactaggart
2011.16.1.4,Jacket from ceremonial armour,https://search.museums.ualberta.ca/21-24576,https://media.museums.ualberta.ca/UAAC/bfw/2011/2011_016_001_004_d02_s19-12v01.jpg,jacket,,"silk, metal threads, silk or cotton velvet",overall (with arms): 83 cm x 224 cm x 68 cm,,"Short military jacket for man with centre front opening and low side vents, horse-hoof cuffs. Applique, lined and quilted, the jacket has machine-made ribbon, gilt bronze buttons, twelve black silk-satin loops on front, four yellow knit-covered bands, aluminum studs and aluminum jewel settings backed with paper on trim.",,Gift of Sandy and Cécile Mactaggart
2004.19.3.15,Album Leaf from Insects,https://search.museums.ualberta.ca/21-20088,https://media.museums.ualberta.ca/UAAC/fullres/2004/2004_019_003_015_s21-03v01.jpg,album leaf,Qing 18th-19th centuries,ink; paper,sheet: 33.4 cm x 43.3 cm; image: 30.5 cm x 28.4 cm,unknown,A painting of two stems of gardenia flowers with a black beetle and two butterflies.,,Gift of Sandy and Cécile Mactaggart
2005.5.283,Blue Silk Fragment from the Yoke Section of a Formal Court Robe,https://search.museums.ualberta.ca/21-19505,https://media.museums.ualberta.ca/UAAC/bfw/2005/2005_005_283_ve_s20-02v01.jpg,fragment,Qing 19th century,gold wrapped silk thread; silk; silk brocade; cotton,overall: 141 cm x 144 cm,unknown,,,Gift of Sandy and Cécile Mactaggart
2005.5.79,Embroidered Brown Silk Twill Semi Formal Dragon Robe for a Man,https://search.museums.ualberta.ca/21-19301,https://media.museums.ualberta.ca/UAAC/fullres/2005/2005_005_079_ve_s21-03v01.jpg,robe,Qing 18th century,brown silk twill embroidered with silk,overall: 137.4 cm x 217 cm; neck to hem: 137.4 cm; cuff to cuff: x 217 cm,unknown,,,Gift of Sandy and Cécile Mactaggart
2022.7.6.2,Back Panel of a Rank Badge for a First Rank Military Official,https://search.museums.ualberta.ca/21-27272,https://media.museums.ualberta.ca/UAAC/fullres/2022/2022_007_006_002_ve_s23-03v01.jpg,rank badge,,Polychrome silk floss and metal-wrapped thread embroidery on silk satin,overall: 30.5 cm x 29.1 cm,unknown,"Rank badges, always made in pairs, were placed on the front and back of surcoats in order to communicate their wearer’s rank during the Ming (1368-1644) and Qing dynasties (1644-1911). Different motifs were regulated by the imperial court, including bird motifs used only for civil officials, while beasts were used for military officials. The hierarchy of ranks within these categories was represented by specific birds and beasts. 
This rank badge features a qilin, representing a first rank military official. The qilin is surrounded by ruyi-shaped clouds, with its head turned toward the sun disk in the upper left corner. This badge is made of silk floss and metal-wrapped thread embroidery on silk satin.",,Purchased by University of Alberta Museums
2005.5.603.1.2,Left Side of the Front Panel of a Rank Badge for a Fifth Rank Military Official,https://search.museums.ualberta.ca/21-20746,https://media.museums.ualberta.ca/UAAC/fullres/2022/2022_007_006_002_ve_s23-03v01.jpg,rank badge,Qing 19th century,gold wrapped silk thread; linen; peacock feathers; silk; tapestry weave,overall: 28.7 cm x 15.9 cm,unknown,,,Gift of Sandy and Cécile Mactaggart
2004.19.1.1.41,Album Leaf from Illustrations of Costumes from the Qianlong Court,https://search.museums.ualberta.ca/21-20249,https://media.museums.ualberta.ca/UAAC/fullres/2004/2004_019_001_001_041_ve_s21-03v01.jpg,album leaf,Qing 18th century,ink; silk; paper,sheet: 42.2 cm x 40.8 cm; image: 32.4 cm x 29.2 cm,unknown,"This album leaf is part of a section of the illustrations of costumes from the Qianlong court, Huangchao liqi tushi (“The Regulations for the Ceremonial Paraphernalia of the [Qing] Dynasty”). In total there are 34 folios that depict costumes appropriate for the Empress Dowager or Empress to wear at the imperial court along with short descriptive captions. This is the right leaf of one folio (attached to 2004.19.1.40) that depicts the front of a vest. The Chinese script describes the pictorial content of the painting and is translated as ""illustration of the court vest chaogua the third style for the Empress Dowager and Empress."" This painting is nearly identical to another leaf found in the album, 2004.19.1.1.39.","皇太后 皇后朝褂三  圖 Translation of the Chinese text: ""Illustration of the court vest chaogua the third style for the Empress Dowager and Empress.""
On the reverse of the piece ""(27)"" is handwritten in pencil… 

													皇太后 皇后朝褂三  圖 Translation of the Chinese text: ""Illustration of the court vest chaogua the third style for the Empress Dowager and Empress.""
On the reverse of the piece ""(27)"" is handwritten in pencil on the upper left corner.  Below the pencil number are two black ink markings. 
Read More +",Gift of Sandy and Cécile Mactaggart
2005.5.470,Red Silk Brocade Chair Cover,https://search.museums.ualberta.ca/21-19692,https://media.museums.ualberta.ca/UAAC/bfw/2005/2005_005_470_ve_g02_s20-02v01.jpg,chair cover,Qing 19th century,silk brocade; silk damask,overall: 155.3 cm x 51.9 cm,unknown,,,Gift of Sandy and Cécile Mactaggart
2005.5.88.5,Embroidered Silk Fan Case,https://search.museums.ualberta.ca/21-20912,https://media.museums.ualberta.ca/UAAC/bfw/2005/2005_005_088_005_ve_s20-02v01.jpg,fan case,Qing 19th century,silk floss; embroidery; braided cord; silk; clay,overall: 39.5 cm x 6.3 cm x 1.1 cm,unknown,,,Gift of Sandy and Cécile Mactaggart
2005.5.639,Two Embroidered Silk Chair Covers,https://search.museums.ualberta.ca/21-19861,https://media.museums.ualberta.ca/UAAC/bfw/2005/2005_005_088_005_ve_s20-02v01.jpg,chair cover,Qing 17th-18th centuries,silk floss; silk twill; metallic thread; embroidery,,unknown,,,Gift of Sandy and Cécile Mactaggart
2005.5.553.2,Back Panel of a Rank Badge for a Fifth Rank Civil Official,https://search.museums.ualberta.ca/21-20631,https://media.museums.ualberta.ca/UAAC/bfw/2005/2005_005_553_002_ve_s19-12v01.jpg,rank badge,Qing 19th century,gold wrapped silk thread; silk; silk floss; silk satin; silver wrapped silk thread; embroidery,overall: 28.6 cm x 29.7 cm,unknown,"Rank badges, always made in pairs, were placed on the front and back of surcoats in order to communicate their wearer’s rank during the Ming (1368-1644) and Qing dynasties (1644-1911). Different motifs were regulated by the imperial court, including bird motifs used only for civil officials while beasts were used for military officials. The hierarchy of ranks within these categories was represented by specific birds and beasts. This pair of rank badges features a silver pheasant representing the fifth rank of a civil official. This bird is identified by its white feathers, white crown with a red stripe and long tail.
The front badge is made into two separate panels to accommodate the front opening of a surcoat, while the back badge is made in one piece. The patterns on the front and back badges are identical. This rank badge pair was decorated with smooth satin stitches surrounded by couched metal-wrapped threads. Bats (which represent fortune) and auspicious motifs are scattered among coin-shaped clouds. The background is filled with green geometric lines and  wan symbols (similar in form, but not ideology, to a swastika), which symbolize infinity. In the centre of the badge is a silver pheasant standing on rocks above the waves and water, looking toward a red sun in the upper right corner. The position of the sun on the right side of the badge indicates that the badge was used by the spouse of a civil official and decorated with her husband’s rank.",,Gift of Sandy and Cécile Mactaggart
2005.5.603.1,Front Panel of a Rank Badge for a Fifth Rank Military Official,https://search.museums.ualberta.ca/21-20744,https://media.museums.ualberta.ca/UAAC/bfw/2005/2005_005_603_001_ve_s19-12v01.jpg,rank badge,Qing 19th century,gold wrapped silk thread; linen; peacock feathers; silk; tapestry weave,,unknown,,,Gift of Sandy and Cécile Mactaggart
2004.19.2.27,Album Leaf from Illustrations of Chinese Costumes,https://search.museums.ualberta.ca/21-20012,https://media.museums.ualberta.ca/UAAC/fullres/2004/2004_019_002_027_s21-10v01.jpg,album leaf,Qing 18th century,ink; paper,sheet: 17.2 cm x 28 cm; image: 10.8 cm x 16.8 cm,unknown,"This album leaf is a part of a 48-page album that depicts Chinese subjects participating in various aspects of daily life, including government business, daily life, cultural customs, modes of transportation, and corporal punishment. This leaf contains an ink and watercolour depiction of two male soldiers. The left soldier wears a tunic with trousers while holding a shield and a sword. The right soldier is wearing studded armour with a helmet while holding a bow and arrows.",,Gift of Sandy and Cécile Mactaggart
2005.5.592.1.2,Left Side of the Front Panel of a Rank Badge for a Third Rank Military Official,https://search.museums.ualberta.ca/21-20694,https://media.museums.ualberta.ca/UAAC/fullres/2004/2004_019_002_027_s21-10v01.jpg,rank badge,Qing 19th century,silk and metal-wrapped thread tapestry weave with ink,overall: 27 cm x 15.6 cm,unknown,,,Gift of Sandy and Cécile Mactaggart
2005.5.324,Blue Silk Tapestry Weave Dragon Robe for a Man,https://search.museums.ualberta.ca/21-19546,https://media.museums.ualberta.ca/UAAC/fullres/2005/2005_005_324_ve_s21-03v01.jpg,robe,Qing 19th century,blue silk and metal-wrapped thread tapestry weave with ink details,overall: 139.8 cm x 199 cm; neck to hem: 139.8 cm; cuff to cuff: x 199 cm,unknown,,,Gift of Sandy and Cécile Mactaggart
2004.19.6,Narcissus and Birds,https://search.museums.ualberta.ca/21-19071,https://media.museums.ualberta.ca/UAAC/fullres/2004/2004_019_006_d01_s22-02v01.jpg,hanging scroll,Modern 20th century,ink and colour on paper,sheet: 204.5 cm x 75.9 cm; image: 131 cm x 64.9 cm,"Zhao Xiuhuan											
											 
												
												
													
														View People Details ?","In this hanging scroll Zhao Xiuhuan (born 1946) depicts narcissi (also known as daffodils) blooming along a rocky stream. Narcissus blossoms and birds, a common theme in Zhao’s other works, are both symbols of the start of spring. Zhao also utilizes the ancient Chinese painting colour palette of green and blue to set the atmosphere of this painting. By using incredibly delicate brushstrokes to outline the visual objects, she highlights the landscape’s subtleties, such as the feather of the birds, the moss of the rocks, and the stems, leaves, and petals of narcissus.",Signed by Xiuhuan and impressed with 1 seal of the artist.,Gift of Sandy and Cécile Mactaggart
2005.5.204,Orange Silk Damask Jacket for a Woman,https://search.museums.ualberta.ca/21-19426,https://media.museums.ualberta.ca/UAAC/bfw/2005/2005_005_204_d01_s19-12v01.jpg,jacket,Qing 19th century,orange silk damask with dark blue silk embroidered borders and sleeve bands,overall: 113.9 cm x 142.5 cm,unknown,,,Gift of Sandy and Cécile Mactaggart
2010.17.87,Washing Indigo Cloth,https://search.museums.ualberta.ca/21-23286,https://media.museums.ualberta.ca/UAAC/bfw/2010/2010_017_087_s19-12v01.jpg,painting,,Gouache on mulberry paper,overall: 88.1 cm x 61.8 cm,unknown,"This folk art painting depicts three women washing indigo dye from long strips of cloth in a river. It is a reproduction of a work made by artist Luo Zhijian (b. 1954) of Hu County, Shaanxi, using a painting technique reminiscent of collage. He uses bold and bright colours, with clever use of contrast, to draw the viewer’s attention to the figures at the top of the painting. The women's posture and facial expressions are also expertly captured, conveying a sense of shared purpose and companionship as they work together to complete the task at hand. The details of their clothing, hairstyles, and accessories provide a glimpse into the daily life of rural Chinese women in this time period.",,Gift of Sandy and Cécile Mactaggart
2004.19.2.29,Album Leaf from Illustrations of Chinese Costumes,https://search.museums.ualberta.ca/21-20018,https://media.museums.ualberta.ca/UAAC/fullres/2004/2004_019_002_029_s21-10v01.jpg,album leaf,Qing 18th century,ink; paper,sheet: 17.2 cm x 28.1 cm; image: 12.4 cm x 16.2 cm,unknown,"This album leaf is a part of a 48-page album that depicts Chinese subjects participating in various aspects of daily life, including government business, daily life, cultural customs, modes of transportation, and corporal punishment. This leaf contains an ink and watercolour depiction of two ""priests"" or religious figures. The man on the left, with a shaved head and long black robe, is a Buddhist monk, while the man on the left, in a long blue robe and hair tied back, is a Daoist priest.",,Gift of Sandy and Cécile Mactaggart
2005.5.88.1.1,Folding Fan,https://search.museums.ualberta.ca/21-20918,https://media.museums.ualberta.ca/UAAC/bfw/2005/2005_005_088_001_001_ve_op_s20-02v01.jpg,fan,Qing 19th century,wood; bamboo; paper,overall: 32.3 cm x 2.1 cm x 2 cm,unknown,,,Gift of Sandy and Cécile Mactaggart
2004.19.68.1.35,The Battle of Tonguzluq,https://search.museums.ualberta.ca/21-19909,https://media.museums.ualberta.ca/UAAC/fullres/2004/2004_019_068_001_035_d01_s21-03v01.jpg,print,Qing 18th century,ink on paper; etching; engraving,overall: 63.1 cm x 112.4 cm; image: 54 cm x 92.9 cm,unknown,A printed image of a battle scene with a mountainous background.  This engraving goes along with manuscript .68.1.18.,,Gift of Sandy and Cécile Mactaggart
2004.19.91.2,Box for Portrait of Qi Baishi,https://search.museums.ualberta.ca/21-20572,https://media.museums.ualberta.ca/UAAC/fullres/2004/2004_019_068_001_035_d01_s21-03v01.jpg,box,Modern 20th century,,overall: 7.7 cm x 8.4 cm x 100 cm,unknown,Storage box for hanging scroll.,,Gift of Sandy and Cécile Mactaggart
2005.5.605.1,Front Panel of a Rank Badge for a Sixth Rank Military Official,https://search.museums.ualberta.ca/21-20758,https://media.museums.ualberta.ca/UAAC/fullres/2005/2005_005_605_001_ve_s23-03v01.jpg,rank badge,Qing 19th century,gold wrapped silk thread; linen; silk; ink; tapestry weave,,unknown,"Qing Period (1644-1911), Sixth Rank Military Official (Panther)

(source: John E. Vollmer & Jacqueline Simcox, ""Emblems of Empire: Selections from the Mactaggart Art Collection,"" (The University of Alberta Press and University of Alberta Museums, Edmonton, Alberta, 2009), p. 74.)",,Gift of Sandy and Cécile Mactaggart
2005.5.99,Two Lengths of Silk Brocade Seamed Together,https://search.museums.ualberta.ca/21-19321,https://media.museums.ualberta.ca/UAAC/fullres/2005/2005_005_099_ve_s21-03v01.jpg,panel,Qing 20th century,gold wrapped silk thread; silk brocade; silk damask; silver wrapped silk thread; copper-wrapped silk thread,overall: 119 cm x 192 cm,unknown,,,Gift of Sandy and Cécile Mactaggart
2005.5.503.1,Embroidered Blue Silk Fragmentary Panel,https://search.museums.ualberta.ca/21-20800,https://media.museums.ualberta.ca/UAAC/bfw/2005/2005_005_503_001_s19-12v01.jpg,panel,Qing 19th century,silk; silk damask; silk floss; silk jacquard; silk satin; embroidery,overall: 49.4 cm x 105.1 cm,unknown,,,Gift of Sandy and Cécile Mactaggart
2005.5.228,Couched Gold Apricot Silk Panel,https://search.museums.ualberta.ca/21-19450,https://media.museums.ualberta.ca/UAAC/bfw/2005/2005_005_228_s19-12v01.jpg,panel,Qing 20th century,gold wrapped silk thread; silk floss; silk twist; silk satin; embroidery,overall: 92.9 cm x 61.6 cm,unknown,,,Gift of Sandy and Cécile Mactaggart
2005.5.568.1.2,Left Side of the Front Panel of a Rank Badge for a Fifth Rank Civil Official,https://search.museums.ualberta.ca/21-20716,https://media.museums.ualberta.ca/UAAC/bfw/2005/2005_005_228_s19-12v01.jpg,rank badge,Qing 19th century,gold wrapped silk thread; ink; tapestry weave; linen; silk; silver wrapped silk thread,overall: 29.4 cm x 15.5 cm,unknown,,,Gift of Sandy and Cécile Mactaggart
2005.5.226.1,Embroidered Black Silk Collar,https://search.museums.ualberta.ca/21-20781,https://media.museums.ualberta.ca/UAAC/bfw/2005/2005_005_228_s19-12v01.jpg,collar,Qing 20th century,black silk gauze embroidered with silk and metal-wrapped threads,overall: 36.5 cm x 72.5 cm,unknown,,,Gift of Sandy and Cécile Mactaggart
2004.19.3.30,Album Leaf from Insects,https://search.museums.ualberta.ca/21-20117,https://media.museums.ualberta.ca/UAAC/fullres/2004/2004_019_003_030_s21-03v01.jpg,album leaf,Qing 18th-19th centuries,ink; paper,sheet: 35.4 cm x 43.1 cm; image: 18.3 cm x 30.2 cm,unknown,A painting of three butterflies and a small brown beetle.,,Gift of Sandy and Cécile Mactaggart
2005.5.27,Length of Floral Yellow Silk Brocade,https://search.museums.ualberta.ca/21-19249,https://media.museums.ualberta.ca/UAAC/fullres/2005/2005_005_027_re_s22-02v01.jpg,panel,Qing 19th-20th centuries,silk brocade; silk damask,overall: 74.5 cm x 175 cm,unknown,,,Gift of Sandy and Cécile Mactaggart
2005.5.267,Blue Silk Partial Yardage for a Dragon Robe,https://search.museums.ualberta.ca/21-19489,https://media.museums.ualberta.ca/UAAC/fullres/2005/2005_005_267_ve_s23-01v01.jpg,yardage,Qing 19th century,gold wrapped silk thread; silk floss; silk twill; silver wrapped silk thread; embroidery,overall: 251 cm x 145 cm,unknown,,,Gift of Sandy and Cécile Mactaggart
2005.5.453,Blue Silk Brocade Robe,https://search.museums.ualberta.ca/21-19675,https://media.museums.ualberta.ca/UAAC/fullres/2005/2005_005_453_ve_s21-03v01.jpg,robe,Qing 19th century,blue silk and metal-wrapped thread brocade,overall: 139.4 cm x 113.4 cm; neck to hem: 139.4 cm,unknown,,,Gift of Sandy and Cécile Mactaggart
2005.5.556.2,Back Panel of a Rank Badge for an Eighth Rank Civil Official,https://search.museums.ualberta.ca/21-20637,https://media.museums.ualberta.ca/UAAC/bfw/2005/2005_005_556_002_ve_s19-12v01.jpg,rank badge,Qing 19th century,gold wrapped silk thread; ink; linen; silk; silk satin; tapestry weave,overall: 28.9 cm x 29 cm,unknown,"Rank badges, always made in pairs, were placed on the front and back of surcoats in order to communicate their wearer’s rank during the Ming (1368-1644) and Qing dynasties (1644-1911). Different motifs were regulated by the imperial court, including bird motifs used only for civil officials, while beasts were used for military officials. The hierarchy of ranks within these categories was represented by specific birds and beasts. 
This rank badge features a quail, representing an eighth rank civil official. In the Ming Dynasty, the birds on rank badges were often presented in pairs in an upper and lower position. Later, in the Qing Dynasty, only one bird or beast was seen on rank badges. This bird is perched on a rock and gazing at a sun disc in the top left corner. This badge is woven in tapestry, with gold metal-wrapped thread and details rendered in multi-coloured silk floss. Coloured ink was used for colour gradation.",,Gift of Sandy and Cécile Mactaggart
2004.19.11.9,One Scroll from Peach Blossom Spring,https://search.museums.ualberta.ca/21-20456,https://media.museums.ualberta.ca/UAAC/fullres/2004/2004_019_011_009_s21-10v01.jpg,hanging scroll,Qing 18th century,ink and colour on silk,,Yuan Jiang,,,Gift of Sandy and Cécile Mactaggart
2004.19.73.4,Outer Box for Album of Flowers and Birds,https://search.museums.ualberta.ca/21-20552,https://media.museums.ualberta.ca/UAAC/fullres/2004/2004_019_011_009_s21-10v01.jpg,box,Qing 18th century,wood,overall: 6.9 cm x 38 cm x 36.4 cm,unknown,Outer storage box for album.,,Gift of Sandy and Cécile Mactaggart
2005.5.537,Two Silk Tapestry Weave Panels,https://search.museums.ualberta.ca/21-19759,https://media.museums.ualberta.ca/UAAC/fullres/2004/2004_019_011_009_s21-10v01.jpg,panel,Qing 20th century,gold wrapped silk thread; peacock feathers; silk; silk brocade; silk satin; tapestry weave,,unknown,"Two silk tapestry weave panels with fragment of a five-clawed dragon trimmed with brocade fabric and lined with plain silk. Dragons are green with peacock-feather threads and surrounded by clouds, a flaming pearl, and waves. Gold metal-wrapped threads outline dragon, clouds, and waves.",,Gift of Sandy and Cécile Mactaggart
2005.5.425,Embroidered Blue Silk Sleeve Band,https://search.museums.ualberta.ca/21-19647,https://media.museums.ualberta.ca/UAAC/bfw/2005/2005_005_425_ve_s20-02v01.jpg,sleeve band,Qing 19th century,silk satin; embroidery,overall: 13.4 cm x 105.4 cm,unknown,,,Gift of Sandy and Cécile Mactaggart
2004.19.1.1.31,Album Leaf from Illustrations of Costumes from the Qianlong Court,https://search.museums.ualberta.ca/21-20239,https://media.museums.ualberta.ca/UAAC/fullres/2004/2004_019_001_001_031_s21-03v01.jpg,album leaf,Qing 18th century,ink; silk; paper,sheet: 42.2 cm x 40.8 cm; image: 35.9 cm x 37.8 cm,unknown,"This album leaf is part of a section of the illustrations of costumes from the Qianlong court, Huangchao liqi tushi (“The Regulations for the Ceremonial Paraphernalia of the [Qing] Dynasty”). In total there are 34 folios that depict costumes appropriate for the Empress Dowager or Empress to wear at the imperial court along with short descriptive captions. This is the right leaf of one folio (attached to 2004.19.1.30) depicting the front of a robe. The Chinese script describes the pictorial content of the painting and is translated as ""illustration of winter court robe chaopao the second style for the Empress Dowager and Empress"".","皇太后 皇后冬朝袍二圖 Translation of the Chinese Text: ""Illustration of winter court robe chaopao the second style for the Empress Dowager and Empress.""
On the reverse of the piece ""(37)"" is handwritten in… 

													皇太后 皇后冬朝袍二圖 Translation of the Chinese Text: ""Illustration of winter court robe chaopao the second style for the Empress Dowager and Empress.""
On the reverse of the piece ""(37)"" is handwritten in pencil on the upper left corner.  Below the pencil number are two black ink markings in black. 
Read More +",Gift of Sandy and Cécile Mactaggart
2004.19.81,"Birds, Flowers and Insects",https://search.museums.ualberta.ca/21-19146,https://media.museums.ualberta.ca/UAAC/fullres/2004/2004_019_081_s22-02v01.jpg,hanging scroll,Qing 19th century,ink and colour on paper,overall: 143.5 cm x 51.1 cm; image: 124.2 cm x 36 cm,Li Yuankai,"A hanging scroll painting depicting birds, flowers, insects, and rocks.",The scroll is signed by Chuntian Li Yuankai.,Gift of Sandy and Cécile Mactaggart
2005.5.379,Two Embroidered Silk Sleeve Bands,https://search.museums.ualberta.ca/21-19601,https://media.museums.ualberta.ca/UAAC/fullres/2004/2004_019_081_s22-02v01.jpg,sleeve band,Qing 18th-19th centuries,silk brocade; silk floss; embroidery; paper,,unknown,,,Gift of Sandy and Cécile Mactaggart
2004.19.38.12,Album Leaf from Album of Figures,https://search.museums.ualberta.ca/21-20411,https://media.museums.ualberta.ca/UAAC/fullres/2004/2004_019_038_012_s21-10v01.jpg,album leaf,Qing 19th century,ink and colour on paper,,Ren Yi,"This album leaf is one of thirteen inscriptions in Ren Yi’s Album of Figures, featuring a four-line poem with seven characters per line. The poem was written in cursive script by Taixi (1899–1989) and later attached to Ren Yi’s paintings. The text is associated with the imagery on the album leaf attached beneath it (2004.19.38.13).",,Gift of Sandy and Cécile Mactaggart
2005.5.395.4,Fragment of Silk Brocade Yardage for a Dragon Robe,https://search.museums.ualberta.ca/21-20959,https://media.museums.ualberta.ca/UAAC/bfw/2005/2005_005_395_004_ve_s20-02v01.jpg,fragment,Qing 17th-18th centuries,gold wrapped silk thread; silk brocade; silk satin,overall: 39.4 cm x 68.6 cm,unknown,"Fragment of yellow silk brocade yardage intended for a dragon robe. This fragment shows portions of two five-clawed dragons surrounded by clouds and a flaming wheel, which is an auspicious Buddhist symbol. Appears to be from the same yardage as 2005.5.395.1 and 2005.5.395.5",,Gift of Sandy and Cécile Mactaggart
2005.5.494,White Silk Damask Yardage,https://search.museums.ualberta.ca/21-19716,https://media.museums.ualberta.ca/UAAC/fullres/2005/2005_005_494_g05_s22-02v01.jpg,yardage,Qing 19th century,silk damask,overall: 75.3 cm x 1520 cm,unknown,,,Gift of Sandy and Cécile Mactaggart
2004.19.72.6,Album Leaf from Figures in River Landscapes,https://search.museums.ualberta.ca/21-20440,https://media.museums.ualberta.ca/UAAC/fullres/2004/2004_019_072_006_s21-03v01.jpg,album leaf,Qing 18th century,ink and colour on paper,,Wang Gai,"This is the sixth leaf from the Figures in River Landscape album by Wang Gai (1677-1705), which is painted with ink and colour on paper. Each leaf contains a landscape, which was painted in situ by Wang Gai. Repeating themes throughout the album include figures immersed in the natural environment, which reflects the literati’s yearning and nostalgia.
In this scene, a man looks out from his cottage window, which is almost at the centre of the landscape composition. The cottage is surrounded by dense trees, rocks, mountains and a flowing river with a bridge. The distant mountains and sky are painted in a light wash of translucent blue ink.",,Gift of Sandy and Cécile Mactaggart
2005.5.284.3,Red Cut Velvet Chair Cover,https://search.museums.ualberta.ca/21-20936,https://media.museums.ualberta.ca/UAAC/bfw/2005/2005_005_284_003_re_m01_s20-02v01.jpg,chair cover,Qing 19th century,gold wrapped silk thread; silk; silk cut velvet,overall: 182 cm x 53.7 cm,unknown,,,Gift of Sandy and Cécile Mactaggart
2004.19.68.1.6,Print from the Qianlong Emperor’s Conquests,https://search.museums.ualberta.ca/21-19875,https://media.museums.ualberta.ca/UAAC/fullres/2004/2004_019_068_001_006_s21-03v01.jpg,print,Qing 18th century,silk; paper; ink,overall: 63.2 cm x 112.4 cm; image: 52.5 cm x 92.8 cm,unknown,"A printed calligraphic piece with two square red seals.  This manuscript goes along with engraving .68.1.28. It is number 5, chronologically from the set of 16 copperplate engravings.",,Gift of Sandy and Cécile Mactaggart
2005.5.157,Blue Silk Tapestry Weave Dragon Robe for a Man,https://search.museums.ualberta.ca/21-19379,https://media.museums.ualberta.ca/UAAC/fullres/2005/2005_005_157_ve_s21-03v01.jpg,robe,Qing 19th century,blue silk and metal-wrapped thread tapestry weave,overall: 139.5 cm x 204.5 cm; neck to hem: 139.5 cm; cuff to cuff: x 204.5 cm,unknown,,,Gift of Sandy and Cécile Mactaggart
2005.5.629,Blue Silk Brocade Hanging,https://search.museums.ualberta.ca/21-19851,https://media.museums.ualberta.ca/UAAC/fullres/2005/2005_005_629_ve_s21-03v01.jpg,hanging,Qing 20th century,metallic thread; silk; silk brocade,overall: 322 cm x 185.3 cm,unknown,,,Gift of Sandy and Cécile Mactaggart
2005.5.577,Back Panel of a Rank Badge for a Fifth Rank Civil Official,https://search.museums.ualberta.ca/21-19799,https://media.museums.ualberta.ca/UAAC/bfw/2005/2005_005_577_ve_s19-12v01.jpg,rank badge,Qing 19th-20th centuries,gold wrapped silk thread; peacock feathers; silk; silk floss; silk satin; embroidery,overall: 28.7 cm x 29.6 cm,unknown,"Qing Period (1644-1911), Fifth Rank Civil Official (Silver Pheasant)

(source: John E. Vollmer & Jacqueline Simcox, ""Emblems of Empire: Selections from the Mactaggart Art Collection,"" (The University of Alberta Press and University of Alberta Museums, Edmonton, Alberta, 2009), p. 74.)",,Gift of Sandy and Cécile Mactaggart
2010.20.1.2.3,"Magnificent Record of the Southern Tours, volume 9, chapters 21-23",https://search.museums.ualberta.ca/21-23687,https://media.museums.ualberta.ca/UAAC/bfw/2010/2010_020_001_002_003_s20-02v01.jpg,book,,"printed woodblock, thread binding",overall: 29.8 cm x 20.5 cm,Gao Jin,"One set of the Yuzhi nanxun shengdian [Magnificent Record of the Southern Tours], edited by Gao Jin et al. Volume 9. Chapters 21-23. Tianzhang [Imperial essays]. Woodblock printed, thread binding.",Emperor's essay,Gift of Sandy and Cécile Mactaggart
2005.5.603.2,Back Panel of a Rank Badge for a Fifth Rank Military Official,https://search.museums.ualberta.ca/21-20747,https://media.museums.ualberta.ca/UAAC/bfw/2005/2005_005_603_002_ve_s19-12v01.jpg,rank badge,Qing 19th century,gold wrapped silk thread; linen; peacock feathers; silk; tapestry weave,overall: 29.1 cm x 32.1 cm,unknown,,,Gift of Sandy and Cécile Mactaggart
2004.19.38,Album of Figures,https://search.museums.ualberta.ca/21-19103,https://media.museums.ualberta.ca/UAAC/fullres/2004/2004_019_038_cover_ve_s21-10v01.jpg,album,Qing 19th century,ink and colour on paper,overall: 2.7 cm x 28.7 cm x 24.2 cm; image: 14.6 cm x 17.2 cm,Ren Yi,"This album consists of 12 paintings depicting different scenes of people and animals, accompanied by inscriptions written in regulated verse, featuring four lines of seven characters each (七言绝句). 
The paintings were done by Ren Yi, also known as Ren Bonian (1840-1895). He was born in Shaoxing, Zhejiang. In 1868, he relocated to Shanghai. This move brought him into a more urban environment that was influenced by Western ideas. In Shanghai, he became part of the Shanghai School, which merged popular and traditional artistic styles. Ren Bonian was recognized alongside Ren Xiong, Ren Xun, and Ren Yu as one of the ""Four Rens."" 
The calligraphic poems were crafted by Liu Taixi (1899-1989), a calligrapher commissioned by Zhou Maifu (1929-2011). Based on the inscription on 2004.19.38.20, written by the calligrapher Taixi at the age of 86, the estimated date for the calligraphy is around 1985, nearly 90 years after Ren Yi's death. The time difference indicates that the inscriptions were added to the paintings at a much later date (ca.1985).
The golden-yellow cover is made of damask, featuring swirling cloud motifs and circular medallions containing dragons. This album opens vertically. Once flipped open, the top portion features an inscription, while the bottom half displays a painting framed by a damask border with wavy patterns. Both the inscription and the painting are mounted on a large sheet of yellow paper, with the yellow edges visible around the borders.",Each painting is signed by the artist and each painting is also impressed with at least one artist seal.  There are five leaves opposite the paintings that are inscribed by Liu Taixi.,Gift of Sandy and Cécile Mactaggart
2005.5.565.1,Front Panel of a Rank Badge for a Fourth Rank Civil Official,https://search.museums.ualberta.ca/21-20726,https://media.museums.ualberta.ca/UAAC/bfw/2005/2005_005_565_001_ve_s19-12v01.jpg,rank badge,Qing 19th century,copper-wrapped silk thread; gold wrapped silk thread; ink; tapestry weave; linen; silk; silver wrapped silk thread,overall: 30.5 cm x 30.6 cm,unknown,"Qing Period (1644-1911), Fourth Rank Civil Official (Wild Goose)

(source: John E. Vollmer & Jacqueline Simcox, ""Emblems of Empire: Selections from the Mactaggart Art Collection,"" (The University of Alberta Press and University of Alberta Museums, Edmonton, Alberta, 2009), p. 74.)",,Gift of Sandy and Cécile Mactaggart
2004.19.30,Spring Landscape,https://search.museums.ualberta.ca/21-19095,https://media.museums.ualberta.ca/UAAC/fullres/2004/2004_019_030_d01_s21-10v01.jpg,hanging scroll,Qing 17th-18th centuries,ink and colour on paper,sheet: 232.4 cm x 66.1 cm; image: 123.1 cm x 46.4 cm; rolled: 6.6 cm x 76.5 cm x 5.1 cm,Wang Hui,A hanging scroll painting depicting a house in a mountain landscape.,Signed by Geyin Shangren Wang Hui and impressed with 3 artist seals.  The scroll is also impressed with 3 collector's seals.,Gift of Sandy and Cécile Mactaggart
2004.19.71.7,Album Leaf from Landscapes After the Old Masters,https://search.museums.ualberta.ca/21-20431,https://media.museums.ualberta.ca/UAAC/fullres/2004/2004_019_071_007_s21-03v01.jpg,album leaf,Qing 17th century,ink on paper,,Wang Shimin,,,Gift of Sandy and Cécile Mactaggart
2016.3.3,Rank Badge for a Third Rank Military Official,https://search.museums.ualberta.ca/21-26194,https://media.museums.ualberta.ca/UAAC/fullres/2016/2016_003_003_ve_s25-01v01.jpg,rank badge,,silk tapestry weave,overall: 48 cm x 48 cm,unknown,"Rank badges, always made in pairs, were placed on the front and back of surcoats in order to communicate their wearer’s rank during the Ming (1368-1644) and Qing dynasties (1644-1911). Different motifs were regulated by the imperial court, including bird motifs used only for civil officials, while beasts were used for military officials. The hierarchy of ranks within these categories was represented by specific birds and beasts. This silk tapestry weave (kesi) rank badge features a leopard, representing a third rank military official. The leopard is perched on a rock and gazing at a sun disk. Surrounding the leopard are ruyi-shaped clouds, the eight Daoist emblems, two bats, and gold scrolls adorned with small flowers. The foreground features a li shui border with standing water waves and ruyi-shaped rolling waves supporting the eight Buddhist treasures.",,
2005.5.617,Left Side of the Front Panel of a Rank Badge,https://search.museums.ualberta.ca/21-19839,https://media.museums.ualberta.ca/UAAC/bfw/2005/2005_005_617_ve_s19-12v01.jpg,rank badge,Qing 19th century,silk floss; silk satin; silk twist; embroidery,overall: 29 cm x 15.7 cm,unknown,,,Gift of Sandy and Cécile Mactaggart
2005.5.402.1.2,Embroidered Cream Silk Bed Curtain,https://search.museums.ualberta.ca/21-20965,https://media.museums.ualberta.ca/UAAC/bfw/2005/2005_005_402_001_002_ve_s20-02v01.jpg,curtain,Qing 18th century,off-white silk satin embroidered with silk,overall: 302 cm x 252 cm,unknown,,,Gift of Sandy and Cécile Mactaggart
2005.5.476,Silk Tapestry Weave Dragon Robe,https://search.museums.ualberta.ca/21-19698,https://media.museums.ualberta.ca/UAAC/fullres/2005/2005_005_476_ve_s21-03v01.jpg,robe,Qing 19th century,blue silk and metal-wrapped thread tapestry weave,overall: 139 cm x 215 cm; neck to hem: 139 cm; cuff to cuff: x 215 cm,unknown,,,Gift of Sandy and Cécile Mactaggart
2005.5.549.2,Back Panel of a Rank Badge for a Fifth Rank Civil Official,https://search.museums.ualberta.ca/21-20623,https://media.museums.ualberta.ca/UAAC/bfw/2005/2005_005_549_002_ve_s19-12v01.jpg,rank badge,Qing 19th century,gold wrapped silk thread; silk; silk satin; embroidery,overall: 31.3 cm x 31 cm,unknown,"Qing Period (1644-1911), Fifth Rank Civil Official (Silver Pheasant)

(source: John E. Vollmer & Jacqueline Simcox, ""Emblems of Empire: Selections from the Mactaggart Art Collection,"" (The University of Alberta Press and University of Alberta Museums, Edmonton, Alberta, 2009), p. 74.)",,Gift of Sandy and Cécile Mactaggart
2004.19.3.9,Album Leaf from Insects,https://search.museums.ualberta.ca/21-20082,https://media.museums.ualberta.ca/UAAC/fullres/2004/2004_019_003_009_s21-03v01.jpg,album leaf,Qing 18th-19th centuries,ink; paper,sheet: 43.1 cm x 35.3 cm; image: 31.2 cm x 23.4 cm,unknown,"A painting of red flower, four butterflies, a black beetle and a hornet.",,Gift of Sandy and Cécile Mactaggart
2005.5.593.1,Front Panel of a Rank Badge for a Fourth Rank Military Official,https://search.museums.ualberta.ca/21-20696,https://media.museums.ualberta.ca/UAAC/bfw/2005/2005_005_593_001_ve_s19-12v01.jpg,rank badge,Qing 19th century,copper-wrapped silk thread; gold wrapped silk thread; ink; linen; silk; silver wrapped silk thread; tapestry weave,,unknown,"Qing Period (1644-1911), Fourth Rank Military Official (Tiger)

(source: John E. Vollmer & Jacqueline Simcox, ""Emblems of Empire: Selections from the Mactaggart Art Collection,"" (The University of Alberta Press and University of Alberta Museums, Edmonton, Alberta, 2009), p. 74.)",,Gift of Sandy and Cécile Mactaggart
2010.20.1.1.6,"Magnificent Record of the Southern Tours, volume 6, chapters 13 to 15",https://search.museums.ualberta.ca/21-23682,https://media.museums.ualberta.ca/UAAC/bfw/2010/2010_020_001_001_006_s20-02v01.jpg,book,,"printed woodblock, thread binding",overall: 29.9 cm x 18.5 cm x 0.7 cm,Gao Jin,"One volume from the Yuzhi nanxun shengdian [Magnificent Record of the Southern Tours], edited by Gao Jin et al. Chapters 13 to 15. Volume 6 Tianzhang [Imperial essays]. Woodblock printed, thread binding.",,Gift of Sandy and Cécile Mactaggart
2005.5.370,Silk Tapestry Weave Table Frontal,https://search.museums.ualberta.ca/21-19592,https://media.museums.ualberta.ca/UAAC/full/2005/05_005_370s01v01d02.jpg,table frontal,Qing 19th century,gold wrapped silk thread; dye; linen; silk; cotton; wood; cloth tape; tapestry weave,overall: 85.5 cm x 93 cm,unknown,,,Gift of Sandy and Cécile Mactaggart
2004.19.2.2,Album Leaf from Illustrations of Chinese Costumes,https://search.museums.ualberta.ca/21-19946,https://media.museums.ualberta.ca/UAAC/fullres/2004/2004_019_002_002_s21-10v01.jpg,album leaf,Qing 18th century,ink; paper,sheet: 27.9 cm x 17.2 cm; image: 22.5 cm x 13.2 cm,unknown,"This album leaf is a part of a 48-page album that depicts Chinese subjects participating in various aspects of daily life, including government business, daily life, cultural customs, modes of transportation, and corporal punishment. This leaf contains an ink and watercolour full-length portrait of a man in a Qing Dynasty civil official costume. He wears a dark blue surcoat with a rank badge over a Manchu dragon robe, which can be identified by the ""standing water"" hem visible at his legs. His hat is a qingdai guanmao, a type of official headwear from the Qing Dynasty, with a blue finial on top, and he also accessorizes with a court necklace and black boots with a white sole.",關部 "guanbu"  Translation of the Chinese text: "A customs official",Gift of Sandy and Cécile Mactaggart
2005.5.226.2,Embroidered Black Silk Skirt,https://search.museums.ualberta.ca/21-20782,https://media.museums.ualberta.ca/UAAC/bfw/2005/2005_005_226_002_re_s19-12v01.jpg,skirt,Qing 20th century,black silk gauze embroidered with silk and metal-wrapped threads,overall: 103.5 cm x 142 cm,unknown,,,Gift of Sandy and Cécile Mactaggart
2004.19.1.2,Inner Folder for Illustrations of Costumes from the Qianlong Court,https://search.museums.ualberta.ca/21-20276,https://media.museums.ualberta.ca/UAAC/bfw/2005/2005_005_226_002_re_s19-12v01.jpg,box,Qing 18th century,paper; textile (linen ?),overall: 96.5 cm x 134.9 cm,unknown,A textile-covered folder that encloses the album leaves.,,Gift of Sandy and Cécile Mactaggart
2005.5.564.1.1,Right Side of the Front Panel of a Rank Badge for a Fourth Rank Civil Official,https://search.museums.ualberta.ca/21-20723,https://media.museums.ualberta.ca/UAAC/bfw/2005/2005_005_226_002_re_s19-12v01.jpg,rank badge,Qing 19th-20th centuries,ink; tapestry weave; metallic thread; linen; silk,overall: 27.6 cm x 14.4 cm,unknown,,,Gift of Sandy and Cécile Mactaggart
2005.5.440.1,Blue Silk Tapestry Weave Uncut Platform Shoe for a Woman,https://search.museums.ualberta.ca/21-20967,https://media.museums.ualberta.ca/UAAC/bfw/2005/2005_005_440_001_ve_s19-12v01.jpg,yardage,Qing 19th century,silk tapestry weave,overall: 25.2 cm x 17.2 cm,unknown,,,Gift of Sandy and Cécile Mactaggart
2005.5.611,Left Side of the Front Panel of a Rank Badge,https://search.museums.ualberta.ca/21-19833,https://media.museums.ualberta.ca/UAAC/bfw/2005/2005_005_611_re_s19-12v01.jpg,rank badge,Qing 19th century,gold wrapped silk thread; silk floss; silk satin; embroidery; paper,overall: 35.5 cm x 37.5 cm,unknown,,,Gift of Sandy and Cécile Mactaggart
2004.19.2.26,Album Leaf from Illustrations of Chinese Costumes,https://search.museums.ualberta.ca/21-20009,https://media.museums.ualberta.ca/UAAC/fullres/2004/2004_019_002_026_s21-10v01.jpg,album leaf,Qing 18th century,ink; paper,sheet: 17.2 cm x 28 cm; image: 10.9 cm x 16.4 cm,unknown,"This album leaf is a part of a 48-page album that depicts Chinese subjects participating in various aspects of daily life, including government business, daily life, cultural customs, modes of transportation, and corporal punishment. This leaf contains an ink and watercolour depiction of two male figures. The man on the left wears a belted long black robe, a tall black brimmed hat, and black boots. The man on the right, with a moustache, wears a long black robe, a tall black brimmed hat, and black boots. He also holds a large book or collection of documents with a red tassel and a symbol on the front.",,Gift of Sandy and Cécile Mactaggart
2005.5.559.2,Back Panel of a Rank Badge for a Fourth Rank Military Official,https://search.museums.ualberta.ca/21-20643,https://media.museums.ualberta.ca/UAAC/bfw/2005/2005_005_559_002_ve_s19-12v01.jpg,rank badge,Qing 19th-20th centuries,gold wrapped silk thread; silk; silk satin; silver wrapped silk thread; embroidery,overall: 29.9 cm x 30.2 cm,unknown,"Rank badges, always made in pairs, were placed on the front and back of surcoats in order to communicate their wearer’s rank during the Ming (1368-1644) and Qing dynasties (1644-1911). Different motifs were regulated by the imperial court, including bird motifs used only for civil officials while beasts were used for military officials. The hierarchy of ranks within these categories was represented by specific birds and beasts. This pair of rank badges features a tiger embroidered in metal-wrapped threads, which represents a fourth rank military official. The tiger is identified by its black stripes and a wan symbol on its forehead, indicating the tiger is a king. 
The front badge is made into two separate panels to accommodate the front opening of a surcoat, while the back badge is made in one piece. The patterns on the front and back badges are identical. The embroidery on this badge is rendered entirely in metal-wrapped threads of varying hues, all expertly couched in place with silk floss. The border contains bats and shou characters, which all act as lucky symbols for the wearer. The tiger is positioned in the middle of the badge, above rocks and standing water waves and surrounded by a sky filled with clouds and lotus flowers. The position of the sun on the right side of the badge indicates that the wearer was a woman, likely the spouse of a military official. The tiger is appliquéd onto the badge background so that it may be easily replaced with other beasts as the military official moves up through the ranks.",,Gift of Sandy and Cécile Mactaggart
2005.5.549,Front and Back Panels of a Rank Badge for a Fifth Rank Civil Official,https://search.museums.ualberta.ca/21-19771,https://media.museums.ualberta.ca/UAAC/bfw/2005/2005_005_549_002_re_s19-12v01.jpg,rank badge,Qing 19th century,gold wrapped silk thread; silk; silk satin; embroidery,,unknown,"Qing Period (1644-1911), Fifth Rank Civil Official (Silver Pheasant)

(source: John E. Vollmer & Jacqueline Simcox, ""Emblems of Empire: Selections from the Mactaggart Art Collection,"" (The University of Alberta Press and University of Alberta Museums, Edmonton, Alberta, 2009), p. 74.)",,Gift of Sandy and Cécile Mactaggart
2004.19.1.1.26,Album Leaf from Illustrations of Costumes from the Qianlong Court,https://search.museums.ualberta.ca/21-20234,https://media.museums.ualberta.ca/UAAC/fullres/2004/2004_019_001_001_026_s21-03v01.jpg,album leaf,Qing 18th century,ink; silk; paper,sheet: 42.2 cm x 40.8 cm; image: 29.4 cm x 37.7 cm,unknown,"This album leaf is part of a section of the illustrations of costumes from the Qianlong court, Huangchao liqi tushi (“The Regulations for the Ceremonial Paraphernalia of the [Qing] Dynasty”). In total there are 34 folios that depict costumes appropriate for the Empress Dowager or Empress to wear at the imperial court along with short descriptive captions. This is the left leaf of one folio (attached to 2004.19.1.27) depicting the back of a robe.",On the reverse of the piece "(42)" is handwritten in pencil on the upper right corner.,Gift of Sandy and Cécile Mactaggart
2005.5.289,Embroidered Blue Silk Yardage for a Woman's Vest,https://search.museums.ualberta.ca/21-19511,https://media.museums.ualberta.ca/UAAC/fullres/2005/2005_005_289_ve_g02_s22-02v01.jpg,yardage,Qing 19th century,gold wrapped silk thread; silk floss; silk satin; embroidery,overall: 201.2 cm x 75.5 cm,unknown,,,Gift of Sandy and Cécile Mactaggart
2005.5.307.1,Silk Tapestry Weave Panel from a Dragon Robe,https://search.museums.ualberta.ca/21-20835,https://media.museums.ualberta.ca/UAAC/bfw/2005/2005_005_307_001_s19-12v01.jpg,panel,Qing 19th-20th centuries,silk; silk brocade; silk satin; silk tapestry weave,overall: 96.9 cm x 56.5 cm,unknown,,,Gift of Sandy and Cécile Mactaggart
2005.5.38,Silk Panel made from a Fragment of a Woman's Skirt,https://search.museums.ualberta.ca/21-19260,https://media.museums.ualberta.ca/UAAC/bfw/2005/2005_005_038_s19-12v01.jpg,panel,Qing 19th century,gold wrapped silk thread; silk satin; silk; silk brocade; silk floss; embroidery,overall: 38.2 cm x 46 cm,unknown,,,Gift of Sandy and Cécile Mactaggart
2010.20.2.4,"Mustard Seed Garden Painting Manual, 1st edition, chapter 4",https://search.museums.ualberta.ca/21-23664,https://media.museums.ualberta.ca/UAAC/bfw/2005/2005_005_038_s19-12v01.jpg,book,Qing 19th century,"printed woodblock, thread binding",overall: 26.1 cm x 18 cm x 1.1 cm,Wang Gai,"One imprint of the Jieziyuan huazhuan [Mustard Seed Garden Painting Manual], illustrated by Wang Gai. 5 vols, chapter 4. Woodblock printed, thread binding. Later 19th century imprint of original 1679 edition on landscape published by Li Yü in Nanjing.",,Gift of Sandy and Cécile Mactaggart
2005.5.361,Embroidered Green Silk Informal Robe for a Woman,https://search.museums.ualberta.ca/21-19583,https://media.museums.ualberta.ca/UAAC/fullres/2005/2005_005_361_ve_s21-03v01.jpg,robe,Qing 19th century,pale green-blue silk satin embroidered with silk,overall: 137 cm x 193 cm; neck to hem: 137 cm; cuff to cuff: x 193 cm,unknown,,,Gift of Sandy and Cécile Mactaggart
2005.5.591,Partial Front Panel and Back Panel of a Rank Badge for a Fifth Rank Military Official,https://search.museums.ualberta.ca/21-19813,https://media.museums.ualberta.ca/UAAC/bfw/2005/2005_005_591_001_re_s19-12v01.jpg,rank badge,Qing 18th century,silk and metal-wrapped thread embroidery,,unknown,"Rank badges, always made in pairs, were placed on the front and back of surcoats in order to communicate their wearer’s rank during the Ming (1368-1644) and Qing dynasties (1644-1911). Different motifs were regulated by the imperial court, including bird motifs used only for civil officials, while beasts were used for military officials. The hierarchy of ranks within these categories was represented by specific birds and beasts. 
This pair of rank badges features a bear, representing a fifth rank military official. The bear insignia is distinguishable from the higher-ranking lion by the absence of a mane along its back, though the two designs share a similarity in overall appearance. This particular badge  is crafted entirely with knot stitches and couched cord. The border is adorned with stylized running dragons, bats, and shou characters (symbolizing longevity)",,Gift of Sandy and Cécile Mactaggart
2004.19.37,Old Temple in Autumn Mountains,https://search.museums.ualberta.ca/21-19102,https://media.museums.ualberta.ca/UAAC/fullres/2004/2004_019_037_rolled_s22-02v01.jpg,handscroll,Qing 19th century,ink and colour on paper,sheet: 35.9 cm x 795 cm; image: 34.3 cm x 138.4 cm,Wu Guxiang,A handscroll painting depicting a temple in a treed landscape.,"Signed 'Copied by Wu Guxiang' and impressed with 1 artist seal.  There are 3 inscriptions, including one by Yang Yisun, dated 1877, and one by Zhao Liwen, dated 1877.",Gift of Sandy and Cécile Mactaggart
2005.5.294.1,Silk Fragmentary Panel from a Woman's Informal Robe,https://search.museums.ualberta.ca/21-20851,https://media.museums.ualberta.ca/UAAC/bfw/2005/2005_005_294_001_s19-12v01.jpg,panel,Qing 19th century,silk; silk floss; silk jacquard; silk satin; embroidery,overall: 102.1 cm x 44.6 cm,unknown,,,Gift of Sandy and Cécile Mactaggart
2005.5.468,Embroidered Red Silk Panel,https://search.museums.ualberta.ca/21-19690,https://media.museums.ualberta.ca/UAAC/bfw/2005/2005_005_468_s19-12v01.jpg,panel,Qing 19th century,gold wrapped silk thread; silk; silk brocade; silk floss; silk jacquard; silk satin; embroidery,overall: 69 cm x 49.7 cm,unknown,,,Gift of Sandy and Cécile Mactaggart
2005.5.286,Two Embroidered Blue Silk Panels,https://search.museums.ualberta.ca/21-19508,https://media.museums.ualberta.ca/UAAC/bfw/2005/2005_005_468_s19-12v01.jpg,panel,Qing 20th century,silk; silk floss; silk jacquard; silk satin; embroidery,,unknown,,,Gift of Sandy and Cécile Mactaggart
2004.19.76.2.2,Lid of Box for Bamboo in the Wind,https://search.museums.ualberta.ca/21-20562,https://media.museums.ualberta.ca/UAAC/bfw/2005/2005_005_468_s19-12v01.jpg,"box, lid",Ming 15th century,wood,,unknown,Lid of storage box for hanging scroll.,,Gift of Sandy and Cécile Mactaggart
2005.5.36,Blue Silk Tapestry Weave Roundel,https://search.museums.ualberta.ca/21-19258,https://media.museums.ualberta.ca/UAAC/bfw/2005/2005_005_036_ve_s19-12v01.jpg,roundel,Qing 19th century,metal thread; silk; silk brocade,overall: 31.1 diameter,unknown,,,Gift of Sandy and Cécile Mactaggart
2004.19.3.27,Album Leaf from Insects,https://search.museums.ualberta.ca/21-20114,https://media.museums.ualberta.ca/UAAC/fullres/2004/2004_019_003_027_s21-03v01.jpg,album leaf,Qing 18th-19th centuries,ink; paper,sheet: 35.5 cm x 43.1 cm; image: 21.4 cm x 24 cm,unknown,A painting of three butterflies and a dragon fly.,,Gift of Sandy and Cécile Mactaggart
2005.5.536.1,Silk Fragmentary Panel,https://search.museums.ualberta.ca/21-20926,https://media.museums.ualberta.ca/UAAC/fullres/2005/2005_005_536_001_re_s23-01v01.jpg,panel,Qing 19th-20th centuries,metallic thread; silk; silk brocade; silk jacquard,overall: 92.8 cm x 76.9 cm,unknown,,,Gift of Sandy and Cécile Mactaggart
2005.5.438,Green Cut Velvet Silk,https://search.museums.ualberta.ca/21-19660,https://media.museums.ualberta.ca/UAAC/bfw/2005/2005_005_438_re_g05_s20-02v01.jpg,yardage,Qing 20th century,silk cut velvet; silk sateen,overall: 63 cm x 716 cm,unknown,,,Gift of Sandy and Cécile Mactaggart
2005.5.30,Silk Brocade Panel made from a Fragment of a Dragon Robe,https://search.museums.ualberta.ca/21-19252,https://media.museums.ualberta.ca/UAAC/bfw/2005/2005_005_030_s19-12v01.jpg,panel,Qing 19th-20th centuries,silk; silk brocade; silk satin; metallic thread,overall: 84.4 cm x 49.7 cm,unknown,,,Gift of Sandy and Cécile Mactaggart
2005.5.478,Black Silk Gauze Three Quarter Length Robe,https://search.museums.ualberta.ca/21-19700,https://media.museums.ualberta.ca/UAAC/bfw/2005/2005_005_478_d01_s19-12v01.jpg,robe,Qing 19th century,black figured silk gauze,overall: 117 cm x 158 cm,unknown,,,Gift of Sandy and Cécile Mactaggart
2004.19.63,Scenery of Shanbei,https://search.museums.ualberta.ca/21-19128,https://media.museums.ualberta.ca/UAAC/bfw/2005/2005_005_478_d01_s19-12v01.jpg,hanging scroll,Modern 20th century,ink and colour on paper,sheet: 264.4 cm x 112.2 cm; image: 166.9 cm x 95.2 cm,"Shi Lu											
											 
												
												
													
														View People Details ?",A hanging scroll painting of a mountain landscape.,Signed by Shi Lu and impressed with 1 artist seal.,Gift of Sandy and Cécile Mactaggart
2011.16.1.5,Skirt from ceremonial armour,https://search.museums.ualberta.ca/21-24577,https://media.museums.ualberta.ca/UAAC/bfw/2011/2011_016_001_005_ve_s19-12v01.jpg,skirt,,"silk, metal threads, silk or cotton velvet",overall (with arms): 88 cm x 128 cm,,"Military skirt for man with silk stain sash at waist, appliqued with two roundels. Quilted, lined with four black silk satin loops , aluminum studs and aluminum jewel settings.",,Gift of Sandy and Cécile Mactaggart
2004.19.49,Battle Scene from the Nian Rebellion,https://search.museums.ualberta.ca/21-19114,https://media.museums.ualberta.ca/UAAC/bfw/2004/2004_019_049_d04_s23-02v01.jpg,painting,Qing 19th century,ink and colour on silk,overall: 149.3 cm x 314.2 cm x 3.3 cm; image: 136.1 cm x 303.8 cm,unknown,"A large painting on silk depicting the Nian Rebellion in a landscape with cliffs, mountains, and trees. A strategic perspective, which oversees all of the action from above, allows the viewer to see the swirling government armies in their pursuit of the rebellious Nian. There are small groups of buildings throughout the top third of the painting. Cavalry and infantry are in active combat, with many casualties seen spread around the battlefield. Notable figures have small name plates positioned above their heads to identify them to the viewer.
This painting is part of a larger series of approximately 70 paintings commissioned by the Guangxu Emperor in 1885, approved by Empress Dowager Cixi in 1886, and completed in 1890. These paintings - split into four groups - commemorate the Taiping War, the Nian Rebellion, the Muslim Rebellion in Yunnan and Guizhou provinces, and the Muslim Rebellion on the southwest and northwest borders. The military prowess of the Qing government is highlighted and glorified in each of these paintings. Two of these paintings are accessioned in the Mactaggart Art Collection, please see Battle Scene from the Nian Rebellion (2004.19.49).",,Gift of Sandy and Cécile Mactaggart
2005.5.203,Embroidered Cream Silk Bed Cover for Export To Europe,https://search.museums.ualberta.ca/21-19425,https://media.museums.ualberta.ca/UAAC/bfw/2005/2005_005_203_ve_g02_s20-02v01.jpg,bed cover,Qing 17th century,off-white silk satin embroidered with silk and metal-wrapped threads,overall: 314.5 cm x 287 cm,unknown,,,Gift of Sandy and Cécile Mactaggart
2005.5.244.3,Silk Tapestry Weave Fragment from a Hanging,https://search.museums.ualberta.ca/21-20892,https://media.museums.ualberta.ca/UAAC/bfw/2005/2005_005_244_003_ve_s20-02v01.jpg,fragment,Qing 17th-18th centuries,gold wrapped silk thread; silk tapestry weave,overall: 74.3 cm x 23.3 cm,unknown,,,Gift of Sandy and Cécile Mactaggart
2005.5.95,Apricot Silk Tapestry Weave Dragon Robe,https://search.museums.ualberta.ca/21-19317,https://media.museums.ualberta.ca/UAAC/fullres/2005/2005_005_095_ve_s21-03v01.jpg,robe,Qing 19th century,metal-wrapped thread and silk tapestry weave,overall: 141.5 cm x 193.5 cm; neck to hem: 141.5 cm; cuff to cuff: x 193.5 cm,unknown,,,Gift of Sandy and Cécile Mactaggart
2005.5.554.2,Back Panel of a Rank Badge for a Fifth Rank Civil Official,https://search.museums.ualberta.ca/21-20633,https://media.museums.ualberta.ca/UAAC/bfw/2005/2005_005_554_002_ve_s19-12v01.jpg,rank badge,Qing 19th century,gold wrapped silk thread; silk; silk floss; silk gauze; embroidery,overall: 29.8 cm x 32.8 cm,unknown,"Qing Period (1644-1911), Fifth Rank Civil Official (Silver Pheasant)

(source: John E. Vollmer & Jacqueline Simcox, ""Emblems of Empire: Selections from the Mactaggart Art Collection,"" (The University of Alberta Press and University of Alberta Museums, Edmonton, Alberta, 2009), p. 74.)",,Gift of Sandy and Cécile Mactaggart
2005.5.92,Cobalt Blue Gauze Silk Robe for a Man,https://search.museums.ualberta.ca/21-19314,https://media.museums.ualberta.ca/UAAC/bfw/2005/2005_005_092_d01_s19-12v01.jpg,robe,Qing 19th century,dark blue figured silk gauze,overall: 133 cm x 224 cm; neck to hem: 133 cm; cuff to cuff: x 224 cm,unknown,,,Gift of Sandy and Cécile Mactaggart
2009.8.3,Front Panel of a Rank Badge for a Seventh Rank Civil Official,https://search.museums.ualberta.ca/21-22440,https://media.museums.ualberta.ca/UAAC/ppt/2009/09_008_003s01v01d01.jpg,rank badge,Qing 19th century,silk and metal-wrapped thread tapestry weave with ink,overall: 34 cm x 35.5 cm,unknown,Front panel of a rank badge depicting a mandarin duck for a seventh rank civil official.,,Gift of Jean Small
2005.5.331,Embroidered Red Silk Skirt for a Woman,https://search.museums.ualberta.ca/21-19553,https://media.museums.ualberta.ca/UAAC/bfw/2005/2005_005_331_re_d02_s19-12v01.jpg,skirt,Qing 19th century,red silk damask with silk satin panels embroidered with silk and metal-wrapped threads,overall: 95.2 cm,unknown,,,Gift of Sandy and Cécile Mactaggart
2004.19.3.19,Album Leaf from Insects,https://search.museums.ualberta.ca/21-20093,https://media.museums.ualberta.ca/UAAC/fullres/2004/2004_019_003_019_s21-03v01.jpg,album leaf,Qing 18th-19th centuries,ink; paper,sheet: 35.4 cm x 43.3 cm; image: 21.7 cm x 26.7 cm,unknown,A painting of three butterflies and two other insects.,,Gift of Sandy and Cécile Mactaggart
2005.5.536,Two Silk Fragmentary Panels,https://search.museums.ualberta.ca/21-19758,https://media.museums.ualberta.ca/UAAC/fullres/2004/2004_019_003_019_s21-03v01.jpg,panel,Qing 19th-20th centuries,metallic thread; silk; silk brocade; silk jacquard,,unknown,,,Gift of Sandy and Cécile Mactaggart
2016.3.1.1.2,Left Side of Front Panel of a Rank Badge for a Sixth Rank Civil Official,https://search.museums.ualberta.ca/21-27029,https://media.museums.ualberta.ca/UAAC/fullres/2004/2004_019_003_019_s21-03v01.jpg,rank badge,,silk thread on silk gauze; gold and silver metallic threads; embroidering; couching,overall: 28.9 cm x 14.6 cm,unknown,"Fine counted stitch on black silk gauze. Bird (egret) couched in silver, with gold couched head. Birds surrounded  by clouds, Daoist emblems and gold couched scrolling vines. Further auspicious emblems, including  Buddhist emblems float amidst the ruyi-shaped waves of the li shui border below. Rank badge for a man, 6th rank civil official.",,
2005.5.240.1,Silk Tapestry Weave Sleeve Band,https://search.museums.ualberta.ca/21-20888,https://media.museums.ualberta.ca/UAAC/bfw/2005/2005_005_240_001_ve_g02_s20-02v01.jpg,sleeve band,Ming 15th century,gold wrapped silk thread; silk tapestry weave,overall: 102.1 cm x 12.4 cm,unknown,,,Gift of Sandy and Cécile Mactaggart
2009.8.11.1,Jacket for Puppet Costume,https://search.museums.ualberta.ca/21-22844,https://media.museums.ualberta.ca/UAAC/ppt/2009/09_008_011_001s01v01d01.jpg,jacket,,"white silk satin embroidered with silk and metal-wrapped threads, trimmed with fur",overall: 58.6 cm x 55.2 cm,unknown,,,Gift of Jean Small
2005.5.5,Silk Gauze Vest for a Woman,https://search.museums.ualberta.ca/21-19227,https://media.museums.ualberta.ca/UAAC/bfw/2005/2005_005_005_op_s19-12v01.jpg,vest,Qing 19th-20th centuries,pale green silk gauze embroidered with silk and metal-wrapped threads,overall: 53 cm x 55.5 cm; neck to hem: 53 cm; hem: 55.5 cm,unknown,,,Gift of Sandy and Cécile Mactaggart
2005.5.403.4.2,Shoe for Actor's Costume,https://search.museums.ualberta.ca/21-20981,https://media.museums.ualberta.ca/UAAC/bfw/2005/2005_005_005_op_s19-12v01.jpg,shoe,Modern 20th century,metallic thread; silk; metal discs; cotton; leather,overall: 5 cm x 8.4 cm,unknown,,,Gift of Sandy and Cécile Mactaggart
2005.5.463,Embroidered Red Silk Panel,https://search.museums.ualberta.ca/21-19685,https://media.museums.ualberta.ca/UAAC/fullres/2005/2005_005_463_re_g04_s23-01v01.jpg,panel,Qing 19th century,metallic thread; silk damask; silk floss; embroidery,overall: 582.5 cm x 76.5 cm,unknown,,,Gift of Sandy and Cécile Mactaggart
2005.5.595.1,Front Panel of a Rank Badge for a Fourth Rank Military Official,https://search.museums.ualberta.ca/21-20702,https://media.museums.ualberta.ca/UAAC/bfw/2005/2005_005_595_001_ve_s19-12v01.jpg,rank badge,Qing 19th century,silk and metal-wrapped thread embroidery with ink,,unknown,"Qing Period (1644-1911), Fourth Rank Military Official (Tiger)

(source: John E. Vollmer & Jacqueline Simcox, ""Emblems of Empire: Selections from the Mactaggart Art Collection,"" (The University of Alberta Press and University of Alberta Museums, Edmonton, Alberta, 2009), p. 74.)",,Gift of Sandy and Cécile Mactaggart
2004.19.64.3.1,Base of Box for Summer Retreat in a River Village,https://search.museums.ualberta.ca/21-20539,https://media.museums.ualberta.ca/UAAC/bfw/2005/2005_005_595_001_ve_s19-12v01.jpg,"box, base",Qing 17th-18th centuries,varnished wood with silk lining,7.0 cm x 7.3 cm x 34.9 cm,unknown,Base of storage box for handscroll.,,Gift of Sandy and Cécile Mactaggart
2010.16.1.10,Album Leaf from Album of Landscape Paintings,https://search.museums.ualberta.ca/21-23578,https://media.museums.ualberta.ca/UAAC/ppt/2010/10_016_001_010s01v01.jpg,album leaf,,ink and colour on paper,overall: 49 cm x 32 cm; sheet: 49 cm x 32 cm; image: 42 cm x 23 cm,Pan Gongshou,,,Purchased by Museums and Collections Services
2004.19.1.1.28,Album Leaf from Illustrations of Costumes from the Qianlong Court,https://search.museums.ualberta.ca/21-20236,https://media.museums.ualberta.ca/UAAC/fullres/2004/2004_019_001_001_028_s21-03v01.jpg,album leaf,Qing 18th century,ink; silk; paper,sheet: 42.2 cm x 40.8 cm; image: 28.2 cm x 28.3 cm,unknown,"This album leaf is part of a section of the illustrations of costumes from the Qianlong court, Huangchao liqi tushi (“The Regulations for the Ceremonial Paraphernalia of the [Qing] Dynasty”). In total there are 34 folios that depict costumes appropriate for the Empress Dowager or Empress to wear at the imperial court along with short descriptive captions. This is the left leaf of  one folio (attached to 2004.19.1.29) and it contains seven columns of regular script calligraphy describing the regulations of a winter court robe (chaopao), the second style for the empress dowager and empress.  The text on this leaf continues from the attached leaf on the right side.","前後正龍各一 兩肩行龍各一 要帷行龍四 中有襞積 下幅行龍八 領後垂明黃縧 其飾珠寶惟宜 餘俱如前 皇貴妃同 Translation of the Chinese text: ""[continuing from the right leaf,… 

													前後正龍各一 兩肩行龍各一 要帷行龍四 中有襞積 下幅行龍八 領後垂明黃縧 其飾珠寶惟宜 餘俱如前 皇貴妃同 Translation of the Chinese text: ""[continuing from the right leaf, 2004.19.1.1.29]... On the top of the front and back is embroidered with a front-facing dragon each, on the two shoulders are embroidered one moving dragon each, and at the waist, there are four moving dragons. There will be an attached pleate skirt. On the skirt, there are eight moving dragons. The back of the collar attaches a hanging with bright yellow ribbons, adorned with pearls and gems as fitting. Other ornamentation is like that the first winter court robe. The first-rank imperial consort will have the same design.""
(Translated and transcribed by Lisa Claypool, Ed., China’s Imperial Modern: The Painter’s Craft, Edmonton, AB: University of Alberta Museums, 2012, p. 104; Modified by Isabel Pi-fen Chueh)
On the reverse of the piece ""(40)"" is handwritten in pencil on the upper right corner. 
Read More +",Gift of Sandy and Cécile Mactaggart
2004.19.72,Figures in River Landscapes,https://search.museums.ualberta.ca/21-19137,https://media.museums.ualberta.ca/UAAC/fullres/2004/2004_019_072_ve_s21-03v01.jpg,album,Qing 18th century,ink and colour on paper,overall: 3.7 cm x 48 cm x 27.2 cm; image: 21.5 cm x 40.5 cm,Wang Gai,"This album contains 12 ink paintings on paper with an inscription on the final leaf. The album cover is wood covered in yellow silk lampas with a repetitive floral motif and a dark lacquered wood frame. Each leaf contains a landscape, which was painted in situ by Wang Gai (1677-1705). Repeating themes throughout the album include figures immersed in the natural environment, which reflects the literati’s yearning and nostalgia. Each album page bears the impression of one or both of the artists' seals: Wang Gai - Square Intaglio and Anjie, courtesy name of Wang Gai - Square Relief.",Each painting is signed by Wang Gai and is impressed with 1 or 2 artist seals.,Gift of Sandy and Cécile Mactaggart
2005.5.125,Embroidered Yellow Silk Jacket for a Woman,https://search.museums.ualberta.ca/21-19347,https://media.museums.ualberta.ca/UAAC/bfw/2005/2005_005_125_d01_s19-12v01.jpg,jacket,Qing 18th century,yellow silk satin embroidered with silk,overall: 118 cm x 158 cm; neck to hem: 118 cm; cuff to cuff: x 158 cm,unknown,,,Gift of Sandy and Cécile Mactaggart
2005.5.381,Two Embroidered Blue Silk Sleeve Bands,https://search.museums.ualberta.ca/21-19603,https://media.museums.ualberta.ca/UAAC/bfw/2005/2005_005_381_ve_s20-02v01.jpg,sleeve band,Qing 18th century,silk floss; silk gauze; ink; cotton; linen; embroidery; cardboard,,unknown,,,Gift of Sandy and Cécile Mactaggart
2005.5.582,Front Panel of a Rank Badge for a Seventh Rank Civil Official,https://search.museums.ualberta.ca/21-19804,https://media.museums.ualberta.ca/UAAC/bfw/2005/2005_005_582_ve_s19-12v01.jpg,rank badge,Qing 19th century,silk; silk floss; silk satin; gold braid; embroidery,overall: 30.7 cm x 33.4 cm,unknown,"Qing Period (1644-1911), Seventh Rank Civil Official (Mandarin Duck)

(source: John E. Vollmer & Jacqueline Simcox, ""Emblems of Empire: Selections from the Mactaggart Art Collection,"" (The University of Alberta Press and University of Alberta Museums, Edmonton, Alberta, 2009), p. 74.)",,Gift of Sandy and Cécile Mactaggart
2005.5.143.2,Imperial Yellow Silk Brocade Document Cover,https://search.museums.ualberta.ca/21-20818,https://media.museums.ualberta.ca/UAAC/fullres/2005/2005_005_143_002_re_s21-03v01.jpg,document cover,Qing 19th century,silk; silk brocade; silk satin; gold wrapped silk thread; cotton,overall: 106.4 cm x 109.8 cm,unknown,,,Gift of Sandy and Cécile Mactaggart
2005.5.632.2,Spectacles Case,https://search.museums.ualberta.ca/21-21057,https://media.museums.ualberta.ca/UAAC/bfw/2005/2005_005_632_002_ve_s20-02v01.jpg,case,Qing 18th-19th centuries,silk; silk cord; lacquer; glass,overall: 17 cm x 8.5 cm x 3 cm,unknown,,,Gift of Sandy and Cécile Mactaggart
2005.5.88,Set of Nine Embroidered Silk Fan Cases,https://search.museums.ualberta.ca/21-19310,https://media.museums.ualberta.ca/UAAC/bfw/2005/2005_005_088_s20-02v01.jpg,fan case,Qing 19th century,silk satin; silk floss; embroidery,,unknown,,,Gift of Sandy and Cécile Mactaggart
2005.5.66,Pair of Embroidered Silk Sleeve Bands Mounted as a Panel,https://search.museums.ualberta.ca/21-19288,https://media.museums.ualberta.ca/UAAC/bfw/2005/2005_005_066_s19-12v01.jpg,panel,Qing 19th century,gold wrapped silk thread; silk; silk brocade; silk floss; silk satin; embroidery,overall: 60.9 cm x 33.5 cm,unknown,,,Gift of Sandy and Cécile Mactaggart
2005.5.238.2,Embroidered Silk Dragon Roundel from a Robe,https://search.museums.ualberta.ca/21-20887,https://media.museums.ualberta.ca/UAAC/bfw/2005/2005_005_238_002_re_s19-12v01.jpg,roundel,Ming 16th-17th centuries,cotton; gold wrapped silk thread; silk floss; plywood; embroidery,overall: 38.5 cm x 39.9 cm x 1.3 cm,unknown,"Embroidered silk roundel with dragon design, attached to a fabric-covered backing board. The dragon is mainly green, and is surrounded by clouds, flames, and waves. The dragon is in an active position with all five claws extended. This roundel is part of a pair that would have been cut from a dragon robe made during the Ming Dynasty (1368-1644).",,Gift of Sandy and Cécile Mactaggart
2004.19.68.1.4,Print from the Qianlong Emperor’s Conquests,https://search.museums.ualberta.ca/21-19872,https://media.museums.ualberta.ca/UAAC/fullres/2004/2004_019_068_001_004_s21-03v01.jpg,print,Qing 18th century,ink; silk; paper,overall: 63.2 cm x 112.7 cm; image: 53.9 cm x 92.3 cm,unknown,A printed calligraphic piece with sections missing.,,Gift of Sandy and Cécile Mactaggart
2005.5.171,Embroidered Yellow Silk Dragon Robe for an Image or Shrine,https://search.museums.ualberta.ca/21-19393,https://media.museums.ualberta.ca/UAAC/bfw/2005/2005_005_171_op_s19-12v01.jpg,robe,Qing 19th century,yellow silk gauze embroidered with silk and metal-wrapped threads,overall: 34.4 cm x 68.1 cm; neck to hem: 34.4 cm; cuff to cuff: x 68.1 cm,unknown,,,Gift of Sandy and Cécile Mactaggart
2005.5.351,Carved Jadite Necklace,https://search.museums.ualberta.ca/21-19573,https://media.museums.ualberta.ca/UAAC/bfw/2005/2005_005_351_s20-02v01.jpg,necklace,Qing 19th century,brass; silk; jadeite,overall: 48 cm,unknown,,,Gift of Sandy and Cécile Mactaggart
2005.5.592.1,Front Panel of a Rank Badge for a Third Rank Military Official,https://search.museums.ualberta.ca/21-20692,https://media.museums.ualberta.ca/UAAC/fullres/2005/2005_005_592_001_ve_s23-03v01.jpg,rank badge,Qing 19th century,silk and metal-wrapped thread tapestry weave with ink,,unknown,"Rank badges, always made in pairs, were placed on the front and back of surcoats in order to communicate their wearer’s rank during the Ming (1368-1644) and Qing dynasties (1644-1911). Different motifs were regulated by the imperial court, including bird motifs used only for civil officials while beasts were used for military officials. The hierarchy of ranks within these categories was represented by specific birds and beasts. This pair of rank badges features a leopard rendered in tapestry weave with details painted with ink, representing a third rank military official. The leopard is identified by its spots, which look like geometric marks throughout its body, and green eyebrows, which are typical in the late Qing dynasty. The front badge is made into two separate panels to accommodate the front opening of a surcoat, while the back badge is made in one piece. The patterns on the front and back badges are identical. The leopard is positioned in the center of the badge, surrounded by clouds, small white flowers, bats, and other auspicious symbols. Select details are highlighted with metal-wrapped threads, including the standing water waves below the leopard. The position of the sun on the right side of the badge indicates that the wearer was a woman, likely the spouse of a military official. The border features show characters and bats, which are symbols of luck.",,Gift of Sandy and Cécile Mactaggart
2022.7.5,Front and Back Panels of a Rank Badge for a Sixth Rank Military Official,https://search.museums.ualberta.ca/21-27264,https://media.museums.ualberta.ca/UAAC/fullres/2022/2022_007_005_002_re_s23-03v01.jpg,rank badge,,Polychrome silk floss and metal-wrapped thread embroidery on silk satin,Front: 30.8 x 30.5; Back: 30.2 x 33.0,unknown,"Rank badges, always made in pairs, were placed on the front and back of surcoats in order to communicate their wearer’s rank during the Ming (1368-1644) and Qing dynasties (1644-1911). Different motifs were regulated by the imperial court, including bird motifs used only for civil officials, while beasts were used for military officials. The hierarchy of ranks within these categories was represented by specific birds and beasts. 
This pair of rank badges features a panther, symbolizing a sixth rank military official. The panther is raising its head toward a sun disk in the upper right corner and surrounded by ruyi-shaped clouds.",,Purchased by University of Alberta Museums
2005.5.566.1,Front Panel of a Rank Badge for a Fourth Rank Civil Official,https://search.museums.ualberta.ca/21-20728,https://media.museums.ualberta.ca/UAAC/bfw/2005/2005_005_566_001_ve_s19-12v01.jpg,rank badge,Qing 19th-20th centuries,gold wrapped silk thread; silk; silk floss; silk gauze; silver wrapped silk thread; embroidery,,unknown,"Qing Period (1644-1911), Fourth Rank Civil Official (Wild Goose)

(source: John E. Vollmer & Jacqueline Simcox, ""Emblems of Empire: Selections from the Mactaggart Art Collection,"" (The University of Alberta Press and University of Alberta Museums, Edmonton, Alberta, 2009), p. 74.)",,Gift of Sandy and Cécile Mactaggart
2005.5.596.2,Back Panel of a Rank Badge for a Fourth Rank Military Official,https://search.museums.ualberta.ca/21-20757,https://media.museums.ualberta.ca/UAAC/fullres/2005/2005_005_596_002_ve_s23-03v01.jpg,rank badge,Qing 19th century,silk; silk floss; silk satin; embroidery,overall: 31.4 cm x 31.4 cm,unknown,"Rank badges, always made in pairs, were placed on the front and back of surcoats in order to communicate their wearer’s rank during the Ming (1368-1644) and Qing dynasties (1644-1911). Different motifs were regulated by the imperial court, including bird motifs used only for civil officials, while beasts were used for military officials. The hierarchy of ranks within these categories was represented by specific birds and beasts. 
This rank badge features a tiger, symbolizing a fourth rank military official. The tiger is crouching on a rock and surrounded by ruyi-shaped clouds. The pattern on the badge is embroidered with fine seed stitches. The border is adorned with bats and shou characters (symbolizing longevity).",,Gift of Sandy and Cécile Mactaggart
2005.5.236,Embroidered Brown Silk Fragment with Seed Pearls,https://search.museums.ualberta.ca/21-19458,https://media.museums.ualberta.ca/UAAC/bfw/2005/2005_005_236_ve_s19-12v01.jpg,fragment,Qing 17th-18th centuries,silk satin embroidered with silk and seed pearls,overall: 38.5 cm x 33 cm,unknown,"A brown silk satin fragment with an embroidered five-clawed dragon design. Tiny pearls adorn various parts of the design, including the dragon, waves, and mountains. Delicately couched plied silk cords further define the long, sinuous body of the dragon, the clouds, and flames of the dragon. At the center of the dragon's core is a flaming pearl, which is a symbol for wisdom, power, and energy.",,Gift of Sandy and Cécile Mactaggart
2005.5.498,Silk Velvet Chair Cover,https://search.museums.ualberta.ca/21-19720,https://media.museums.ualberta.ca/UAAC/bfw/2005/2005_005_498_re_s20-02v01.jpg,chair cover,Qing 19th century,silk brocade; silk; silk cut velvet,overall: 61 cm x 50.5 cm,unknown,,,Gift of Sandy and Cécile Mactaggart
2005.5.77,Blue Damask Silk Vest for a Woman,https://search.museums.ualberta.ca/21-19299,https://media.museums.ualberta.ca/UAAC/bfw/2005/2005_005_077_op_s19-12v01.jpg,vest,Qing 19th-20th centuries,blue silk damask edged with black and metal-wrapped thread brocaded facings,overall: 136 cm x 108 cm; neck to hem: 136 cm,unknown,,,Gift of Sandy and Cécile Mactaggart
2005.5.255,Brown Silk Damask Informal Robe for a Woman,https://search.museums.ualberta.ca/21-19477,https://media.museums.ualberta.ca/UAAC/bfw/2005/2005_005_255_d01_s19-12v01.jpg,robe,Qing 19th century,brown silk damask with black silk embroidered edgings,overall: 141 cm x 120 cm,unknown,,,Gift of Sandy and Cécile Mactaggart
2004.19.67,Beautiful Lady,https://search.museums.ualberta.ca/21-19132,https://media.museums.ualberta.ca/UAAC/fullres/2004/2004_019_067_s22-02v01.jpg,hanging scroll,Qing 18th-19th centuries,ink and colour on silk,sheet: 154.9 cm x 55.8 cm; image: 84.7 cm x 44.5 cm,unknown,"A hanging scroll painting of a seated woman playing a flute, painted in the style of Gu Jianlong.",Inscribed with the signature of Gu Jianlong.,Gift of Sandy and Cécile Mactaggart
2010.20.1.6.4,"Magnificent Record of the Southern Tours, volume 34, chapters 87-88",https://search.museums.ualberta.ca/21-23712,https://media.museums.ualberta.ca/UAAC/bfw/2010/2010_020_001_006_004_s20-02v01.jpg,book,,"printed woodblock, thread binding",overall: 29.8 cm x 20.5 cm,Gao Jin,"One set of the Yuzhi nanxun shengdian [Magnificent Record of the Southern Tours], edited by Gao Jin et al. Volume 34, Chapter 87-88. Yuewu [Mustering troops]. Woodblock printed, thread binding.",,Gift of Sandy and Cécile Mactaggart
2005.5.403.2,Two Piece Actor's Headpiece,https://search.museums.ualberta.ca/21-20975,https://media.museums.ualberta.ca/UAAC/bfw/2010/2010_020_001_006_004_s20-02v01.jpg,headpiece,Modern 20th century,metallic thread; silk; silk thread; metal discs; mirrors,,unknown,,,Gift of Sandy and Cécile Mactaggart
2005.5.320,Purple Brocade Silk Gauze Dragon Robe for a Man,https://search.museums.ualberta.ca/21-19542,https://media.museums.ualberta.ca/UAAC/bfw/2005/2005_005_320_op_s19-12v01.jpg,robe,Qing 20th century,purple silk gauze brocaded with silk,overall: 140 cm x 199 cm; neck to hem: 140 cm; cuff to cuff: x 199 cm,unknown,,,Gift of Sandy and Cécile Mactaggart
2005.5.551,Front and Back Panels of a Rank Badge for a Fifth Rank Civil Official,https://search.museums.ualberta.ca/21-19773,https://media.museums.ualberta.ca/UAAC/bfw/2005/2005_005_551_002_re_s19-12v01.jpg,rank badge,Qing 19th-20th centuries,gold wrapped silk thread; silk; silk brocade; silk floss; embroidery,,unknown,"Qing Period (1644-1911), Fifth Rank Civil Official (Silver Pheasant)

(source: John E. Vollmer & Jacqueline Simcox, ""Emblems of Empire: Selections from the Mactaggart Art Collection,"" (The University of Alberta Press and University of Alberta Museums, Edmonton, Alberta, 2009), p. 74.)",,Gift of Sandy and Cécile Mactaggart
2005.5.24.2,Length of Green Silk Brocade Yardage,https://search.museums.ualberta.ca/21-21034,https://media.museums.ualberta.ca/UAAC/full/2005/05_005_024_002s01v01.jpg,yardage,Qing 19th century,silk brocade,overall: 14.2 cm x 67.3 cm,unknown,,,Gift of Sandy and Cécile Mactaggart
2010.20.1.2,"Magnificent Record of the Southern Tours, volumes 7-12, chapters 16-31",https://search.museums.ualberta.ca/21-23669,https://media.museums.ualberta.ca/UAAC/bfw/2010/2010_020_001_002_d02_s20-02v01.jpg,book,,"printed woodblock, thread binding",overall: 29.8 cm x 20.5 cm x 6.5 cm,Gao Jin,"One set of the Yuzhi nanxun shengdian [Magnificent Record of the Southern Tours], edited by Gao Jin et al. Volumes 7-12 Chapter 16-31. Woodblock printed, thread binding.",,Gift of Sandy and Cécile Mactaggart
2005.5.391,Two Framed Silk Tapestry Weave Panels,https://search.museums.ualberta.ca/21-19613,https://media.museums.ualberta.ca/UAAC/bfw/2010/2010_020_001_002_d02_s20-02v01.jpg,panel,Qing 17th-18th centuries,silk tapestry weave with ink details,,unknown,,,Gift of Sandy and Cécile Mactaggart
2005.5.257,Embroidered Green Silk Informal Robe for a Woman,https://search.museums.ualberta.ca/21-19479,https://media.museums.ualberta.ca/UAAC/bfw/2005/2005_005_257_d01_s19-12v01.jpg,robe,Qing 19th century,green silk satin embroidered with silk threads,overall: 138 cm x 135 cm,unknown,,,Gift of Sandy and Cécile Mactaggart
2005.5.64,Pair of Embroidered Silk Sleeve Bands Mounted as a Panel,https://search.museums.ualberta.ca/21-19286,https://media.museums.ualberta.ca/UAAC/bfw/2005/2005_005_064_s19-12v01.jpg,panel,Qing 19th century,gold wrapped silk thread; silk; silk brocade; silk damask; silk floss; silk satin; embroidery,overall: 68.5 cm x 32.7 cm,unknown,,,Gift of Sandy and Cécile Mactaggart
2005.5.618,Left Side of the Front Panel of a Rank Badge,https://search.museums.ualberta.ca/21-19840,https://media.museums.ualberta.ca/UAAC/bfw/2005/2005_005_618_ve_s19-12v01.jpg,rank badge,Qing 19th century,gold wrapped silk thread; silk; silk satin; silver wrapped silk thread; embroidery,overall: 27.2 cm x 15.1 cm,unknown,,,Gift of Sandy and Cécile Mactaggart
2004.19.79.8,Rocks and Stream in Bamboo Grove,https://search.museums.ualberta.ca/21-20467,https://media.museums.ualberta.ca/UAAC/fullres/2004/2004_019_079_008_m01_alt_edit_s23-01v01.jpg,hanging scroll,Qing 17th century,ink on silk,,Zhu Sheng,,,Gift of Sandy and Cécile Mactaggart
2005.5.65,Pair of Embroidered Silk Sleeve Bands Mounted as a Panel,https://search.museums.ualberta.ca/21-19287,https://media.museums.ualberta.ca/UAAC/bfw/2005/2005_005_065_s19-12v01.jpg,panel,Qing 19th century,gold wrapped silk thread; silk; silk floss; silk satin; embroidery,overall: 66.9 cm x 34.4 cm,unknown,,,Gift of Sandy and Cécile Mactaggart
2004.19.72.1,Album Leaf from Figures in River Landscapes,https://search.museums.ualberta.ca/21-20435,https://media.museums.ualberta.ca/UAAC/fullres/2004/2004_019_072_001_s21-03v01.jpg,album leaf,Qing 18th century,ink and colour on paper,,Wang Gai,"This is the first leaf from the Figures in River Landscape album by Wang Gai (1677-1705), which is painted with ink and colour on paper. Each leaf contains a landscape, which was painted in situ by Wang Gai. Repeating themes throughout the album include figures immersed in the natural environment, which reflects the literati’s yearning and nostalgia.
In this scene a man walks towards a stone bridge which spans a small creek within a larger body of water. He is alone in this painting which evokes a feeling of peaceful solace. The trees, rocks, and other natural elements are sharper and darker in the foreground, fading into a mist in the background. This ink gradient technique, combined with light, translucent colours in the male figure and bridge, create an overall tranquil effect.",,Gift of Sandy and Cécile Mactaggart
2004.19.72.13,Album Leaf from Figures in River Landscapes,https://search.museums.ualberta.ca/21-20447,https://media.museums.ualberta.ca/UAAC/fullres/2004/2004_019_072_013_s21-03v01.jpg,album leaf,Qing 18th century,ink and colour on paper,,Wang Gai,"This is the thirteenth and final leaf from the Figures in River Landscape album by Wang Gai (1677-1705), which is painted with ink on paper. Each leaf contains a landscape, which was painted in situ by Wang Gai. Repeating themes throughout the album include figures immersed in the natural environment, which reflects the literati’s yearning and nostalgia.
It contains an inscription by Huang Tianyuan of Yundu and 4 seals by him. In the inscription, Huang Tianyuan comments on the paintings by Wang Gai in this album.",,Gift of Sandy and Cécile Mactaggart
2010.20.1.7,"Magnificent Record of the Southern Tours, volumes 37-42, chapters 94-105",https://search.museums.ualberta.ca/21-23674,https://media.museums.ualberta.ca/UAAC/bfw/2010/2010_020_001_007_d01_s20-02v01.jpg,book,,"printed woodblock, thread binding",overall: 29.8 cm x 20.5 cm x 6.5 cm,Gao Jin,"One set of the Yuzhi nanxun shengdian [Magnificent Record of the Southern Tours], edited by Gao Jin et al. Volumes 37-42, Chapter 94-105. Woodblock printed, thread binding.",,Gift of Sandy and Cécile Mactaggart
2005.5.588.1.1,Right Side of the Front Panel of a Rank Badge for a Ninth Rank Civil Official,https://search.museums.ualberta.ca/21-20684,https://media.museums.ualberta.ca/UAAC/bfw/2010/2010_020_001_007_d01_s20-02v01.jpg,rank badge,Qing 19th-20th centuries,gold wrapped silk thread; silk; silk floss; silk gauze; silk satin; silver wrapped silk thread; embroidery,overall: 28.2 cm x 13.4 cm,unknown,,,Gift of Sandy and Cécile Mactaggart
2005.5.192,Embroidered Blue Silk Jacket for a Woman,https://search.museums.ualberta.ca/21-19414,https://media.museums.ualberta.ca/UAAC/bfw/2005/2005_005_192_ve_s20-02v01.jpg,jacket,Qing 19th century,"dark blue silk satin embroidered with silk, edged with off-white silk satin facings embroidered with silk, metal-wrapped and peacock feather-wrapped threads",overall: 113.9 cm x 158 cm,unknown,,,Gift of Sandy and Cécile Mactaggart
2005.5.460,Pink Silk Damask Jacket,https://search.museums.ualberta.ca/21-19682,https://media.museums.ualberta.ca/UAAC/bfw/2005/2005_005_460_ve_s20-02v01.jpg,jacket,Qing 19th century,pale pink silk damask edged with dark blue silk facings embroidered with silk and metal-wrapped threads,overall: 67 cm x 85.7 cm,unknown,,,Gift of Sandy and Cécile Mactaggart
2010.16.1.2,Album Leaf from Album of Landscape Paintings,https://search.museums.ualberta.ca/21-23570,https://media.museums.ualberta.ca/UAAC/ppt/2010/10_016_001_002s01v01.jpg,album leaf,,ink and colour on paper,overall: 49 cm x 32 cm; sheet: 49 cm x 32 cm; image: 42 cm x 23 cm,Pan Gongshou,,,Purchased by Museums and Collections Services
2005.5.593.1.2,Left Side of the Front Panel of a Rank Badge for a Fourth Rank Military Official,https://search.museums.ualberta.ca/21-20698,https://media.museums.ualberta.ca/UAAC/ppt/2010/10_016_001_002s01v01.jpg,rank badge,Qing 19th century,copper-wrapped silk thread; gold wrapped silk thread; ink; linen; silk; silver wrapped silk thread; tapestry weave,overall: 28 cm x 14.8 cm,unknown,,,Gift of Sandy and Cécile Mactaggart
2022.7.6.1.2,Front Right Panel of a Rank Badge for a First Rank Military Official,https://search.museums.ualberta.ca/21-27271,https://media.museums.ualberta.ca/UAAC/bfw/2005/2005_005_234_ve_s19-13v01.jpg,rank badge,,Polychrome silk floss and metal-wrapped thread embroidery on silk satin,overall: 28.9 cm x 15.2 cm,unknown,Qilin rank badges from the Guangxu Period (1875 - 1908),,Purchased by University of Alberta Museums
2004.19.3.10,Album Leaf from Insects,https://search.museums.ualberta.ca/21-20083,https://media.museums.ualberta.ca/UAAC/fullres/2004/2004_019_003_010_s21-03v01.jpg,album leaf,Qing 18th-19th centuries,ink; paper,sheet: 35.4 cm x 43.3 cm; image: 22.1 cm x 26.1 cm,unknown,A painting of four butterflies of varying colours and sizes.,,Gift of Sandy and Cécile Mactaggart
2004.19.21,Summer Retreat at Lakeside Village,https://search.museums.ualberta.ca/21-19086,https://media.museums.ualberta.ca/UAAC/fullres/2004/2004_019_021_m01_s22-02v01.jpg,hanging scroll,Qing 18th century,ink and colour on silk,sheet: 282.6 cm x 76.5 cm; image: 160.5 cm x 57.5 cm,Yuan Yao,A hanging scroll painting of a mountain and a lakeside house.,Impressed with 2 seals of the artist and inscribed with the title.,Gift of Sandy and Cécile Mactaggart
2004.19.9.14,Album Leaf from Album of Landscapes,https://search.museums.ualberta.ca/21-20511,https://media.museums.ualberta.ca/UAAC/fullres/2004/2004_019_009_014_s21-10v01.jpg,album leaf,Qing 17th-18th centuries,ink and colour on paper,overall: 3.3 cm x 16.8 cm x 26.6 cm; image: 16 cm x 9.9 cm,Yao Song,,,Gift of Sandy and Cécile Mactaggart
2005.5.343.1,Embroidered Gauze Silk Collar with Brocade Edging,https://search.museums.ualberta.ca/21-20791,https://media.museums.ualberta.ca/UAAC/bfw/2005/2005_005_343_001_re_s19-12v01.jpg,collar,Qing 19th century,black silk gauze embroidered with silk and metal-wrapped threads edged with metal-wrapped thread and black silk brocade,overall: 33.8 cm x 66.5 cm,unknown,,,Gift of Sandy and Cécile Mactaggart
2005.5.69,Pair of Embroidered Silk Sleeve Bands,https://search.museums.ualberta.ca/21-19291,https://media.museums.ualberta.ca/UAAC/bfw/2005/2005_005_069_ve_s20-02v01.jpg,sleeve band,Qing 19th century,"silk satin, embroidery",,unknown,,,Gift of Sandy and Cécile Mactaggart
2005.5.221,Silk Tapestry Weave Hanging,https://search.museums.ualberta.ca/21-19443,https://media.museums.ualberta.ca/UAAC/bfw/2005/2005_005_221_re_d03_s19-12v01.jpg,hanging,Qing 17th century,silk tapestry weave with metal-wrapped and peacock feather-wrapped threads,overall: 168.5 cm x 172 cm,unknown,"This silk multi-coloured tapestry wall hanging features a typical imperial composition of numerous dragons, interpreted as a symbol of social order corresponding to Confucianism. The dragons are floating in the sky, surrounded by clouds, with rocks and waves below. They are all four-clawed dragons (mang) with various positions in the sky. In addition, there are auspicious Buddhist symbols interspersed throughout the sky.",,Gift of Sandy and Cécile Mactaggart
2005.5.84.1,Embroidered Wedding Collar Composed of Silk Petal Shaped Panels,https://search.museums.ualberta.ca/21-20878,https://media.museums.ualberta.ca/UAAC/bfw/2005/2005_005_084_001_ve_s19-12v01.jpg,collar,Qing 19th century,silk satin embroidered with silk,overall: 90 cm circumference,unknown,"Wedding Collar composed of three rows of petal shaped silk panels, each embroidered with flowers and fruit.",,Gift of Sandy and Cécile Mactaggart
2004.19.71.1,Album Leaf from Landscapes After the Old Masters,https://search.museums.ualberta.ca/21-20425,https://media.museums.ualberta.ca/UAAC/fullres/2004/2004_019_071_001_d01_s21-03v01.jpg,album leaf,Qing 17th century,ink on paper,,Wang Shimin,Imitates the style of Juran,,Gift of Sandy and Cécile Mactaggart
2004.19.9.10,Album Leaf from Album of Landscapes,https://search.museums.ualberta.ca/21-20507,https://media.museums.ualberta.ca/UAAC/fullres/2004/2004_019_009_010_s21-10v01.jpg,album leaf,Qing 17th-18th centuries,ink and colour on paper,overall: 3.3 cm x 16.8 cm x 26.6 cm; image: 16 cm x 9.9 cm,Yao Song,,,Gift of Sandy and Cécile Mactaggart
2010.20.1.5.5,"Magnificent Record of the Southern Tours, volume 29, chapters 71-72",https://search.museums.ualberta.ca/21-23707,https://media.museums.ualberta.ca/UAAC/bfw/2010/2010_020_001_005_005_s20-02v01.jpg,book,,"printed woodblock, thread binding",overall: 29.8 cm x 20.5 cm,Gao Jin,"One set of the Yuzhi nanxun shengdian [Magnificent Record of the Southern Tours], edited by Gao Jin et al. Volume 29, Chapter 71-72. Baoshang [Honours and emoluments]. Woodblock printed, thread binding.",,Gift of Sandy and Cécile Mactaggart
2005.5.609,Left Side of the Front Panel of a Rank Badge,https://search.museums.ualberta.ca/21-19831,https://media.museums.ualberta.ca/UAAC/bfw/2005/2005_005_609_ve_s19-12v01.jpg,rank badge,Qing 19th century,silk floss; silk satin; embroidery; paper,overall: 32.7 cm x 35.4 cm,unknown,,,Gift of Sandy and Cécile Mactaggart
2004.19.76.2.1,Base of Box for Bamboo in the Wind,https://search.museums.ualberta.ca/21-20561,https://media.museums.ualberta.ca/UAAC/bfw/2005/2005_005_609_ve_s19-12v01.jpg,"box, base",Ming 15th century,wood,,unknown,Base of storage box for hanging scroll.,,Gift of Sandy and Cécile Mactaggart
2005.5.169.1,Front of Embroidered Blue Silk Vest for a Straits Chinese Child,https://search.museums.ualberta.ca/21-20950,https://media.museums.ualberta.ca/UAAC/bfw/2005/2005_005_169_001_ve_s19-12v01.jpg,vest,Qing 19th century,"pale blue-green silk satin embroidered with silk and metal-wrapped threads, edged with embroidered yellow silk satin",overall: 38.7 cm x 47.7 cm,unknown,,,Gift of Sandy and Cécile Mactaggart
2004.19.73.3,Inner Box for Album of Flowers and Birds,https://search.museums.ualberta.ca/21-20551,https://media.museums.ualberta.ca/UAAC/bfw/2005/2005_005_169_001_ve_s19-12v01.jpg,box,Qing 18th century,linen,overall: 4.1 cm x 34.2 cm x 33 cm,unknown,Inner storage box for album.,,Gift of Sandy and Cécile Mactaggart
2004.19.2.8,Album Leaf from Illustrations of Chinese Costumes,https://search.museums.ualberta.ca/21-19954,https://media.museums.ualberta.ca/UAAC/fullres/2004/2004_019_002_008_s21-10v01.jpg,album leaf,Qing 18th century,ink; paper,sheet: 17.2 cm x 28 cm; image: 11.4 cm x 18.6 cm,unknown,"This album leaf is a part of a 48-page album that depicts Chinese subjects participating in various aspects of daily life, including government business, daily life, cultural customs, modes of transportation, and corporal punishment. This leaf depicts an ink and watercolour drawing of two male figures, possibly “beggars”, as inscribed in pencil at the lower centre section of the leaf. The figure on the left, who appears to be blind, is dressed in a long yellow coat over pants and carries a large bag on his shoulder. The figure on the right is dressed in tattered clothes, carries a small satchel, and is barefoot. Both men have the top and sides of their heads completely shaved with a long braid down the back (a “queue”), which was a regulated Manchu hairstyle during the Qing dynasty.",,Gift of Sandy and Cécile Mactaggart
2005.5.280,Embroidered Red Silk Yardage for a Woman's Informal Robe,https://search.museums.ualberta.ca/21-19502,https://media.museums.ualberta.ca/UAAC/fullres/2004/2004_019_002_008_s21-10v01.jpg,yardage,Qing 20th century,silk floss; silk twill; embroidery,,unknown,,,Gift of Sandy and Cécile Mactaggart
2004.19.73.4.1,Base of Outer Box for Album of Flowers and Birds,https://search.museums.ualberta.ca/21-20553,https://media.museums.ualberta.ca/UAAC/fullres/2004/2004_019_002_008_s21-10v01.jpg,"box, base",Qing 18th century,wood,,unknown,Base of outer storage box for album.,,Gift of Sandy and Cécile Mactaggart
2004.19.1.1.11,Album Leaf from Illustrations of Costumes from the Qianlong Court,https://search.museums.ualberta.ca/21-20156,https://media.museums.ualberta.ca/UAAC/fullres/2004/2004_019_001_001_011_s21-03v01.jpg,album leaf,Qing 18th century,ink; silk; paper,sheet: 42.2 cm x 40.8 cm; image: 24.9 cm x 18.4 cm,unknown,"This album leaf is part of a section of the illustrations of costumes from the Qianlong court, Huangchao liqi tushi (“The Regulations for the Ceremonial Paraphernalia of the [Qing] Dynasty”). In total there are 34 folios that depict costumes appropriate for the Empress Dowager or Empress to wear at the imperial court along with short descriptive captions. This is the right leaf of one folio (attached to 2004.19.1.10) depicting a formal court metal collar, or tourque. The Chinese script describes the pictorial content of the painting and is translated as ""illustration of jeweled collar lingyue for the Empress Dowager and Empress"".","皇太后 皇后領約圖 Handwritten in pencil on a small piece of paper pasted onto the silk, bottom center: ""ornament/For the neck""
Translation of the Chinese text: ""Illustration of Jeweled collar lingyue for the… 

													皇太后 皇后領約圖 Handwritten in pencil on a small piece of paper pasted onto the silk, bottom center: ""ornament/For the neck""
Translation of the Chinese text: ""Illustration of Jeweled collar lingyue for the Empress Dowager and Empress"" 
On the reverse of the piece ""(57)"" is handwritten in pencil on the upper left corner.  Below the pencil number are two black ink markings. 
Read More +",Gift of Sandy and Cécile Mactaggart
2005.5.540,Brown Silk Brocade Panel,https://search.museums.ualberta.ca/21-19762,https://media.museums.ualberta.ca/UAAC/fullres/2005/2005_005_540_ve_s22-02v01.jpg,panel,Qing 19th century,gold wrapped silk thread; silk; silk brocade; silk satin,overall: 183.5 cm x 72.4 cm,unknown,,,Gift of Sandy and Cécile Mactaggart
2005.5.19,Cream Silk Embroidered Vest for a Child,https://search.museums.ualberta.ca/21-19241,https://media.museums.ualberta.ca/UAAC/bfw/2005/2005_005_019_ve_s19-12v01.jpg,vest,Qing 19th century,off-white silk satin embroidered with silk and edged with purple silk satin,overall: 28 cm x 35.2 cm; neck to hem: 28 cm,unknown,,,Gift of Sandy and Cécile Mactaggart
2005.5.628,Yellow Silk Damask Jacket for a Woman,https://search.museums.ualberta.ca/21-19850,https://media.museums.ualberta.ca/UAAC/bfw/2005/2005_005_628_ve_s20-02v01.jpg,jacket,Qing 19th century,pale yellow silk damask embroidered with silk and metal-wrapped threads,overall: 81 cm x 127 cm,unknown,,,Gift of Sandy and Cécile Mactaggart
2005.5.600,Back Panel of a Rank Badge for a Military Official,https://search.museums.ualberta.ca/21-19822,https://media.museums.ualberta.ca/UAAC/bfw/2005/2005_005_600_ve_s19-12v01.jpg,rank badge,Qing 19th century,gold wrapped silk thread; linen; silk; ink; tapestry weave,overall: 28.5 cm x 29.7 cm,unknown,,,Gift of Sandy and Cécile Mactaggart
2005.5.481,Embroidered Yellow Silk Imperial Throne Cover,https://search.museums.ualberta.ca/21-19703,https://media.museums.ualberta.ca/UAAC/bfw/2005/2005_005_481_ve_s20-02v01.jpg,throne cover,Qing 18th century,gold silk twill embroidered with silk and metal-wrapped threads,overall: 134 cm x 103 cm,unknown,,,Gift of Sandy and Cécile Mactaggart
2005.5.414,Silk Tapestry Weave Panel,https://search.museums.ualberta.ca/21-19636,https://media.museums.ualberta.ca/UAAC/bfw/2005/2005_005_414_m01_s19-12v01.jpg,panel,Qing 19th century,ink; rayon; silk tapestry weave; silk; wood,overall: 33 cm x 23.1 cm,unknown,,,Gift of Sandy and Cécile Mactaggart
2004.19.69.2.2,Lid of Box for Boat on a River,https://search.museums.ualberta.ca/21-20544,https://media.museums.ualberta.ca/UAAC/bfw/2005/2005_005_414_m01_s19-12v01.jpg,"box, lid",Qing 17th century,,,unknown,Lid of storage box for hanging scroll.,,Gift of Sandy and Cécile Mactaggart
2005.5.322,Purple Silk Tapestry Weave Robe for a Woman,https://search.museums.ualberta.ca/21-19544,https://media.museums.ualberta.ca/UAAC/fullres/2005/2005_005_322_ve_s21-03v01.jpg,robe,Qing 20th century,purple silk and metal-wrapped thread tapestry weave,overall: 135 cm x 125.4 cm; neck to hem: 135 cm; cuff to cuff: x 125.4 cm,unknown,,,Gift of Sandy and Cécile Mactaggart
2005.5.273,Embroidered Yellow Silk Imperial Throne Cover,https://search.museums.ualberta.ca/21-19495,https://media.museums.ualberta.ca/UAAC/bfw/2005/2005_005_273_ve_s20-02v01.jpg,throne cover,Qing 18th century,yellow silk satin embroidered with silk and metal-wrapped threads,overall: 102.3 cm x 95.4 cm,unknown,,,Gift of Sandy and Cécile Mactaggart
2022.7.1,Back Panel of a Rank Badge for a Sixth Rank Military Official,https://search.museums.ualberta.ca/21-27260,https://media.museums.ualberta.ca/UAAC/fullres/2022/2022_007_001_ve_s23-03v01.jpg,rank badge,,Polychrome silk floss and metal-wrapped thread embroidery on silk twill,overall: 30.4 cm x 32.2 cm,unknown,"Rank badges, always made in pairs, were placed on the front and back of surcoats in order to communicate their wearer’s rank during the Ming (1368-1644) and Qing dynasties (1644-1911). Different motifs were regulated by the imperial court, including bird motifs used only for civil officials, while beasts were used for military officials. The hierarchy of ranks within these categories was represented by specific birds and beasts. 
This rank badge features a panther, symbolizing a sixth rank military official. The panther is crouching on a rock and surrounded by ruyi-shaped clouds and peonies. The pattern on the badge is embroidered using satin and seed stitches.",,Purchased by University of Alberta Museums
2005.5.277,Silk Tapestry Weave Floral Hanging,https://search.museums.ualberta.ca/21-19499,https://media.museums.ualberta.ca/UAAC/fullres/2005/2005_005_277_ve_g02_s23-01v01.jpg,hanging,Qing 19th-20th centuries,gold wrapped silk thread; silk,overall: 210.5 cm x 97 cm,unknown,,,Gift of Sandy and Cécile Mactaggart
2004.19.64,Summer Retreat in a River Village Handscroll and Storage Box,https://search.museums.ualberta.ca/21-19129,https://media.museums.ualberta.ca/UAAC/full/2004/19-64_1.jpg,handscroll set,Qing 17th-18th centuries,ink and colour on silk,sheet: 33 cm x 1003.3 cm; image: 27.2 cm x 189.9 cm,Gu Fang,A handscroll painting with a wooden storage box and accompanying calligraphic letter.,,Gift of Sandy and Cécile Mactaggart
2005.5.384,Two Embroidered Blue Silk Sleeve Bands,https://search.museums.ualberta.ca/21-19606,https://media.museums.ualberta.ca/UAAC/bfw/2005/2005_005_384_ve_s20-02v01.jpg,sleeve band,Qing 19th century,cotton; ink; silk; silk floss; muslin; embroidery; adhesive; cardboard,,unknown,"Two embroidered silk sleeve bands attached to a piece of grey cardboard with collector's tag. Each sleeve band is embroidered with peonies and butterflies in a ""three-blue"" style, which takes inspiration from monochromatic Chinese ink paintings. This tone-on-tone embroidery style was popular during the Qing Dynasty (1644-1911) and the delicate satin stitches are meant to recreate the gradient of ink painting. Sleeve bands are the wide decorated cuffs attached to women's robes and jackets.",,Gift of Sandy and Cécile Mactaggart
2005.5.46,Brown Silk Panel made from a Fragment of a Woman's Skirt,https://search.museums.ualberta.ca/21-19268,https://media.museums.ualberta.ca/UAAC/bfw/2005/2005_005_046_s19-12v01.jpg,panel,Qing 19th century,silk; silk brocade; silk floss; embroidery,overall: 31 cm x 37.7 cm,unknown,,,Gift of Sandy and Cécile Mactaggart
2005.5.551.2,Back Panel of a Rank Badge for a Fifth Rank Civil Official,https://search.museums.ualberta.ca/21-20627,https://media.museums.ualberta.ca/UAAC/bfw/2005/2005_005_551_002_ve_s19-12v01.jpg,rank badge,Qing 19th-20th centuries,gold wrapped silk thread; silk; silk brocade; silk floss; embroidery,overall: 29 cm x 30.3 cm,unknown,"Qing Period (1644-1911), Fifth Rank Civil Official (Silver Pheasant)

(source: John E. Vollmer & Jacqueline Simcox, ""Emblems of Empire: Selections from the Mactaggart Art Collection,"" (The University of Alberta Press and University of Alberta Museums, Edmonton, Alberta, 2009), p. 74.)",,Gift of Sandy and Cécile Mactaggart
2004.19.66,Lady in a Pavilion,https://search.museums.ualberta.ca/21-19131,https://media.museums.ualberta.ca/UAAC/fullres/2004/2004_019_066_s22-02v01.jpg,hanging scroll,Qing 18th-19th centuries,ink and colour on silk,sheet: 149.9 cm x 47.4 cm; image: 70.1 cm x 27.5 cm,unknown,A hanging scroll painting of women in a building overlooking a garden.,,Gift of Sandy and Cécile Mactaggart
2004.19.11.12,One Scroll from Peach Blossom Spring,https://search.museums.ualberta.ca/21-20459,https://media.museums.ualberta.ca/UAAC/fullres/2004/2004_019_011_012_s21-10v01.jpg,hanging scroll,Qing 18th century,ink and colour on silk,,Yuan Jiang,,,Gift of Sandy and Cécile Mactaggart
2010.17.89,Study Lei Feng to Create a New Generation!,https://search.museums.ualberta.ca/21-23288,https://media.museums.ualberta.ca/UAAC/bfw/2010/2010_017_089_s19-12v01.jpg,poster,,ink on paper; photolithography,overall: 76.4 cm x 52.5 cm; image: 74 cm x 50.8 cm,"Wang, Liguo											
											 
												
												
													
														View People Details ?","This photolithographic political poster from the late 20th century suggests that Chinese youth should study Lei Feng (1940-1962), a model soldier, to create a new generation.  The focal point of this poster is a portrait of Lei Feng, surrounded by elementary school children engaged in a variety of activities, including young pioneers being guided by their teacher to take an oath under the red flag, assisting the elderly in crossing the street, learning how to use a computer, and playing soccer and ping pong. Red dominates the image, including the title, which has a powerful visual impact. This poster conveys the spirit of the communist regime in China and has a strong propaganda effect. It seems to raise people’s awareness of following the path of Lei Feng, that is to study hard, live well, and contribute to the modernization of the country.",,Gift of Sandy and Cécile Mactaggart
2005.5.88.7,Embroidered Silk Fan Case,https://search.museums.ualberta.ca/21-20914,https://media.museums.ualberta.ca/UAAC/bfw/2005/2005_005_088_007_ve_s20-02v01.jpg,fan case,Qing 19th century,silk floss; embroidery; silk; silk satin; canvas; clay; braided cord; brass,overall: 46 cm x 4.8 cm x 1.9 cm,unknown,,,Gift of Sandy and Cécile Mactaggart
2005.5.288.1,Embroidered Yellow Silk Sleeve Band,https://search.museums.ualberta.ca/21-20787,https://media.museums.ualberta.ca/UAAC/bfw/2005/2005_005_088_007_ve_s20-02v01.jpg,sleeve band,Qing 19th century,silk floss; silk satin; silk twist,overall: 89.2 cm x 12.3 cm,unknown,,,Gift of Sandy and Cécile Mactaggart
2005.5.229,Back Panel of a Rank Badge,https://search.museums.ualberta.ca/21-19451,https://media.museums.ualberta.ca/UAAC/bfw/2005/2005_005_229_re_d01_s19-12v01.jpg,rank badge,Ming 14th-17th centuries,silk tapestry weave,overall: 40 cm x 44.4 cm,unknown,"A tapestry weave (kesi) rank badge featuring two phoenixes surrounded by multi-coloured clouds and geometric peonies. The design on this badge, which includes the two phoenixes in an upper and lower position, reflects a typical imperial court style from the Ming Dynasty (1368-1644). The phoenix is a mythical creature that is considered to be the highest-ranking bird in Chinese culture. These types of imperial court badges were always worn in pairs, with on badge placed on the front of a robe and an identical badge attached to the back.",,Gift of Sandy and Cécile Mactaggart
2005.5.259,Framed Back Panel of a Rank Badge for an Eighth Rank Civil Official,https://search.museums.ualberta.ca/21-19481,https://media.museums.ualberta.ca/UAAC/bfw/2005/2005_005_259_re_s20-02v01.jpg,rank badge,Qing 19th-20th centuries,gold wrapped silk thread; silk; silk floss; embroidery; glass; wood,overall: 32.2 cm x 32.2 cm,unknown,"Qing Period (1644-1911), Eighth Rank Civil Official (Quail)

(source: John E. Vollmer & Jacqueline Simcox, ""Emblems of Empire: Selections from the Mactaggart Art Collection,"" (The University of Alberta Press and University of Alberta Museums, Edmonton, Alberta, 2009), p. 74.)",,Gift of Sandy and Cécile Mactaggart
2005.5.363.2,Embroidered Wool Panel,https://search.museums.ualberta.ca/21-20812,https://media.museums.ualberta.ca/UAAC/bfw/2005/2005_005_363_002_ve_g03_s19-12v01.jpg,panel,Qing 19th century,gold wrapped silk thread; silk floss; wool; copper-wrapped silk thread; embroidery; paper,overall: 305.5 cm x 61.7 cm,unknown,,,Gift of Sandy and Cécile Mactaggart
2005.5.4,Embroidered Silk Vest for a Woman,https://search.museums.ualberta.ca/21-19226,https://media.museums.ualberta.ca/UAAC/bfw/2005/2005_005_004_d01_s19-12v01.jpg,vest,Qing 19th century,metal-wrapped thread and silk embroidery edged with dark blue silk satin embroidered with silk and metal-wrapped threads,overall: 60.7 cm x 57.3 cm; neck to hem: 60.7 cm; hem: 57.3 cm,unknown,,,Gift of Sandy and Cécile Mactaggart
2005.5.24.1,Length of Green Silk Brocade Yardage,https://search.museums.ualberta.ca/21-21033,https://media.museums.ualberta.ca/UAAC/full/2005/05_005_024_001s01v01.jpg,yardage,Qing 19th century,silk brocade,overall: 184 cm x 84 cm,unknown,,,Gift of Sandy and Cécile Mactaggart
2010.20.1.7.5,"Magnificent Record of the Southern Tours, volume 41, chapters 102-103",https://search.museums.ualberta.ca/21-23719,https://media.museums.ualberta.ca/UAAC/bfw/2010/2010_020_001_007_005_s20-02v01.jpg,book,,"printed woodblock, thread binding",overall: 29.8 cm x 20.5 cm,Gao Jin,"One set of the Yuzhi nanxun shengdian [Magnificent Record of the Southern Tours], edited by Gao Jin et al. Volume 41. Chapters 102-103. Mingsheng [Famous sights]. Woodblock printed, thread binding.",,Gift of Sandy and Cécile Mactaggart
2005.5.610,Right Side of the Front Panel of a Rank Badge,https://search.museums.ualberta.ca/21-19832,https://media.museums.ualberta.ca/UAAC/bfw/2005/2005_005_610_re_s19-12v01.jpg,rank badge,Qing 19th century,gold wrapped silk thread; silk floss; silk gauze; embroidery; paper,overall: 35.5 cm x 37.5 cm,unknown,,,Gift of Sandy and Cécile Mactaggart
2005.5.122,Red Silk Brocade Hanging Woven in the Style of a Collar from a Formal Court Robe,https://search.museums.ualberta.ca/21-19344,https://media.museums.ualberta.ca/UAAC/fullres/2005/2005_005_122_re_s21-03v01.jpg,hanging,Qing 19th century,gold wrapped silk thread; silk; silk brocade; silk satin ribbon,overall: 171.3 cm x 151.5 cm,unknown,,,Gift of Sandy and Cécile Mactaggart
2005.5.139,Embroidered Red Silk Skirt for a Woman,https://search.museums.ualberta.ca/21-19361,https://media.museums.ualberta.ca/UAAC/bfw/2005/2005_005_139_re_d01_s19-12v01.jpg,skirt,Qing 19th century,"red silk damask embroidered with metal-wrapped threads and silk, edged with blue silk satin",overall: 90.8 cm x 110 cm,unknown,,,Gift of Sandy and Cécile Mactaggart
2004.19.1.1.59,Album Leaf from Illustrations of Costumes from the Qianlong Court,https://search.museums.ualberta.ca/21-20268,https://media.museums.ualberta.ca/UAAC/fullres/2004/2004_019_001_001_059_s21-03v01.jpg,album leaf,Qing 18th century,ink; silk; paper,sheet: 42.2 cm x 40.8 cm; image: 24.8 cm x 20.4 cm,unknown,"This album leaf is part of a section of the illustrations of costumes from the Qianlong court, Huangchao liqi tushi (“The Regulations for the Ceremonial Paraphernalia of the [Qing] Dynasty”). In total there are 34 folios that depict costumes appropriate for the Empress Dowager or Empress to wear at the imperial court along with short descriptive captions. This is the right leaf of one folio (attached to 2004.19.1.58) depicting a formal court crown. The Chinese script describes the pictorial content of the painting and is translated as ""illustration of summer court hat chaoguan for the Empress Dowager and Empress.""","皇太后 皇后夏朝冠圖 Translation of the Chinese text: ""Illustration of Summer court hat chaoguan for the Empress Dowager and Empress""
On the verso of the piece ""(9)"" is handwritten in pencil on the upper left… 

													皇太后 皇后夏朝冠圖 Translation of the Chinese text: ""Illustration of Summer court hat chaoguan for the Empress Dowager and Empress""
On the verso of the piece ""(9)"" is handwritten in pencil on the upper left corner.  Below the pencil number are two black ink markings. 
Read More +",Gift of Sandy and Cécile Mactaggart
2005.5.385.2,Embroidered Cream Silk Sleeve Band,https://search.museums.ualberta.ca/21-20838,https://media.museums.ualberta.ca/UAAC/fullres/2004/2004_019_001_001_059_s21-03v01.jpg,sleeve band,Qing 18th century,cotton; silk floss; silk satin; mat board; embroidery,overall: 105.1 cm x 8.8 cm,unknown,,,Gift of Sandy and Cécile Mactaggart
2005.5.194,Embroidered Blue Silk Jacket for a Woman,https://search.museums.ualberta.ca/21-19416,https://media.museums.ualberta.ca/UAAC/bfw/2005/2005_005_194_op_s19-12v01.jpg,jacket,Qing 19th-20th centuries,blue silk satin embroidered with metal-wrapped threads,overall: 109.8 cm x 174 cm; neck to hem: 109.8 cm; cuff to cuff: x 174 cm,unknown,,,Gift of Sandy and Cécile Mactaggart
2010.17.85,Sheep Herd in the Mountains,https://search.museums.ualberta.ca/21-23284,https://media.museums.ualberta.ca/UAAC/bfw/2010/2010_017_085_ve_s19-12v01.jpg,painting,,gouache on mulberry paper,overall: 88.5 cm x 61.1 cm,"Wu, Jianrong","This painting is a vibrant work of folk art created by the Huxian artist Wu Jianrong. It depicts shepherds herding sheep in the mountains. A blue river flows through the center of the painting, cutting through the rocky, black mountains. with two people swimming in it. The upper part of the painting is decorated with a variety of colourful flowers, which add to the overall sense of liveliness. The use of colour in this painting is particularly striking, with the bright blues, light grey, and black of the landscape contrasting with the decorations of white, red, and green. The grey tone looming in the background adds depth to the painting, while also showcasing the rugged beauty of the mountainous terrain.",,Gift of Sandy and Cécile Mactaggart
2005.5.621.5.2.1,Base of Storage Box for a Court Necklace,https://search.museums.ualberta.ca/21-21042,https://media.museums.ualberta.ca/UAAC/bfw/2010/2010_017_085_ve_s19-12v01.jpg,box,Qing 19th century,cardboard; cotton; silk,overall: 4.7 cm,unknown,,,Gift of Sandy and Cécile Mactaggart
2010.20.1,Magnificent Record of the Southern Tours,https://search.museums.ualberta.ca/21-23636,https://media.museums.ualberta.ca/UAAC/bfw/2010/2010_020_001_re_s20-02v01.jpg,book,,,,Gao Jin,"One imprint of the Yuzhi nanxun shengdian [Magnificent Record of the Southern Tours], edited by Gao Jin et al. 48 volumes, 120 chapters, 6700 pages. Woodblock printed, thread binding. 1771. Collector’s insert indicates that it was formerly in the collection of the Yuzhai Library [Library of the Foolish Old Man’s Studio] belonging to the famous bibliophile and book collector Shen Xuanhuai (1844-1916), also noting that it is a classic book belonging to the category of government history. Cover seal (orange): examined in the Bingchen year (1796/1856/1916). On each inner case of the 8 sets D.J. Wineman Collection auction sticker, no. 117. Illustrated record of the Qianlong emperor’s first four imperial tours, published a year after his 60th birthday, and modeled on his grandfather the Kangxi emperor’s Wanshou shengdian [Magnificent Record of Longevity] composed in honor of the Kangxi emperor’s 60th birthday.",,Gift of Sandy and Cécile Mactaggart
2004.19.38.20,Album Leaf from Album of Figures,https://search.museums.ualberta.ca/21-20419,https://media.museums.ualberta.ca/UAAC/fullres/2004/2004_019_038_020_s21-10v01.jpg,album leaf,Qing 19th century,ink and colour on paper,,Ren Yi,"This album leaf is one of thirteen inscriptions in Ren Yi’s Album of Figures, featuring a four-line poem with seven characters per line. The poem was written in cursive script by Taixi (1899–1989) and later attached to Ren Yi’s paintings. The text is associated with the imagery on the album leaf attached beneath it (2004.19.38.21).",,Gift of Sandy and Cécile Mactaggart
2004.19.68.1.8,Print from the Qianlong Emperor’s Conquests,https://search.museums.ualberta.ca/21-19877,https://media.museums.ualberta.ca/UAAC/fullres/2004/2004_019_068_001_008_s21-03v01.jpg,print,Qing 18th century,silk; paper; ink,overall: 63.2 cm x 112.7 cm; image: 52.9 cm x 92.9 cm,unknown,A printed calligraphic piece with two square red seals. It is the last page in the set of 16 copperplate engravings.,,Gift of Sandy and Cécile Mactaggart
2005.5.317,Blue Silk Damask Surcoat for a Woman,https://search.museums.ualberta.ca/21-19539,https://media.museums.ualberta.ca/UAAC/bfw/2005/2005_005_317_d01_s19-12v01.jpg,surcoat,Qing 19th century,dark blue silk damask,overall: 143.5 cm x 145 cm; neck to hem: 143.5 cm; cuff to cuff: x 145 cm,unknown,,,Gift of Sandy and Cécile Mactaggart
2015.8.4,Tapestry Weave Silk Hanging,https://search.museums.ualberta.ca/21-27023,https://media.museums.ualberta.ca/UAAC/bfw/2005/2005_005_317_d01_s19-12v01.jpg,wall hanging,,silk; cotton; metallic thread,overall: 175 cm x 39.7 cm,unknown,,,Bequest of the Estate of John Caughell
2004.19.54.1,Landscape After Li Cheng,https://search.museums.ualberta.ca/21-20528,https://media.museums.ualberta.ca/UAAC/fullres/2004/2004_019_054_001_g04_s21-10v01.jpg,handscroll,Ming 17th century,ink and colour on silk,sheet: 45.6 cm x 956.3 cm; image: 40.1 cm x 325.8 cm,Liu Du,"This handscroll painting by Liu Du (1630 - 1670) depicts a palace in a mountain landscape, painted in the style of Li Cheng (919-967), a Song Dynasty painter. This is a typical shan shui (""mountains and water"") painting that features trees, mountains, waterfalls, and other natural rock forms. There are two figures on boats in the water.",Signed by Liu Du and impressed with 2 artist seals.  This scroll is also impressed 4 collector's seals and has an attached colophon by Chen Yuding.,Gift of Sandy and Cécile Mactaggart
2004.19.3.29,Album Leaf from Insects,https://search.museums.ualberta.ca/21-20116,https://media.museums.ualberta.ca/UAAC/fullres/2004/2004_019_003_029_s21-03v01.jpg,album leaf,Qing 18th-19th centuries,ink; paper,sheet: 35.4 cm x 43.2 cm; image: 22.1 cm x 27.7 cm,unknown,A painting of one large moth and two butterflies.,,Gift of Sandy and Cécile Mactaggart
2004.19.68.1.12,Print from the Qianlong Emperor’s Conquests,https://search.museums.ualberta.ca/21-19882,https://media.museums.ualberta.ca/UAAC/fullres/2004/2004_019_068_001_012_s21-03v01.jpg,print,Qing 18th century,silk; paper; ink,overall: 63.2 cm x 112.4 cm; image: 52.2 cm x 93 cm,unknown,"A printed calligraphic piece with two square red seals.  This manuscript goes along with engraving .68.1.36. It is number 11, chronologically, in the set of 16 copperplate engravings.",,Gift of Sandy and Cécile Mactaggart
2005.5.87.1,Embroidered Silk Purse,https://search.museums.ualberta.ca/21-20902,https://media.museums.ualberta.ca/UAAC/bfw/2005/2005_005_087_001_ve_s20-02v01.jpg,purse,Qing 19th century,silk satin; embroidery; silk floss; cotton; glass beads,overall: 10 cm x 7.9 cm x 1.5 cm,unknown,,,Gift of Sandy and Cécile Mactaggart
2004.19.15.2.1,Base of Box for Southern Inspection Tour,https://search.museums.ualberta.ca/21-20522,https://media.museums.ualberta.ca/UAAC/full/2004/19-15-2-1_1.jpg,"box, base",Qing 18th century,lacquer,,unknown,Base of lacquer storage box for handscroll.,,Gift of Sandy and Cécile Mactaggart
2005.5.76,Blue Embroidered Silk Informal Vest for a Woman,https://search.museums.ualberta.ca/21-19298,https://media.museums.ualberta.ca/UAAC/bfw/2005/2005_005_076_re_d02_s19-12v01.jpg,vest,Qing 19th century,dark blue silk satin embroidered with silk,overall: 135.8 cm x 109.3 cm; neck to hem: 135.8 cm,unknown,,,Gift of Sandy and Cécile Mactaggart
2005.5.153.1,Orange Silk Legging for a Woman,https://search.museums.ualberta.ca/21-20948,https://media.museums.ualberta.ca/UAAC/bfw/2005/2005_005_153_001_re_s19-12v01.jpg,leggings,Qing 19th century,orange silk damask edged with blue and black silk satin borders embroidered with silk and metal-wrapped threads,overall: 74.7 cm x 42.7 cm,unknown,"(deer, facing in)",,Gift of Sandy and Cécile Mactaggart
2004.19.73.4.2,Lid of Outer Box for Album of Flowers and Birds,https://search.museums.ualberta.ca/21-20554,https://media.museums.ualberta.ca/UAAC/bfw/2005/2005_005_153_001_re_s19-12v01.jpg,"box, lid",Qing 18th century,wood,,unknown,Lid of outer storage box for album.,,Gift of Sandy and Cécile Mactaggart
2004.19.9,Album of Landscapes,https://search.museums.ualberta.ca/21-19074,https://media.museums.ualberta.ca/UAAC/fullres/2004/2004_019_009_cover_ve_s21-10v01.jpg,album,Qing 17th-18th centuries,ink and colour on paper; bound in silk,overall: 3.3 cm x 16.8 cm x 26.6 cm; image: 16 cm x 9.9 cm,Yao Song,An album of ten landscape paintings.,"The final leaf of the album is signed by Yao Song.  Each leaf is impressed with one or two artist seals.  There is one colophon written by Ting Yong (?-1900) dated 1898, and one colophon written by Yang Han…												

													The final leaf of the album is signed by Yao Song.  Each leaf is impressed with one or two artist seals.  There is one colophon written by Ting Yong (?-1900) dated 1898, and one colophon written by Yang Han (1812-1879) dated 1872.												
Read More +",Gift of Sandy and Cécile Mactaggart
2005.5.576.1,Front Panel of a Rank Badge for an Eighth Rank Civil Official,https://search.museums.ualberta.ca/21-20673,https://media.museums.ualberta.ca/UAAC/bfw/2005/2005_005_576_001_ve_s19-12v01.jpg,rank badge,Qing 19th-20th centuries,gold wrapped silk thread; silk; silk floss; silk gauze; silver wrapped silk thread; embroidery,,unknown,,,Gift of Sandy and Cécile Mactaggart
2009.8.11,White Silk Costume for a Puppet,https://search.museums.ualberta.ca/21-22437,https://media.museums.ualberta.ca/UAAC/bfw/2005/2005_005_576_001_ve_s19-12v01.jpg,costume,,,,unknown,Puppet costume for the role of a general,,Gift of Jean Small
2004.19.1.1.25,Album Leaf from Illustrations of Costumes from the Qianlong Court,https://search.museums.ualberta.ca/21-20217,https://media.museums.ualberta.ca/UAAC/fullres/2004/2004_019_001_001_025_s21-03v01.jpg,album leaf,Qing 18th century,ink; silk; paper,sheet: 42.2 cm x 40.8 cm; image: 32.6 cm x 31.5 cm,unknown,"This album leaf is part of a section of the illustrations of costumes from the Qianlong court, Huangchao liqi tushi (“The Regulations for the Ceremonial Paraphernalia of the [Qing] Dynasty”). In total there are 34 folios that depict costumes appropriate for the Empress Dowager or Empress to wear at the imperial court along with short descriptive captions. This is the right leaf of one folio (attached to 2004.19.1.24) and it contains six columns of regular script calligraphy describing the regulations for a winter court robe (chaopao), the third style for the empress dowager and empress.","皇太后 皇后冬朝袍三  謹按 本朝定制 皇太后 皇后冬朝袍 色用明黃 片金加海龍... Translation of the Chinese text: ""Winter court robe chaopao, the third style for the empress dowager and… 

													皇太后 皇后冬朝袍三  謹按 本朝定制 皇太后 皇后冬朝袍 色用明黃 片金加海龍... Translation of the Chinese text: ""Winter court robe chaopao, the third style for the empress dowager and empress/In accordance with the decree of the present dynasty:/The winter robes of the Empress Dowager and Empress are bright yellow in colour with golden bands trimmed with seal fur. [text continued on left leaf, 2004.19.1.1.24]""
(Translated and transcribed by Lisa Claypool, Ed., China’s Imperial Modern: The Painter’s Craft, Edmonton, AB: University of Alberta Museums, 2012, p. 104)
On the reverse of the piece ""(43)"" is handwritten in pencil on the upper left corner.  Below the pencil number are two black ink markings. 
Read More +",Gift of Sandy and Cécile Mactaggart
2016.3.1,Front and Back Panels of a Rank Badge for a Sixth Rank Civil Official,https://search.museums.ualberta.ca/21-26192,https://media.museums.ualberta.ca/UAAC/ppt/2016/16_003_001s01v01.jpg,rank badge,,silk thread on silk gauze; metallic threads in gold and silver; embroidering; couching,,unknown,"Rank badges, always made in pairs, were placed on the front and back of surcoats in order to communicate their wearer’s rank during the Ming (1368-1644) and Qing dynasties (1644-1911). Different motifs were regulated by the imperial court, including bird motifs used only for civil officials, while beasts were used for military officials. The hierarchy of ranks within these categories was represented by specific birds and beasts. 
These rank badges feature an egret, representing a sixth rank civil official. It is couched in silver thread, with its head highlighted in gold. Perched on one leg atop the stone, it gazes at the sun disc in the top right corner. Surrounding the bird are clouds, Daoist emblems, and gold scrolling vines. Additional auspicious symbols, including Buddhist emblems, are interspersed among ruyi-shaped waves along the li shui border at the bottom. The badge is embroidered using fine counted-stitch embroidery on black silk gauze.",,
2005.5.363,Two Embroidered Wool Panels,https://search.museums.ualberta.ca/21-19585,https://media.museums.ualberta.ca/UAAC/ppt/2016/16_003_001s01v01.jpg,panel,Qing 19th century,gold wrapped silk thread; silk floss; wool; copper-wrapped silk thread; embroidery,,unknown,,,Gift of Sandy and Cécile Mactaggart
2005.5.295.1,Embroidered Red Silk Cushion Cover,https://search.museums.ualberta.ca/21-20859,https://media.museums.ualberta.ca/UAAC/fullres/2005/2005_005_295_001_re_s22-02v01.jpg,cushion cover,Qing 19th century,gold wrapped silk thread; silk; silk brocade; silk satin; embroidery,overall: 58.9 cm x 66.4 cm,unknown,,,Gift of Sandy and Cécile Mactaggart
2010.16.1.3,Album Leaf from Album of Landscape Paintings,https://search.museums.ualberta.ca/21-23571,https://media.museums.ualberta.ca/UAAC/ppt/2010/10_016_001_003s01v01.jpg,album leaf,,ink and colour on paper,overall: 49 cm x 32 cm; sheet: 49 cm x 32 cm; image: 42 cm x 23 cm,Pan Gongshou,,,Purchased by Museums and Collections Services
2005.5.307.2,Silk Tapestry Weave Panel from a Dragon Robe,https://search.museums.ualberta.ca/21-20836,https://media.museums.ualberta.ca/UAAC/bfw/2005/2005_005_307_002_s19-12v01.jpg,panel,Qing 19th-20th centuries,silk; silk brocade; silk satin; silk tapestry weave,overall: 97.1 cm x 56.3 cm,unknown,,,Gift of Sandy and Cécile Mactaggart
2004.19.70,Landscape After Xia Gui Hanging Scroll and Storage Box,https://search.museums.ualberta.ca/21-19135,https://media.museums.ualberta.ca/UAAC/bfw/2005/2005_005_307_002_s19-12v01.jpg,hanging scroll set,Qing 17th century,ink and colour on silk,sheet: 127.6 cm x 42.5 cm; image: 48 cm x 29.6 cm,Zhuang Jiongsheng,A hanging scroll painting and storage box.,,Gift of Sandy and Cécile Mactaggart
2005.5.458,Embroidered Yellow Silk Cushion,https://search.museums.ualberta.ca/21-19680,https://media.museums.ualberta.ca/UAAC/bfw/2005/2005_005_458_ve_s20-02v01.jpg,cushion,Qing 18th-19th centuries,silk floss; silk satin; embroidery,overall: 31.7 cm x 31.7 cm x 6.6 cm,unknown,,,Gift of Sandy and Cécile Mactaggart
2004.19.70.2.2,Lid of Box for Landscape After Xia Gui,https://search.museums.ualberta.ca/21-20548,https://media.museums.ualberta.ca/UAAC/bfw/2005/2005_005_458_ve_s20-02v01.jpg,"box, lid",Qing 17th century,,,unknown,Lid of storage box for hanging scroll.,,Gift of Sandy and Cécile Mactaggart
2004.19.53,Travellers on a Mountain Path,https://search.museums.ualberta.ca/21-19118,https://media.museums.ualberta.ca/UAAC/fullres/2004/2004_019_053_s22-02v01.jpg,hanging scroll,Modern 20th century,ink and colour on paper,sheet: 210.8 cm x 45.9 cm; image: 94.5 cm x 30.5 cm; rolled: 5.9 cm x 53 cm x 4.4 cm,"Lu Shoukun											
											 
												
												
													
														View People Details ?","This hanging scroll by Lu Shoukun (1919-1975) depicts a group of travellers walking on a mountain path. From a bird’s-eye perspective the viewer is given a sense of height and distance in order to reveal the entire scene at once. In the midground of the painting, Lu uses smooth washes of ink to indicate abstract mountainous forms. The varying shades of cyan, gray, and black make the layers of the painting rich and vibrant. The travellers, which are painted using colourful brush strokes outlined in thick black ink, are highly detailed in relation to their environment. The contrast of dark ink washes, detailed figures, and negative space conveys an infinite sense of distance.",Signed by Lu Shoukun and impressed with 1artist seals.,Gift of Sandy and Cécile Mactaggart
2005.5.408,Blue Silk Informal Robe for a Woman,https://search.museums.ualberta.ca/21-19630,https://media.museums.ualberta.ca/UAAC/bfw/2005/2005_005_408_ve_s20-02v01.jpg,robe,Qing 20th century,blue silk satin with white cut velvet medallions,overall: 129 cm x 136 cm,unknown,,,Gift of Sandy and Cécile Mactaggart
2005.5.154,Embroidered Green Silk Leggings for a Woman,https://search.museums.ualberta.ca/21-19376,https://media.museums.ualberta.ca/UAAC/bfw/2005/2005_005_154_ve_s19-12v01.jpg,leggings,Qing 19th century,green silk satin embroidered with silk and metal-wrapped threads,overall: 98.2 cm x 57 cm,unknown,,,Gift of Sandy and Cécile Mactaggart
2004.19.1.1.49,Album Leaf from Illustrations of Costumes from the Qianlong Court,https://search.museums.ualberta.ca/21-20258,https://media.museums.ualberta.ca/UAAC/fullres/2004/2004_019_001_001_049_s21-03v01.jpg,album leaf,Qing 18th century,ink; silk; paper,sheet: 42.2 cm x 40.8 cm; image: 34.1 cm x 31.2 cm,unknown,"This album leaf is part of a section of the illustrations of costumes from the Qianlong court, Huangchao liqi tushi (“The Regulations for the Ceremonial Paraphernalia of the [Qing] Dynasty”). In total there are 34 folios that depict costumes appropriate for the Empress Dowager or Empress to wear at the imperial court along with short descriptive captions. This is the right leaf of one folio (attached to 2004.19.1.48) and it contains six columns of regular script calligraphy describing the regulations for a court vest (chaogua), first style, for the empress dowager and empress. The text on this leaf continues onto the attached left leaf.","皇太后 皇后朝褂一  謹按 本朝定制 皇太后 皇后朝褂 色用石青 片金緣  繡文前後立龍各二 下通襞積... Translation of the Chinese text: ""Court vest chaogua, the first style, for the… 

													皇太后 皇后朝褂一  謹按 本朝定制 皇太后 皇后朝褂 色用石青 片金緣  繡文前後立龍各二 下通襞積... Translation of the Chinese text: ""Court vest chaogua, the first style, for the Empress Dowager and Empress/In accordance with the decree of the present dynasty:/The court vest of the Empress Dowager and Empress is azurite blue in colour, trimmed with gold bands. The vest is embroidered with patterns, including [at the top] two standing dragons on front and back . Below, the vest is pleated to the bottom.  [text continued on left leaf, 2004.19.1.1.48]""
(Translated and transcribed by Lisa Claypool, Ed., China’s Imperial Modern: The Painter’s Craft, Edmonton, AB: University of Alberta Museums, 2012, p. 103)
On the reverse of the piece ""(19)"" is handwritten in pencil on the upper left corner.  Below the pencil number are two black ink markings. 
Read More +",Gift of Sandy and Cécile Mactaggart
2005.5.52,Pair of Embroidered Silk Sleeve Bands Mounted as a Panel,https://search.museums.ualberta.ca/21-19274,https://media.museums.ualberta.ca/UAAC/bfw/2005/2005_005_052_s19-12v01.jpg,panel,Qing 19th century,silk; silk satin; silk brocade; embroidery,overall: 74.3 cm x 37.3 cm,unknown,,,Gift of Sandy and Cécile Mactaggart
2005.5.121,Red Silk Brocade Hanging Woven in the Style of a Collar from a Formal Court Robe,https://search.museums.ualberta.ca/21-19343,https://media.museums.ualberta.ca/UAAC/fullres/2005/2005_005_121_re_s21-03v01.jpg,hanging,Qing 19th century,gold wrapped silk thread; silk; silk brocade; silk damask; silk satin ribbon,overall: 144.5 cm x 148.5 cm,unknown,,,Gift of Sandy and Cécile Mactaggart
2005.5.444,Brown Silk Velvet Panel,https://search.museums.ualberta.ca/21-19666,https://media.museums.ualberta.ca/UAAC/fullres/2005/2005_005_444_ve_s22-02v01.jpg,panel,Qing 17th-20th centuries,silk brocade; silk cut velvet,overall: 186.5 cm x 91 cm,unknown,,,Gift of Sandy and Cécile Mactaggart
2004.19.38.3,Album Leaf from Album of Figures,https://search.museums.ualberta.ca/21-20402,https://media.museums.ualberta.ca/UAAC/fullres/2004/2004_019_038_003_s21-10v01.jpg,album leaf,Qing 19th century,ink and colour on paper,,Ren Yi,"The painting is associated with the poem (2004.19.38.2). It portrays a man seated on rocks within a mountainous landscape. Dressed in a traditional robe with a blue head covering, the figure is shown in a calm, relaxed position, with his arms resting on the rocks. The background is rendered with soft, fluid brushstrokes, evoking the misty atmosphere of the distant hills.
The crane, standing on one leg, contrasts with the man’s stillness. In Chinese tradition, the crane, often referred to as the “bird of immortals,” is a symbol of longevity.
Ren Yi (also known as Ren Bonian), the artist, signed his name in black ink in the bottom right corner, accompanied by his red seal.",,Gift of Sandy and Cécile Mactaggart
2005.5.225,Embroidered Brown Silk Formal Court Robe for a Man,https://search.museums.ualberta.ca/21-19447,https://media.museums.ualberta.ca/UAAC/bfw/2005/2005_005_225_op_s19-12v01.jpg,robe,Qing 19th century,brown silk plain weave embroidered with silk and metal-wrapped threads,overall: 134 cm x 183.5 cm; neck to hem: 134 cm; cuff to cuff: x 183.5 cm,unknown,,,Gift of Sandy and Cécile Mactaggart
2004.19.52.2,Box for Lohan,https://search.museums.ualberta.ca/21-20533,https://media.museums.ualberta.ca/Ethnomus/full/A95-46.jpg,box,Qing 19th century,,overall: 8.1 cm x 8.6 cm x 66.4 cm,unknown,Storage box for hanging scroll. Rectangular wooden box with lift-off lid,,Gift of Sandy and Cécile Mactaggart
2005.5.337.1,Official Winter Hat for a Man,https://search.museums.ualberta.ca/21-21015,https://media.museums.ualberta.ca/UAAC/bfw/2005/2005_005_337_001_ve_s20-02v01.jpg,hat,Qing 19th-20th centuries,brass; cotton; fur; silk; silk satin,overall: 10.2 cm,unknown,,,Gift of Sandy and Cécile Mactaggart
2004.19.90,Scholar in a Moonlit Landscape,https://search.museums.ualberta.ca/21-19155,https://media.museums.ualberta.ca/UAAC/fullres/2004/2004_019_090_s22-02v01.jpg,hanging scroll,Qing 17th-18th centuries,ink and colour on paper,overall: 182.9 cm x 58.2 cm; image: 92 cm x 44.6 cm,Cai Jia,A hanging scroll painting depicting a figure and a building in a treed landscape.,The scroll is signed by Zhufang Laomin Cai Jia bing ti and is impressed with 3 artist seals.  The scroll is also impressed with 1 collector's seal.,Gift of Sandy and Cécile Mactaggart
2005.5.599.1.1,Right Side of the Front Panel of a Rank Badge for a Sixth Rank Military Official,https://search.museums.ualberta.ca/21-20751,https://media.museums.ualberta.ca/UAAC/fullres/2004/2004_019_090_s22-02v01.jpg,rank badge,Qing 19th century,gold wrapped silk thread; ink; linen; silk; silk floss; silk satin; silver wrapped silk thread; embroidery; tapestry weave,overall: 30.6 cm x 14.8 cm,unknown,,,Gift of Sandy and Cécile Mactaggart
2004.19.40,Waterfall in the Autumn Mountains,https://search.museums.ualberta.ca/21-19105,https://media.museums.ualberta.ca/UAAC/fullres/2004/2004_019_040_d01_s22-02v01.jpg,hanging scroll,Qing 19th-20th centuries,ink on paper,sheet: 225.8 cm x 63.4 cm; image: 78 cm x 42.7 cm,Wu Dacheng,"A hanging scroll painting of houses below a waterfall in a landscape, painted in the style of Wen Zhengming.","Signed by Wu Dacheng and impressed with 3 seals of the artist.  The scroll is also impressed with 2 seals of Wu Hufan, grandson of the artist.",Gift of Sandy and Cécile Mactaggart
2005.5.297,Red Brocade Silk Hanging in the Hundred Boys Style,https://search.museums.ualberta.ca/21-19519,https://media.museums.ualberta.ca/UAAC/fullres/2005/2005_005_297_ve_s21-03v01.jpg,hanging,Qing 20th century,silk brocade,overall: 254 cm x 136 cm,unknown,,,Gift of Sandy and Cécile Mactaggart
2004.19.2.20,Album Leaf from Illustrations of Chinese Costumes,https://search.museums.ualberta.ca/21-19972,https://media.museums.ualberta.ca/UAAC/fullres/2004/2004_019_002_020_s21-10v01.jpg,album leaf,Qing 18th century,ink; paper,sheet: 17.2 cm x 28 cm; image: 10.5 cm x 16.7 cm,unknown,"This album leaf is a part of a 48-page album that depicts Chinese subjects participating in various aspects of daily life, including government business, daily life, cultural customs, modes of transportation, and corporal punishment. This leaf has an ink and watercolour depiction of an entirely enclosed sedan chair being carried by two porters. The porters, who are carrying the chair on their shoulders, are dressed in purple tunics with blue scarves and pants. The sedan chair is highly decorated, with ice-ray lattice designs on the windows and a sculptural roof.",,Gift of Sandy and Cécile Mactaggart
2005.5.574,Silk Tapestry Weave Panel,https://search.museums.ualberta.ca/21-19796,https://media.museums.ualberta.ca/UAAC/bfw/2005/2005_005_574_s19-12v01.jpg,panel,Qing 19th century,linen; metallic thread; silk; silk satin; tapestry weave,overall: 106.2 cm x 28.1 cm,unknown,,,Gift of Sandy and Cécile Mactaggart
2005.5.278.2,Blue Silk Brocade Panel,https://search.museums.ualberta.ca/21-20850,https://media.museums.ualberta.ca/UAAC/bfw/2005/2005_005_278_002_m01_s19-12v01.jpg,panel,Qing 19th century,silk; silk satin; silk jacquard; muslin; silk brocade,overall: 209.2 cm x 60.9 cm,unknown,,,Gift of Sandy and Cécile Mactaggart
2011.16.1.3,Epaulette from ceremonial armour,https://search.museums.ualberta.ca/21-24246,https://media.museums.ualberta.ca/UAAC/bfw/2011/2011_016_001_003_ve_s19-12v01.jpg,epaulette,,"quilted, embroidered silk, metal threads",overall: 44 cm x 47 cm,,One of a pair of quilted epaulettes from ceremonial armour with black velvet trim.,,Gift of Sandy and Cécile Mactaggart
2004.19.52,Lohan Hanging Scroll with Storage Box,https://search.museums.ualberta.ca/21-19117,https://media.museums.ualberta.ca/UAAC/bfw/2011/2011_016_001_003_ve_s19-12v01.jpg,hanging scroll set,Qing 19th century,ink and colour on paper,sheet: 196.9 cm x 54.5 cm; image: 81.3 cm x 35.3 cm; rolled: 6 cm x 61.8 cm x 4.6 cm,Su Renshan,A hanging scroll painting with storage box.,,Gift of Sandy and Cécile Mactaggart
2005.5.546.1,Front Panel of a Rank Badge for a Third Rank Civil Official,https://search.museums.ualberta.ca/21-20614,https://media.museums.ualberta.ca/UAAC/bfw/2005/2005_005_546_001_ve_s19-12v01.jpg,rank badge,Qing 19th century,gold wrapped silk thread; silk; ink; tapestry weave,overall: 29.7 cm x 30.5 cm,unknown,"Rank badges, always made in pairs, were placed on the front and back of surcoats in order to communicate their wearer’s rank during the Ming (1368-1644) and Qing dynasties (1644-1911). Different motifs were regulated by the imperial court, including bird motifs used only for civil officials, while beasts were used for military officials. The hierarchy of ranks within these categories was represented by specific birds and beasts. 
This rank badge features a peacock, representing a third rank civil official. In the Ming Dynasty, the birds on rank badges were often presented in pairs in an upper and lower position. Later, in the Qing Dynasty, only one bird or beast was seen on rank badges. It is perched on a rock and gazing at a sun disc in the top left corner. The eight Buddhist treasures are scattered throughout the design, including a parasol, endless knot, lotus blossom, victory banner, wheel, vase, carp, and conch shell. This badge is woven in tapestry, with a ground made from gold metal-wrapped thread and details rendered in multi-coloured silk floss. Ink is used for details and outlines.",,Gift of Sandy and Cécile Mactaggart
2005.5.524,Embroidered Green Silk Skirt for a Woman,https://search.museums.ualberta.ca/21-19746,https://media.museums.ualberta.ca/UAAC/bfw/2005/2005_005_524_re_op_s19-12v01.jpg,skirt,Qing 19th century,green silk satin embroidered with silk,overall: 98.2 cm x 118.7 cm,unknown,,,Gift of Sandy and Cécile Mactaggart
2005.5.35,Yellow Silk Panel made from a Fragment of a Woman's Skirt or Apron,https://search.museums.ualberta.ca/21-19257,https://media.museums.ualberta.ca/UAAC/bfw/2005/2005_005_035_ve_s19-12v01.jpg,panel,Qing 19th century,silk brocade; silk satin; silk floss; silk; embroidery,overall: 36 cm x 30.8 cm,unknown,,,Gift of Sandy and Cécile Mactaggart
2005.5.275,Embroidered Yellow Silk Imperial Throne Cover,https://search.museums.ualberta.ca/21-19497,https://media.museums.ualberta.ca/UAAC/fullres/2005/2005_005_275_re_s23-01v01.jpg,throne cover,Qing 18th century,gold wrapped silk thread; silk; silk floss; silk ribbon; silk satin; embroidery,overall: 81.4 cm x 117 cm,unknown,,,Gift of Sandy and Cécile Mactaggart
2004.19.68.1,"The Qianlong Emperor’s Conquests: Depictions of Victories over the Eleuths, Dzungars and Other Central Asian Peoples in Xinjiang",https://search.museums.ualberta.ca/21-20536,https://media.museums.ualberta.ca/UAAC/fullres/2005/2005_005_275_re_s23-01v01.jpg,portfolio,Qing 18th century,,overall: 5.3 cm x 114.8 cm x 66.2 cm,"after Castiglione, Giuseppe; after Sichelbart, Ignatius; after Attiret, Jean-Denis; after Damasceno, Giovanni; after Qianlong Emperor","16 plates of pictures accompanied by 16 plates of poems and prose, plus 1 preface by the Qianlong Emperor in woodblock print dated to February-March 1766, 1 undated postface by also in woodblock print by members of the Qianlong court, 1 handwritten postface dated to the 23rd year of the Daoguang era, 4th month (12th day or May 11, 1843). The prints were engraved by Jacques-Philippe Le Bas (1707-83), Jacques Aliamet (1726-88), Augustin de Saint-Aubin (1736-1807), Benoit Louis Prevost (1747-ca. 1804), Pierre Phillipe Choffard (1730-1809), Joseph Masquelier (1741-1811), Fran?ois Denis Née (1732-1817), and Nicholas Delaunay (1739-92), under direction of and with modifications by the Secretary-Historiographer of the Academy of Painting, Charles-Nicholas Chochin fils (1715-90). The prints were engraved after drawings by Guiseppe Castiglione (Lang Shining, 1688-1766), an Italian Jesuit; Jean-Denis Attiret (Wang Zhicheng, 1702-1768), a French Jesuit; Ignatius Sichelbart (Ai Qimeng, 1707-1780), a Bohemian Jesuit; and Giovanni Damasceno (An Deyi, d. 1781), an Italian Augustinian. The engravings were made in Paris, France.",,Gift of Sandy and Cécile Mactaggart
2005.5.152,Embroidered Leggings for a Woman,https://search.museums.ualberta.ca/21-19374,https://media.museums.ualberta.ca/UAAC/bfw/2005/2005_005_152_ve_s19-12v01.jpg,leggings,Qing 19th century,silk damask edged with blue and black silk satin borders embroidered with silk and metal-wrapped threads,,unknown,,,Gift of Sandy and Cécile Mactaggart
2005.5.527,Embroidered Blue Silk Skirt for a Woman,https://search.museums.ualberta.ca/21-19749,https://media.museums.ualberta.ca/UAAC/bfw/2005/2005_005_527_re_op_s19-12v01.jpg,skirt,Qing 19th century,blue silk plain weave embroidered with silk and metal-wrapped threads,overall: 98.2 cm x 124.2 cm,unknown,,,Gift of Sandy and Cécile Mactaggart
2004.19.36,Prunus and Calligraphy,https://search.museums.ualberta.ca/21-19101,https://media.museums.ualberta.ca/UAAC/fullres/2004/2004_019_036_g11_s23-01v01.jpg,handscroll,Qing 18th century,ink on paper,sheet: 34.6 cm x 1116.3 cm; image: 31.8 cm x 342.4 cm,Gao Qipei,"Gao Qipei (1660-1734) painted this handscroll of plum tree branches (prunus) using his fingertip, with the finest details added using his nails.  The artist's daytime occupation as a civil servant during the Qing Dynasty permitted him free time in which to explore new ways of painting with his whole hand - palm, finger tips, and nails - rather than a traditional paintbrush. With this highly unique technique, Gao produced many similar landscape paintings throughout his life. After the painting is calligraphy by Gao Qipei, dated 1712, that contains sixteen copies of famous calligraphies (zitie) done between the Jin and Song dynasties, followed by an epilogue and a poem.",The painting is unsigned.  The inscription following the painting is signed by Tieling Gao Qipei and is impressed with 2 artist seals.  The title  and colophon are by Zeng Xi (1861-1930).,Gift of Sandy and Cécile Mactaggart
2005.5.566,Front and Back Panels of a Rank Badge for a Fourth Rank Civil Official,https://search.museums.ualberta.ca/21-19788,https://media.museums.ualberta.ca/UAAC/bfw/2005/2005_005_566_002_re_s19-12v01.jpg,rank badge,Qing 19th-20th centuries,gold wrapped silk thread; silk; silk floss; silk gauze; silver wrapped silk thread; embroidery,,unknown,"Qing Period (1644-1911), Fourth Rank Civil Official (Wild Goose)

(source: John E. Vollmer & Jacqueline Simcox, ""Emblems of Empire: Selections from the Mactaggart Art Collection,"" (The University of Alberta Press and University of Alberta Museums, Edmonton, Alberta, 2009), p. 74.)",,Gift of Sandy and Cécile Mactaggart
2004.19.1.1.15,Album Leaf from Illustrations of Costumes from the Qianlong Court,https://search.museums.ualberta.ca/21-20161,https://media.museums.ualberta.ca/UAAC/fullres/2004/2004_019_001_001_015_ve_s21-03v01.jpg,album leaf,Qing 18th century,ink; silk; paper,sheet: 42.2 cm x 40.8 cm; image: 35.8 cm x 37.9 cm,unknown,"This album leaf is part of a section of the illustrations of costumes from the Qianlong court, Huangchao liqi tushi (“The Regulations for the Ceremonial Paraphernalia of the [Qing] Dynasty”). In total there are 34 folios that depict costumes appropriate for the Empress Dowager or Empress to wear at the imperial court along with short descriptive captions. This is the right leaf of one folio (attached to 2004.19.1.14) depicting the front of a formal court robe. The Chinese script describes the pictorial content of the painting and is translated as ""illustration of summer court robe chaopao second style for the Empress Dowager and Empress.""","皇太后 皇后 夏朝袍二圖 Translation of the Chinese text: """"Illustration of Summer court robe chaopao second style for the Empress Dowager and Empress.""
On the reverse of the piece ""(53)"" is handwritten in… 

													皇太后 皇后 夏朝袍二圖 Translation of the Chinese text: """"Illustration of Summer court robe chaopao second style for the Empress Dowager and Empress.""
On the reverse of the piece ""(53)"" is handwritten in pencil on the upper left corner.  Below it are two markings in black ink. 
Read More +",Gift of Sandy and Cécile Mactaggart
2004.19.38.16,Album Leaf from Album of Figures,https://search.museums.ualberta.ca/21-20415,https://media.museums.ualberta.ca/UAAC/fullres/2004/2004_019_038_016_s21-10v01.jpg,album leaf,Qing 19th century,ink and colour on paper,,Ren Yi,"This album leaf is one of thirteen inscriptions in Ren Yi’s Album of Figures, featuring a four-line poem with seven characters per line. The poem was written in cursive script by Taixi (1899–1989) and later attached to Ren Yi’s paintings. The text is associated with the imagery on the album leaf attached beneath it (2004.19.38.17).",,Gift of Sandy and Cécile Mactaggart
2005.5.601,Front Panel of a Rank Badge for a Fifth Rank Military Official,https://search.museums.ualberta.ca/21-19823,https://media.museums.ualberta.ca/UAAC/bfw/2005/2005_005_601_ve_s19-12v01.jpg,rank badge,Qing 19th century,gold wrapped silk thread; ink; linen; silk; tapestry weave,,unknown,,,Gift of Sandy and Cécile Mactaggart
2004.19.79.2,Rocks and Stream in Bamboo Grove,https://search.museums.ualberta.ca/21-20461,https://media.museums.ualberta.ca/UAAC/fullres/2004/2004_019_079_002_m01_alt_edit_s23-01v01.jpg,hanging scroll,Qing 17th century,ink on silk,,Zhu Sheng,,,Gift of Sandy and Cécile Mactaggart
2010.20.1.1.3,"Magnificent Record of the Southern Tours, volume 3, chapters 5 to 7",https://search.museums.ualberta.ca/21-23679,https://media.museums.ualberta.ca/UAAC/bfw/2010/2010_020_001_001_003_s20-02v01.jpg,book,,"printed woodblock, thread binding",overall: 29.9 cm x 18.5 cm x 0.7 cm,Gao Jin,"One volume from the Yuzhi nanxun shengdian [Magnificent Record of the Southern Tours], edited by Gao Jin et al. Chapters 5 to 7. Volume 3 Tianzhang [Imperial essays]. Woodblock printed, thread binding.",,Gift of Sandy and Cécile Mactaggart
2004.19.68,The Qianlong Emperor’s Conquests,https://search.museums.ualberta.ca/21-19133,https://media.museums.ualberta.ca/UAAC/bfw/2010/2010_020_001_001_003_s20-02v01.jpg,portfolio set,Qing 18th century,"ink on silk, mounted on paper; etching; engraving; woodcut",overall: 5.3 cm x 114.8 cm x 66.2 cm,"after Castiglione, Giuseppe; after Sichelbart, Ignatius; after Attiret, Jean-Denis; after Damasceno, Giovanni; after Qianlong Emperor",A set of sixteen engravings accompanied by a set of sixteen manuscript poems housed in a storage box.,,Gift of Sandy and Cécile Mactaggart
2005.5.596.1,Front Panel of a Rank Badge for a Fourth Rank Military Official,https://search.museums.ualberta.ca/21-20754,https://media.museums.ualberta.ca/UAAC/fullres/2005/2005_005_596_001_ve_s23-03v01.jpg,rank badge,Qing 19th century,silk; silk floss; silk satin; embroidery,,unknown,"Rank badges, always made in pairs, were placed on the front and back of surcoats in order to communicate their wearer’s rank during the Ming (1368-1644) and Qing dynasties (1644-1911). Different motifs were regulated by the imperial court, including bird motifs used only for civil officials, while beasts were used for military officials. The hierarchy of ranks within these categories was represented by specific birds and beasts. 
This rank badge features a tiger, symbolizing a fourth rank military official. The tiger is crouching on a rock and surrounded by ruyi-shaped clouds. The pattern on the badge is embroidered with fine seed stitches. The border is adorned with bats and shou characters (symbolizing longevity).",,Gift of Sandy and Cécile Mactaggart
2005.5.496,Silk Velvet Yardage,https://search.museums.ualberta.ca/21-19718,https://media.museums.ualberta.ca/UAAC/bfw/2005/2005_005_496_ve_g01_s20-02v01.jpg,yardage,Qing 19th century,silk cut velvet,overall: 62.8 cm x 373.5 cm,unknown,,,Gift of Sandy and Cécile Mactaggart
2005.5.337.2,Black Lacquer Hat Storage Box,https://search.museums.ualberta.ca/21-21016,https://media.museums.ualberta.ca/UAAC/bfw/2005/2005_005_337_002_s20-02v01.jpg,box,Qing 19th-20th centuries,lacquer,,unknown,,,Gift of Sandy and Cécile Mactaggart
2005.5.555,Front and Back Panels of a Rank Badge for a Sixth Rank Civil Official,https://search.museums.ualberta.ca/21-19777,https://media.museums.ualberta.ca/UAAC/bfw/2005/2005_005_555_002_re_s19-12v01.jpg,rank badge,Qing 19th-20th centuries,gold wrapped silk thread; linen; silk; tapestry weave,,unknown,"Rank badges, always made in pairs, were placed on the front and back of surcoats in order to communicate their wearer’s rank during the Ming (1368-1644) and Qing dynasties (1644-1911). Different motifs were regulated by the imperial court, including bird motifs used only for civil officials, while beasts were used for military officials. The hierarchy of ranks within these categories was represented by specific birds and beasts. 
This pair of rank badges features an egret, representing a sixth rank civil official. In the Ming Dynasty, the birds on rank badges were often presented in pairs in an upper and lower position. Later, in the Qing Dynasty, only one bird was seen on rank badges. The egret in this badge is surrounded by ruyi-shaped clouds, with its wings outstretched and its gaze fixed on the sun disk in the upper left corner. This badge is woven in tapestry, with a ground made from metallic thread. Coloured ink was used to depict details in the bird’s body.",,Gift of Sandy and Cécile Mactaggart
2005.5.624,Embroidered Yellow Silk Sleeve Bands,https://search.museums.ualberta.ca/21-19846,https://media.museums.ualberta.ca/UAAC/bfw/2005/2005_005_624_s20-02v01.jpg,sleeve band,Qing 19th century,metallic thread; silk; silk satin; brocade braid; embroidery,overall: 26.4 cm x 114.5 cm,unknown,,,Gift of Sandy and Cécile Mactaggart
2004.19.3.1,Album Leaf from Insects,https://search.museums.ualberta.ca/21-20072,https://media.museums.ualberta.ca/UAAC/fullres/2004/2004_019_003_001_s21-03v01.jpg,album leaf,Qing 18th-19th centuries,ink; paper,sheet: 35.5 cm x 43.2 cm; image: 21.7 cm x 26.8 cm,unknown,A painting of four butterflies of varying sizes.,,Gift of Sandy and Cécile Mactaggart
2004.19.89,Cat and Lilies,https://search.museums.ualberta.ca/21-19154,https://media.museums.ualberta.ca/UAAC/fullres/2004/2004_019_058_ve_s21-03v01.jpg,hanging scroll,Modern 20th century,ink and colour on paper,overall: 188 cm x 46.1 cm; image: 98 cm x 32.7 cm; rolled: 5.9 cm x 53.5 cm x 4.7 cm,"Yu Fei'an; Zhao Kejia											
											 
												
												
													
														View People Details ?","A hanging scroll painting of lillies, a cat, a butterfly.","This scroll has two inscriptions: one is signed by Fei'an and is impressed with 1 artist seal, the other is signed by Zhao Kejia and is impressed with 1 artist seal.",Gift of Sandy and Cécile Mactaggart
2004.19.8,Mount Huang,https://search.museums.ualberta.ca/21-19073,https://media.museums.ualberta.ca/UAAC/fullres/2004/2004_019_008_d01_s22-02v01.jpg,hanging scroll,Modern 20th century,,sheet: 196.1 cm x 83.1 cm; image: 72.7 cm x 65.4 cm,"Zhang Hong											
											 
												
												
													
														View People Details ?","This hanging scroll by Zhang Hong (b. 1954) depicts the beauty of Mount Huang in the Anhui province of southeast China. The painting is composed of light washes of blue and pink, which create a multi-layered colour gradation within the scenery. The lower parts of the mountain are obscured by low-lying clouds, leaving only the peaks visible. These clouds, created with negative space, surround landscape shapes that simultaneously emerge from and disappear into the thick, moist atmosphere.","Signed by Zhang Juchuan with the date 'ding mao', 1987. There are 3 seals of the artist.",Gift of Sandy and Cécile Mactaggart
2005.5.597,Back Panel of a Rank Badge for a Censor,https://search.museums.ualberta.ca/21-19819,https://media.museums.ualberta.ca/UAAC/bfw/2005/2005_005_597_ve_s19-12v01.jpg,rank badge,Qing 19th century,linen; silk; silver wrapped silk thread; tapestry weave; ink,overall: 28.7 cm x 29.7 cm,unknown,,,Gift of Sandy and Cécile Mactaggart
2004.19.2.15,Album Leaf from Illustrations of Chinese Costumes,https://search.museums.ualberta.ca/21-19965,https://media.museums.ualberta.ca/UAAC/fullres/2004/2004_019_002_015_s21-10v01.jpg,album leaf,Qing 18th century,ink; paper,sheet: 17.2 cm x 28 cm; image: 11.4 cm x 18.1 cm,unknown,"This album leaf is a part of a 48-page album that depicts Chinese subjects participating in various aspects of daily life, including government business, daily life, cultural customs, modes of transportation, and corporal punishment. This leaf has an ink and watercolour depiction of three female figures, labelled in pencil as “country women”. The figure on the left is dressed in a typical Han style, with a short blue collared vest over a mid-length blue robe with wide sleeves. Underneath her robe she wears a blue pleated skirt, and she also wears bracelets, hair pins, and holds a blue fan. The middle figure wears a short blue jackets with wide, folded back yellow cuffs. She also wears a mid-length pink robe over green pants and holds a large fan. The left and middle figure both have bound feet, which was a typical style for Han women during the Qing Dynasty. The figure on the left dresses the most simply, with a mid-length grey robe over a blue pleated skirt. Her robe is tied at the waist. Her shoes are a slipper style and she also holds a basket and a net.",,Gift of Sandy and Cécile Mactaggart
2005.5.191,Embroidered Red Silk Wedding Jacket,https://search.museums.ualberta.ca/21-19413,https://media.museums.ualberta.ca/UAAC/bfw/2005/2005_005_191_op_s19-12v01.jpg,jacket,Qing 19th century,red silk satin embroidered with silk and metal-wrapped threads,overall: 96.6 cm x 176.2 cm; neck to hem: 96.6 cm; cuff to cuff: x 176.2 cm,unknown,,,Gift of Sandy and Cécile Mactaggart
2005.5.404,Embroidered Red Silk Actor's Costume,https://search.museums.ualberta.ca/21-19626,https://media.museums.ualberta.ca/UAAC/bfw/2005/2005_005_404_d01_s19-12v01.jpg,robe,Qing 20th century,red silk satin embroidered with silk and metal-wrapped threads,overall: 147 cm x 204 cm,unknown,,,Gift of Sandy and Cécile Mactaggart
2004.19.3.24,Album Leaf from Insects,https://search.museums.ualberta.ca/21-20111,https://media.museums.ualberta.ca/UAAC/fullres/2004/2004_019_003_024_s21-03v01.jpg,album leaf,Qing 18th-19th centuries,ink; paper,sheet: 35.4 cm x 43.1 cm; image: 21.7 cm x 26.3 cm,unknown,"A painting of four butterflies of varying sizes and colours, and two other insects.",,Gift of Sandy and Cécile Mactaggart
2004.19.2.39,Album Leaf from Illustrations of Chinese Costumes,https://search.museums.ualberta.ca/21-20050,https://media.museums.ualberta.ca/UAAC/fullres/2004/2004_019_002_039_s21-10v01.jpg,album leaf,Qing 18th century,ink; paper,sheet: 17.2 cm x 27.9 cm; image: 11.6 cm x 18.6 cm,unknown,"This album leaf is a part of a 48-page album that depicts Chinese subjects participating in various aspects of daily life, including government business, daily life, cultural customs, modes of transportation, and corporal punishment. This leaf contains an ink and watercolour depiction of a man, the prime minister, and his first wife. The wife, left, wears a long pink jacket over a pleated skirt and an ornate crown. The man, right, wears a typical Manchu civil official's outfit of a surcoat with a rank badge over a robe, a large collar, a long necklace and a conical hat with a feather.",,Gift of Sandy and Cécile Mactaggart
2005.5.467,Blue Silk Gauze Jacket,https://search.museums.ualberta.ca/21-19689,https://media.museums.ualberta.ca/UAAC/bfw/2005/2005_005_467_ve_s20-02v01.jpg,jacket,Qing 19th-20th centuries,dark blue brocaded silk gauze edged with black silk satin,overall: 92.5 cm x 43 cm,unknown,,,Gift of Sandy and Cécile Mactaggart
2005.5.293,Two Embroidered Silk Fragmentary Panels from a Woman's Costume,https://search.museums.ualberta.ca/21-19515,https://media.museums.ualberta.ca/UAAC/bfw/2005/2005_005_467_ve_s20-02v01.jpg,panel,Qing 19th century,silk; silk floss; silk jacquard; silk satin; embroidery,,unknown,,,Gift of Sandy and Cécile Mactaggart
2005.5.448.4,Uncut Embroidered Yellow Silk Cushion Cover,https://search.museums.ualberta.ca/21-20972,https://media.museums.ualberta.ca/UAAC/bfw/2005/2005_005_448_004_ve_s20-02v01.jpg,cushion cover,Qing 19th century,gold wrapped silk thread; silk floss; silk satin; embroidery,overall: 55.4 cm x 76.1 cm,unknown,,,Gift of Sandy and Cécile Mactaggart
2005.5.615,Left Side of the Front Panel of a Rank Badge,https://search.museums.ualberta.ca/21-19837,https://media.museums.ualberta.ca/UAAC/bfw/2005/2005_005_615_plus_519_re_s19-12v01.jpg,rank badge,Qing 19th century,silk; silk floss; silk satin; embroidery,overall: 29.4 cm x 15.6 cm,unknown,"Qing Period (1652-1911), Fifth Rank Military Official (Bear) 
(source: John E. Vollmer)",,Gift of Sandy and Cécile Mactaggart
2005.5.190,Lavender Silk Damask Jacket for a Woman,https://search.museums.ualberta.ca/21-19412,https://media.museums.ualberta.ca/UAAC/bfw/2005/2005_005_190_d02_s19-12v01.jpg,jacket,Qing 19th century,pale pink silk satin damask edged with off-white silk satin facings embroidered with silk and metal-wrapped threads,overall: 107.7 cm x 144.2 cm; neck to hem: 107.7 cm; cuff to cuff: x 144.2 cm,unknown,,,Gift of Sandy and Cécile Mactaggart
2004.19.64.1,Summer Retreat in a River Village,https://search.museums.ualberta.ca/21-20537,https://media.museums.ualberta.ca/UAAC/bfw/2004/2004_019_064_001_m01_text_s20-02v01.jpg,handscroll,Qing 17th-18th centuries,ink and colour on silk,sheet: 33 cm x 1003.3 cm; image: 27.2 cm x 189.9 cm,Gu Fang,"This landscape handscroll painting by Gu Fang (ca. 1690-1730) depicts a riverside village with mountains in the background and a river curving around a small village. Rock forms are painted primarily in blue and green paint, which is a typical genre of Chinese painting. There is a building in the middle of the painting with large open windows showing figures inside. On the left side of the painting there are two boats, a smaller group of buildings, and a figure with a group of oxen.","The scroll has an inscription of a poem by Fan Chengda (1126-1193) and is signed by Gu Fang.  The scroll is impressed with 4 artist seals.  There are 7 colophons written by the following: Ma Jiatong, Chen Kuilong…												

													The scroll has an inscription of a poem by Fan Chengda (1126-1193) and is signed by Gu Fang.  The scroll is impressed with 4 artist seals.  There are 7 colophons written by the following: Ma Jiatong, Chen Kuilong (1857-1948), Jin Baoquan, Zhang Qiyin, Lin Baoheng, Zhang Yuanji, and Sheng Yanlui.  The scroll is also impressed with 3 collector's seals.												
Read More +",Gift of Sandy and Cécile Mactaggart
2005.5.546,Front and Back Panels of a Rank Badge for a Third Rank Civil Official,https://search.museums.ualberta.ca/21-19768,https://media.museums.ualberta.ca/UAAC/bfw/2005/2005_005_546_002_re_s19-12v01.jpg,rank badge,Qing 19th century,gold wrapped silk thread; silk; ink; tapestry weave,,unknown,"Rank badges, always made in pairs, were placed on the front and back of surcoats in order to communicate their wearer’s rank during the Ming (1368-1644) and Qing dynasties (1644-1911). Different motifs were regulated by the imperial court, including bird motifs used only for civil officials, while beasts were used for military officials. The hierarchy of ranks within these categories was represented by specific birds and beasts. 
This pair of rank badges feature a peacock, representing a third rank civil official. In the Ming Dynasty, the birds on rank badges were often presented in pairs in an upper and lower position. Later, in the Qing Dynasty, only one bird or beast was seen on rank badges. It is perched on a rock and gazing at a sun disc in the top left corner. The eight Buddhist treasures are scattered throughout the design, including a parasol, endless knot, lotus blossom, victory banner, wheel, vase, carp, and conch shell. This badge is woven in tapestry, with a ground made from gold metal-wrapped thread and details rendered in multi-coloured silk floss. Ink is used for details and outlines.",,Gift of Sandy and Cécile Mactaggart
2005.5.186,Embroidered Brown Silk Dragon Robe,https://search.museums.ualberta.ca/21-19408,https://media.museums.ualberta.ca/UAAC/fullres/2005/2005_005_186_ve_s21-03v01.jpg,robe,Qing 19th-20th centuries,red-brown silk twill embroidered with silk and metal wrapped threads,overall: 140.8 cm x 159.5 cm; neck to hem: 140.8 cm; cuff to cuff: x 159.5 cm,unknown,,,Gift of Sandy and Cécile Mactaggart
2004.19.2.19,Album Leaf from Illustrations of Chinese Costumes,https://search.museums.ualberta.ca/21-19971,https://media.museums.ualberta.ca/UAAC/fullres/2004/2004_019_002_019_s21-10v01.jpg,album leaf,Qing 18th century,ink; paper,sheet: 17.2 cm x 28 cm; image: 11.4 cm x 18.5 cm,unknown,"This album leaf is a part of a 48-page album that depicts Chinese subjects participating in various aspects of daily life, including government business, daily life, cultural customs, modes of transportation, and corporal punishment. This leaf contains an ink and watercolour drawing of four porters carrying an official litter containing a high ranking passenger. The porters all wear mid-length black tunics over blue and black pants. They also wear brown coned hats with red tassels. The litter is enclosed, but with outlines of opening windows and a flower vase inside. The front of the litter is open to reveal that the passenger, likely an official, is wearing a long blue robe and black boots.",,Gift of Sandy and Cécile Mactaggart
2005.5.48,Silk Twill Uncut Facings for a Woman's Coat or Robe,https://search.museums.ualberta.ca/21-19270,https://media.museums.ualberta.ca/UAAC/bfw/2005/2005_005_048_ve_g02_s20-02v01.jpg,facings,Qing 19th century,silk twill; silk floss; silk; gold wrapped silk thread; embroidery,overall: 180.4 cm x 75 cm,unknown,,,Gift of Sandy and Cécile Mactaggart
2005.5.575,Front and Back Panels of a Rank Badge for a Fifth Rank Civil Official,https://search.museums.ualberta.ca/21-19797,https://media.museums.ualberta.ca/UAAC/bfw/2005/2005_005_575_002_re_s19-12v01.jpg,rank badge,Qing 19th century,metallic thread; ink; tapestry weave; linen; silk,,unknown,"Qing Period (1644-1911), Fifth Rank Civil Official (Silver Pheasant)

(source: John E. Vollmer & Jacqueline Simcox, ""Emblems of Empire: Selections from the Mactaggart Art Collection,"" (The University of Alberta Press and University of Alberta Museums, Edmonton, Alberta, 2009), p. 74.)",,Gift of Sandy and Cécile Mactaggart
2005.5.448,Five Uncut Embroidered Yellow Silk Cushion Covers,https://search.museums.ualberta.ca/21-19670,https://media.museums.ualberta.ca/UAAC/bfw/2005/2005_005_575_002_re_s19-12v01.jpg,cushion cover,Qing 19th century,gold wrapped silk thread; silk floss; silk satin; embroidery,,unknown,,,Gift of Sandy and Cécile Mactaggart
2004.19.3.3,Album Leaf from Insects,https://search.museums.ualberta.ca/21-20076,https://media.museums.ualberta.ca/UAAC/fullres/2004/2004_019_003_003_s21-03v01.jpg,album leaf,Qing 18th-19th centuries,ink; paper,sheet: 43.3 cm x 35.4 cm; image: 27.4 cm x 22.2 cm,unknown,A painting of two brown butterflies and a stem of white flowers.,,Gift of Sandy and Cécile Mactaggart
2004.19.47,Two Egrets on Reeds,https://search.museums.ualberta.ca/21-19112,https://media.museums.ualberta.ca/UAAC/fullres/2004/2004_019_003_003_s21-03v01.jpg,hanging scroll,Modern 20th century,ink on paper,sheet: 183.5 cm x 109.2 cm; image: 79.1 cm x 96.5 cm,Lin Fengmian,A hanging scroll painting of a landscape with two egrets standing in reeds.,Signed by Lin Fengmian and impressed with 1 artist seal.,Gift of Sandy and Cécile Mactaggart
2005.5.587,Front and Back Panels of a Rank Badge for a Ninth Rank Civil Official,https://search.museums.ualberta.ca/21-19809,https://media.museums.ualberta.ca/UAAC/bfw/2005/2005_005_587_002_re_s19-12v01.jpg,rank badge,Qing 19th-20th centuries,gold wrapped silk thread; linen; silk; silver wrapped silk thread; embroidery,,unknown,"Rank badges, always made in pairs, were placed on the front and back of surcoats in order to communicate their wearer’s rank during the Ming (1368-1644) and Qing dynasties (1644-1911). Different motifs were regulated by the imperial court, including bird motifs used only for civil officials, while beasts were used for military officials. The hierarchy of ranks within these categories was represented by specific birds and beasts. 
These rank badges feature a flycatcher, representing a ninth rank civil official. In the Ming Dynasty, the birds on rank badges were often presented in pairs in an upper and lower position. Later, in the Qing Dynasty, only one bird or beast was seen on rank badges. The bird perches on rocks, surrounded with bamboo and cherry blossoms. The badge is adorned with counted stitch embroidery on silk gauze.",,Gift of Sandy and Cécile Mactaggart
2005.5.327,Blue Silk Tapestry Weave Dragon Robe for a Man,https://search.museums.ualberta.ca/21-19549,https://media.museums.ualberta.ca/UAAC/fullres/2005/2005_005_327_ve_s21-03v01.jpg,robe,Qing 19th century,blue silk and metal-wrapped thread tapestry weave,overall: 142 cm x 236 cm; neck to hem: 142 cm; cuff to cuff: x 236 cm,unknown,,,Gift of Sandy and Cécile Mactaggart
2004.19.1.1.18,Album Leaf from Illustrations of Costumes from the Qianlong Court,https://search.museums.ualberta.ca/21-20204,https://media.museums.ualberta.ca/UAAC/fullres/2004/2004_019_001_001_018_s21-03v01.jpg,album leaf,Qing 18th century,ink; silk; paper,sheet: 42.2 cm x 40.8 cm; image: 25.2 cm x 17.2 cm,unknown,"This album leaf is part of a section of the illustrations of costumes from the Qianlong court, Huangchao liqi tushi (“The Regulations for the Ceremonial Paraphernalia of the [Qing] Dynasty”). In total there are 34 folios that depict costumes appropriate for the Empress Dowager or Empress to wear at the imperial court along with short descriptive captions. This is the left leaf of one folio (attached to 2004.19.1.19) and it contains four columns of regular script calligraphy describing the regulations of a summer court robe (chaopao), the first style for the empress dowager and empress. The text on this leaf continues on the attached right leaf.","襞積 緞紗單袷 各惟其時 餘俱如冬朝袍一 皇貴妃同 Translation of the Chinese text: ""[continuing from the right leaf, 2004.19.1.1.19]...[the robe] has pleats. The robe can be made of satin or gauze… 

													襞積 緞紗單袷 各惟其時 餘俱如冬朝袍一 皇貴妃同 Translation of the Chinese text: ""[continuing from the right leaf, 2004.19.1.1.19]...[the robe] has pleats. The robe can be made of satin or gauze and unlined or lined according to the season. The rest of the design is similar to the first style of winter robe. The first-rank imperial consort will have the same design.""
(Translated and transcribed by Lisa Claypool, Ed., China’s Imperial Modern: The Painter’s Craft, Edmonton, AB: University of Alberta Museums, 2012, p. 104; Modified by Isabel Pi-fen Chueh)
On the reverse of the piece ""(50)"" is handwritten in pencil on the upper right corner. 
Read More +",Gift of Sandy and Cécile Mactaggart
2005.5.300,Embroidered Red Silk Hanging,https://search.museums.ualberta.ca/21-19522,https://media.museums.ualberta.ca/UAAC/fullres/2005/2005_005_300_re_m01_s23-01v01.jpg,hanging,Qing 19th century,gold wrapped silk thread; silk damask; silk floss; silk satin; peacock feathers; sequins; embroidery,overall: 215 cm x 94.5 cm,unknown,,,Gift of Sandy and Cécile Mactaggart
2005.5.568,Front and Back Panels of a Rank Badge for a Fifth Rank Civil Official,https://search.museums.ualberta.ca/21-19790,https://media.museums.ualberta.ca/UAAC/bfw/2005/2005_005_568_002_re_s19-12v01.jpg,rank badge,Qing 19th century,gold wrapped silk thread; ink; linen; silk; silver wrapped silk thread; tapestry weave,,unknown,"Qing Period (1644-1911), Fifth Rank Civil Official (Silver Pheasant)

(source: John E. Vollmer & Jacqueline Simcox, ""Emblems of Empire: Selections from the Mactaggart Art Collection,"" (The University of Alberta Press and University of Alberta Museums, Edmonton, Alberta, 2009), p. 74.)",,Gift of Sandy and Cécile Mactaggart
2005.5.147.1,Embroidered Silk Hanging,https://search.museums.ualberta.ca/21-20828,https://media.museums.ualberta.ca/UAAC/fullres/2005/2005_005_147_001_re_s22-02v01.jpg,hanging,Qing 19th century,silk; silk brocade; silk floss; silk satin; silk twill; embroidery,overall: 197.5 cm x 70.9 cm,unknown,,,Gift of Sandy and Cécile Mactaggart
2005.5.20,Tiger Shaped Blue Silk Bib for a Child,https://search.museums.ualberta.ca/21-19242,https://media.museums.ualberta.ca/UAAC/bfw/2005/2005_005_020_op_s19-12v01.jpg,bib,Qing 19th century,blue silk damask embroidered with silk and metal-wrapped threads,overall: 62 cm x 43.7 cm,unknown,"A blue silk damask child's bib or collar, in the form of a tiger, embroidered in counted stitch and decorated with flowers and Daoist emblems including the Five Poisons.",,Gift of Sandy and Cécile Mactaggart
2005.5.435,Cut Velvet Silk,https://search.museums.ualberta.ca/21-19657,https://media.museums.ualberta.ca/UAAC/bfw/2005/2005_005_435_ve_g02_s20-02v01.jpg,yardage,Qing 19th century,muslin; silk cut velvet,overall: 64.1 cm x 350 cm,unknown,,,Gift of Sandy and Cécile Mactaggart
2005.5.87.7,Embroidered Silk Purse,https://search.museums.ualberta.ca/21-20908,https://media.museums.ualberta.ca/UAAC/bfw/2005/2005_005_087_007_ve_s20-02v01.jpg,purse,Qing 19th century,silk satin; embroidery; silk floss; cotton; gold wrapped silk thread; linen; plastic; silk damask; silk,overall: 23.7 cm x 9.5 cm x 1 cm,unknown,,,Gift of Sandy and Cécile Mactaggart
2005.5.364.1,Fragmentary Panel from an Imperial Robe,https://search.museums.ualberta.ca/21-20833,https://media.museums.ualberta.ca/UAAC/bfw/2005/2005_005_364_001_s19-12v01.jpg,panel,Qing 19th century,gold wrapped silk thread; silk; silk satin; silk tapestry weave,overall: 82.4 cm x 53.8 cm,unknown,,,Gift of Sandy and Cécile Mactaggart
2005.5.58,Pair of Embroidered Silk Sleeve Bands Mounted as a Panel,https://search.museums.ualberta.ca/21-19280,https://media.museums.ualberta.ca/UAAC/bfw/2005/2005_005_058_s19-12v01.jpg,panel,Qing 19th century,silk satin; silk; silk brocade; silk floss; embroidery,overall: 60.5 cm x 37.1 cm,unknown,,,Gift of Sandy and Cécile Mactaggart
2005.5.288,Two Embroidered Yellow Silk Sleeve Bands,https://search.museums.ualberta.ca/21-19510,https://media.museums.ualberta.ca/UAAC/bfw/2005/2005_005_288_ve_s20-02v01.jpg,sleeve band,Qing 19th century,silk floss; silk satin; silk twist,,unknown,,,Gift of Sandy and Cécile Mactaggart
2004.19.1.1.50,Album Leaf from Illustrations of Costumes from the Qianlong Court,https://search.museums.ualberta.ca/21-20259,https://media.museums.ualberta.ca/UAAC/fullres/2004/2004_019_001_001_050_s21-03v01.jpg,album leaf,Qing 18th century,ink; silk; paper,sheet: 42.2 cm x 40.8 cm; image: 28.5 cm x 26.5 cm,unknown,"This album leaf is part of a section of the illustrations of costumes from the Qianlong court, Huangchao liqi tushi (“The Regulations for the Ceremonial Paraphernalia of the [Qing] Dynasty”). In total there are 34 folios that depict costumes appropriate for the Empress Dowager or Empress to wear at the imperial court along with short descriptive captions. This is the left leaf of one folio (attached to 2004.19.1.51) depicting the back of a vest.",On the reverse of the piece "(18)" is handwritten in pencil on the upper right corner.,Gift of Sandy and Cécile Mactaggart
2004.19.15.1,"Qianlong Emperor's Southern Inspection Tour, Scroll Two: Crossing the Grand Canal at Dezhou",https://search.museums.ualberta.ca/21-20520,https://media.museums.ualberta.ca/UAAC/bfw/2004/2004_019_015_001_d12_s20-02v01.jpg,handscroll,Qing 18th century,ink and colour on silk,sheet: 72.6 cm x 2433.1 cm; image: 68.9 cm x 1690.3 cm; rolled: 11.2 cm x 72.6 cm x 10.2 cm,Xu Yang,"Emperor Qianlong (r.1735-1799) commissioned court artist Xu Yang to document his 1751 southern inspection tour with a pictorial record, painted onto 12 handscrolls and completed in 1770. This painting is the second scroll of 12 and it depicts the royal procession traveling along the Grand Canal after leaving Beijing, about to enter the city of Dezhou in Shandong province.
The handscroll is quite large, measuring 68.5 x 1686.5 cm, and is viewed from right to left. The painting begins with a poetry inscription by Yu Mingzhong (1714-1779) and has two small seals after his signature. Seven of Emperor Qianlong's seals are impressed on the scroll at the beginning of the painting, including three big square red seals. 
On the right side of the scroll, the painting features the emperor's escorts and procession. They are crossing the Grand Canal on a floating bridge, surrounded by crowds of local officials and other inhabitants kneeling on either shore, welcoming the Emperor’s procession.
Further along in Dezhou, we see officials and other residents anticipating the Emperor’s arrival, as well as architecture and daily life activities in the 18th century. After Dezhou, moving left along the scroll, we see the suburbs outside of the town. Several mounted officers, some of them pulling carts, seem to be part of an advanced imperial entourage going ahead to scout the path for Qianlong Emperor’s smooth journey (Tsang, Ka bo, 2008).
At the left end of the picture impressed a small rectangular red seal by the collector Jin Cheng (1879-1926). The seal inscribes six characters as “Jin Gong Bo jing jian yin.” The handscroll has an original carved jade clasp inscribed with the names of Emperor Qianlong, the artist Xu Yang, and the title of the handscroll.","There is an inscription by Yu Minzhong (1714-1779), and another inscription of  a poem by the Emperor Qianlong. The scroll is impressed with seven seals of the emperor and has the original jade scroll clasp that is…												

													There is an inscription by Yu Minzhong (1714-1779), and another inscription of  a poem by the Emperor Qianlong. The scroll is impressed with seven seals of the emperor and has the original jade scroll clasp that is inscribed with the artist's name as well the title of the painting.												
Read More +",Gift of Sandy and Cécile Mactaggart
2004.19.75.1,"Kangxi Emperor's Southern Inspection Tour, Scroll Seven: Wuxi to Suzhou",https://search.museums.ualberta.ca/21-20555,https://media.museums.ualberta.ca/UAAC/bfw/2004/2004_019_075_001_d21_s20-02v01.jpg,handscroll,Qing 17th century,ink and colour on silk,sheet: 68.8 cm x 2932.4 cm; image: 67.7 cm x 2220 cm,Wang Hui,"Emperor Kangxi (r.1661-1722), the third monarch of the Qing Dynasty, made six tours to southern China from 1684 to 1707. He commissioned imperial artist Wang Hui (1632-1717) to document the second tour in 12 handscrolls. This painting is the seventh scroll of the series, which depicts the route from Wuxi to Suzhou during the Emperor’s second tour in 1689.
The front fringe of the mounted scroll has one label with three parts: “the picture of the southern inspection tour” (nan-xun-tu), “the seventh scroll “ (di-qi juan), and “the route from Wuxi county to the emperor’s accommodation at Suzhou’s official residence” (zi-wuxi-xian zhubi suzhou-fu). At the beginning of the handscroll, which is viewed from right to left, a poetry inscription, titled “Reverence picture of the seventh scroll”, describes people welcoming the Emperor’s procession along the route. The poetry also honours Emperor Kangxi for his mercy and granting tax waivers to the Suzhou people. The scroll bears no red seals.
Following the inscription, the painting begins with the countryside scenery of Qingyuan, Huishan temple, and Xishan. Further along, we see Wuxi county with boats on the river and busy streets along the canal. Afterwards, the scenery shows Xin-an, Hu-shu-guan (a bustling city with cargo ships and tax collecting near the Grand Canal), Shan-tang, and Hu-Qiu. In all of these places there is flourishing urban life, both on the streets and the river. Following these cities, we see Chanmen (the Chan gate) of Suzhou and the Emperor’s procession in ships surrounded by a welcoming parade on the dock. The scene moves into the city of Suzhou, showing the busy streets with decorations and the gathering crowds anticipating the Emperor’s arrival. Further to the left, near the end of the painting, we see the Suzhou Weaving Office, which is preparing for the Emperor’s arrival.",The colophon is inscribed with a description of the events depicted on the scroll.,Gift of Sandy and Cécile Mactaggart
2005.5.147.2,Embroidered Silk Hanging,https://search.museums.ualberta.ca/21-20829,https://media.museums.ualberta.ca/UAAC/fullres/2005/2005_005_147_002_re_s22-02v01.jpg,hanging,Qing 19th century,silk; silk brocade; silk floss; silk satin; silk twill; embroidery,overall: 197.5 cm x 70.7 cm,unknown,,,Gift of Sandy and Cécile Mactaggart
2005.5.280.2,Embroidered Red Silk Yardage for a Woman's Informal Robe,https://search.museums.ualberta.ca/21-20953,https://media.museums.ualberta.ca/UAAC/fullres/2005/2005_005_280_002_ve_s22-02v01.jpg,yardage,Qing 20th century,silk floss; silk twill; embroidery,overall: 137 cm x 77.1 cm,unknown,,,Gift of Sandy and Cécile Mactaggart
2005.5.185,Embroidered Blue Silk Dragon Robe for a Man,https://search.museums.ualberta.ca/21-19407,https://media.museums.ualberta.ca/UAAC/fullres/2005/2005_005_185_ve_s21-03v01.jpg,robe,Qing 20th century,"blue silk twill embroidered with silk, metal-wrapped and peacock feather-wrapped threads",overall: 142 cm x 213 cm; neck to hem: 142 cm; cuff to cuff: x 213 cm,unknown,,,Gift of Sandy and Cécile Mactaggart
2004.19.85.4,Outer Box for Green Bamboo and Old Trees,https://search.museums.ualberta.ca/21-20568,https://media.museums.ualberta.ca/UAAC/full/2004/19-85-4_1.jpg,box,Qing 17th century,wood,overall: 9.3 cm x 9.2 cm x 33.1 cm,unknown,Outer storage box for handscroll.,,Gift of Sandy and Cécile Mactaggart
2005.5.487,Embroidered Cream Silk Cushion Cover,https://search.museums.ualberta.ca/21-19709,https://media.museums.ualberta.ca/UAAC/fullres/2005/2005_005_487_ve_s21-03v01.jpg,cushion cover,Qing 19th century,gold wrapped silk thread; silk damask; silk gauze; silk twill; silk twist; embroidery,overall: 248 cm x 169.9 cm,unknown,,,Gift of Sandy and Cécile Mactaggart
2005.5.26,Blue Silk Table Frontal,https://search.museums.ualberta.ca/21-19248,https://media.museums.ualberta.ca/UAAC/fullres/2005/2005_005_026_re_op_s23-01v01.jpg,table frontal,Qing 18th century,silk brocade; silk satin; gold wrapped silk thread; silk noil; twill tape,overall: 94.5 cm x 96 cm,unknown,,,Gift of Sandy and Cécile Mactaggart
2005.5.410.2,Red and Blue Silk Velvet Chair Cover,https://search.museums.ualberta.ca/21-20796,https://media.museums.ualberta.ca/UAAC/bfw/2005/2005_005_410_002_ve_g02_s20-02v01.jpg,chair cover,Qing 19th-20th centuries,silk cut velvet; silk damask,overall: 156.3 cm x 51.5 cm,unknown,,,Gift of Sandy and Cécile Mactaggart
2005.5.243,Silk Tapestry Weave Fragment from a Hanging,https://search.museums.ualberta.ca/21-19465,https://media.museums.ualberta.ca/UAAC/bfw/2005/2005_005_243_ve_s20-02v01.jpg,fragment,Qing 19th century,silk; tapestry weave; gold wrapped silk thread,overall: 72 cm x 37.5 cm,unknown,,,Gift of Sandy and Cécile Mactaggart
2005.5.547.2,Back Panel of a Rank Badge for a Fourth Rank Civil Official,https://search.museums.ualberta.ca/21-20617,https://media.museums.ualberta.ca/UAAC/bfw/2005/2005_005_547_002_ve_s19-12v01.jpg,rank badge,Qing 19th-20th centuries,gold wrapped silk thread; linen; silk; silk floss; silver wrapped silk thread; embroidery,overall: 29.2 cm x 30.5 cm,unknown,"Rank badges, always made in pairs, were placed on the front and back of surcoats in order to communicate their wearer’s rank during the Ming (1368-1644) and Qing dynasties (1644-1911). Different motifs were regulated by the imperial court, including bird motifs used only for civil officials while beasts were used for military officials. The hierarchy of ranks within these categories was represented by specific birds and beasts. This pair of rank badges features a goose, which represents the fourth rank of a civil official.
The front badge is made into two separate panels to accommodate the front opening of a surcoat, while the back badge is made in one piece. The patterns on the front and back badges are identical. This rank badge pair was decorated with counted stitch embroidery made from polychrome silk floss and metal-wrapped threads. In the center of the badge is a goose standing on rocks and surrounded by waves. The bird is looking toward a red sun at the upper left corner. Blue curvilinear clouds fill the background of the top of the badge, while interlinked ruyi clouds form a line underneath the waves. The bottom shows diagonal stripes, representing standing water, woven in two-toned metal-wrapped threads. The Eight Buddhist Treasures are scattered throughout, including the parasol, canopy, endless knot and lotus in the sky, and the vase, fish, conch, and wheel in the waves. The border of the badge features black embroidery with bats (which represent fortune) and longevity characters.",,Gift of Sandy and Cécile Mactaggart
2005.5.217,Silk Brocade Fragmentary Panel,https://search.museums.ualberta.ca/21-19439,https://media.museums.ualberta.ca/UAAC/bfw/2005/2005_005_217_s19-12v01.jpg,panel,Qing 20th century,silk; silk brocade; silk satin,overall: 75.1 cm x 66.1 cm,unknown,,,Gift of Sandy and Cécile Mactaggart
2005.5.239,Front and Back Panels of Silk Tapestry Weave Military Roundels,https://search.museums.ualberta.ca/21-19461,https://media.museums.ualberta.ca/UAAC/fullres/2005/2005_005_239_002_re_s23-03v01.jpg,rank badge,Qing 17th century,gold wrapped silk thread; peacock feathers; silk; silk tapestry weave,,unknown,,,Gift of Sandy and Cécile Mactaggart
2005.5.509,Embroidered Cream Silk Sleeve Bands,https://search.museums.ualberta.ca/21-19731,https://media.museums.ualberta.ca/UAAC/bfw/2005/2005_005_509_s19-12v01.jpg,sleeve band,Qing 19th century,gold wrapped silk thread; silk; silk brocade ribbon; silk floss; silk satin; embroidery,overall: 63.3 cm x 32.3 cm,unknown,,,Gift of Sandy and Cécile Mactaggart
2005.5.581,Front Panel of a Rank Badge for a Seventh Rank Civil Official,https://search.museums.ualberta.ca/21-19803,https://media.museums.ualberta.ca/UAAC/bfw/2005/2005_005_581_ve_s19-12v01.jpg,rank badge,Qing 19th century,gold wrapped silk thread; silk; embroidery,,unknown,"Qing Period (1644-1911), Seventh Rank Civil Official (Mandarin Duck)

(source: John E. Vollmer & Jacqueline Simcox, ""Emblems of Empire: Selections from the Mactaggart Art Collection,"" (The University of Alberta Press and University of Alberta Museums, Edmonton, Alberta, 2009), p. 74.)",,Gift of Sandy and Cécile Mactaggart
2005.5.607.2,Back Panel of a Rank Badge for a Fifth Rank Civil Official,https://search.museums.ualberta.ca/21-20767,https://media.museums.ualberta.ca/UAAC/bfw/2005/2005_005_607_002_ve_s19-12v01.jpg,rank badge,Qing 19th century,silk floss; silk gauze; silk satin; embroidery,overall: 29 cm x 29.4 cm,unknown,"Qing Period (1644-1911), Fifth Rank Civil Official (Silver Pheasant)

(source: John E. Vollmer & Jacqueline Simcox, ""Emblems of Empire: Selections from the Mactaggart Art Collection,"" (The University of Alberta Press and University of Alberta Museums, Edmonton, Alberta, 2009), p. 74.)",,Gift of Sandy and Cécile Mactaggart
2005.5.621.3,Peacock Feather,https://search.museums.ualberta.ca/21-21037,https://media.museums.ualberta.ca/UAAC/bfw/2005/2005_005_621_003_re_s20-02v01.jpg,feather,Qing 19th century,peacock feather; cotton; silk floss; jade,overall: 41 cm x 10 cm,unknown,"This feather is intended to be attached to a Qing official’s hat (2005.5.621.2). In the early Qing dynasty, Emperor Qianlong bestowed the feather upon military officials, but it later became a general honor for other officials as well. The peacock feather is wrapped with long animal hairs at the base and inserted into carved green jade.",,Gift of Sandy and Cécile Mactaggart
2004.19.1.1.58,Album Leaf from Illustrations of Costumes from the Qianlong Court,https://search.museums.ualberta.ca/21-20267,https://media.museums.ualberta.ca/UAAC/fullres/2004/2004_019_001_001_058_s21-03v01.jpg,album leaf,Qing 18th century,ink; silk; paper,sheet: 42.2 cm x 40.8 cm; image: 28.4 cm x 13.1 cm,unknown,"This album leaf is part of a section of the illustrations of costumes from the Qianlong court, Huangchao liqi tushi (“The Regulations for the Ceremonial Paraphernalia of the [Qing] Dynasty”). In total there are 34 folios that depict costumes appropriate for the Empress Dowager or Empress to wear at the imperial court along with short descriptive captions. This is the left leaf of one folio (attached to 2004.19.1.59) depicting one side of a formal court crown.  There is a paper label attached at the bottom centre that describes the arrangement of pearls.","Handwritten in pencil on a small piece of paper pasted onto the silk, bottom center: ""Head dress/324 Oriental pearls [and] in every string of/great(?) pearls there is to be one in the middle.""
On the reverse of the… 

Handwritten in pencil on a small piece of paper pasted onto the silk, bottom center: ""Head dress/324 Oriental pearls [and] in every string of/great(?) pearls there is to be one in the middle.""
On the reverse of the piece ""(10)"" is handwritten in pencil on the upper right corner. 
Read More +",Gift of Sandy and Cécile Mactaggart
2005.5.492,Embroidered Red Silk Fragmentary Panel from a Dragon Robe,https://search.museums.ualberta.ca/21-19714,https://media.museums.ualberta.ca/UAAC/full/2005/05_005_492s01v01.jpg,panel,Qing 19th century,gold wrapped silk thread; silk brocade; silk floss; silk satin; embroidery,overall: 141.7 cm x 82.5 cm,unknown,,,Gift of Sandy and Cécile Mactaggart
2004.19.43,Lilies,https://search.museums.ualberta.ca/21-19108,https://media.museums.ualberta.ca/UAAC/fullres/2004/2004_019_043_m01_s22-02v01.jpg,hanging scroll,Modern 20th century,ink and colour on paper,sheet: 230.5 cm x 55.6 cm; image: 88 cm x 39.8 cm,Gao Jianfu,A hanging scroll painting of red lilies.,Signed by Jianfu and impressed with 2 artist seals.,Gift of Sandy and Cécile Mactaggart
2004.19.34,Studying in the River Village,https://search.museums.ualberta.ca/21-19099,https://media.museums.ualberta.ca/UAAC/bfw/2004/2004_019_034_m01_s20-02v01.jpg,hanging scroll,Qing 17th century,ink and colour on silk,sheet: 235.6 cm x 69.4 cm; image: 132.6 cm x 52.9 cm,Wang Hui,A hanging scroll painting of buildings in a river landscape.,"Signed by Wang Hui Zhi and impressed with 4 artist seals.  There is an inscription by Hong Wu, dated 1796.",Gift of Sandy and Cécile Mactaggart
2004.19.1.1.56,Album Leaf from Illustrations of Costumes from the Qianlong Court,https://search.museums.ualberta.ca/21-20265,https://media.museums.ualberta.ca/UAAC/fullres/2004/2004_019_001_001_056_s21-03v01.jpg,album leaf,Qing 18th century,ink; silk; paper,sheet: 42.2 cm x 40.8 cm; image: 29.6 cm x 16.4 cm,unknown,"This album leaf is part of a section of the illustrations of costumes from the Qianlong court, Huangchao liqi tushi (“The Regulations for the Ceremonial Paraphernalia of the [Qing] Dynasty”). In total there are 34 folios that depict costumes appropriate for the Empress Dowager or Empress to wear at the imperial court along with short descriptive captions. This is the left leaf of one folio (attached to 2004.19.1.57) and it contains three columns of regular script calligraphy describing regulations for a summer diadem (chaoguan) for the empress dowager and empress. The text continues from the attached right leaf.","皇后夏朝冠 青絨為之 餘俱如東朝冠 Translation of the Chinese text: ""[continuing from the right leaf, 2004.19.1.1.57]...The summer court hat of the Empress Dowager and Empress is made of blue velvet, and… 

													皇后夏朝冠 青絨為之 餘俱如東朝冠 Translation of the Chinese text: ""[continuing from the right leaf, 2004.19.1.1.57]...The summer court hat of the Empress Dowager and Empress is made of blue velvet, and other ornamentation is like that on the winter court hat.""
(Translated and transcribed by Lisa Claypool, Ed., China’s Imperial Modern: The Painter’s Craft, Edmonton, AB: University of Alberta Museums, 2012, p. 102)
On the reverse of the piece ""(12)"" is handwritten in pencil on the upper right corner. 
Read More +",Gift of Sandy and Cécile Mactaggart
2004.19.25,Plum Blossom,https://search.museums.ualberta.ca/21-19090,https://media.museums.ualberta.ca/UAAC/fullres/2004/2004_019_025_d01_s22-02v01.jpg,hanging scroll,Qing 18th century,ink on paper,sheet: 228 cm x 61.1 cm; image: 119.7 cm x 35 cm,Luo Ping,A hanging scroll painting of branches of plum blossoms.,Signed by Liang Fengzi Luo Ping and impressed with 8 artist seals.  The scroll has two inscriptions written by the artist and is impressed with 1 collector's seal.,Gift of Sandy and Cécile Mactaggart
2005.5.560.1.1,Right Side of the Front Panel of a Rank Badge for a Fourth Rank Civil Official,https://search.museums.ualberta.ca/21-20645,https://media.museums.ualberta.ca/UAAC/fullres/2004/2004_019_025_d01_s22-02v01.jpg,rank badge,Qing 19th century,linen; silk,overall: 30 cm x 15.2 cm,unknown,,,Gift of Sandy and Cécile Mactaggart
2005.5.428,Yellow Silk Brocade,https://search.museums.ualberta.ca/21-19650,https://media.museums.ualberta.ca/UAAC/bfw/2005/2005_005_428_ve_g02_s20-02v01.jpg,yardage,Qing 18th century,gold wrapped silk thread; silk brocade,overall: 52.8 cm x 268 cm,unknown,,,Gift of Sandy and Cécile Mactaggart
2005.5.583.2,Back Panel of a Rank Badge for a Seventh Rank Civil Official,https://search.museums.ualberta.ca/21-20676,https://media.museums.ualberta.ca/UAAC/bfw/2005/2005_005_583_002_ve_s19-12v01.jpg,rank badge,Qing 19th century,linen; silk; tapestry weave,overall: 28.4 cm x 30.9 cm,unknown,"Qing Period (1644-1911), Seventh Rank Civil Official (Mandarin Duck)

(source: John E. Vollmer & Jacqueline Simcox, ""Emblems of Empire: Selections from the Mactaggart Art Collection,"" (The University of Alberta Press and University of Alberta Museums, Edmonton, Alberta, 2009), p. 74.)",,Gift of Sandy and Cécile Mactaggart
2005.5.377,Green Silk Damask Informal Winter Robe for a Woman,https://search.museums.ualberta.ca/21-19599,https://media.museums.ualberta.ca/UAAC/bfw/2005/2005_005_377_ve_s20-02v01.jpg,robe,Qing 19th century,green-blue silk damask with off-white silk satin sleeve bands embroidered with silk and metal-wrapped threads,overall: 130 cm x 126.5 cm,unknown,,,Gift of Sandy and Cécile Mactaggart
2010.20.1.1.1,"Magnificent Record of the Southern Tours, volume 1",https://search.museums.ualberta.ca/21-23676,https://media.museums.ualberta.ca/UAAC/bfw/2010/2010_020_001_001_001_s20-02v01.jpg,book,,"printed woodblock, thread binding",overall: 29.8 cm x 18.5 cm x 1.1 cm,Gao Jin,"One volume from the Yuzhi nanxun shengdian [Magnificent Record of the Southern Tours], edited by Gao Jin et al. Volume 1. Preface by the Emperor, memorial to emperor, notes on the use of a book, table of contents. Volume 1 Enlun [Gracious words of the Qianlong emperor] Woodblock printed, thread binding.",,Gift of Sandy and Cécile Mactaggart
2005.5.197,Embroidered Red Silk Robe for a Woman,https://search.museums.ualberta.ca/21-19419,https://media.museums.ualberta.ca/UAAC/fullres/2005/2005_005_197_ve_s21-03v01.jpg,robe,Qing 19th century,red silk satin embroidered with silk and metal-wrapped threads,overall: 140 cm x 200 cm; neck to hem: 140 cm; cuff to cuff: x 200 cm,unknown,,,Gift of Sandy and Cécile Mactaggart
2005.5.562.2,Back Panel of a Rank Badge for a Fourth Rank Civil Official,https://search.museums.ualberta.ca/21-20721,https://media.museums.ualberta.ca/UAAC/bfw/2005/2005_005_562_002_ve_s19-12v01.jpg,rank badge,Qing 19th century,copper-wrapped silk thread; gold wrapped silk thread; ink; tapestry weave; linen; silk; silver wrapped silk thread,overall: 27.2 cm x 30.1 cm,unknown,"Qing Period (1644-1911), Fourth Rank Civil Official (Wild Goose)

(source: John E. Vollmer & Jacqueline Simcox, ""Emblems of Empire: Selections from the Mactaggart Art Collection,"" (The University of Alberta Press and University of Alberta Museums, Edmonton, Alberta, 2009), p. 74.)",,Gift of Sandy and Cécile Mactaggart
2004.19.2.5,Album Leaf from Illustrations of Chinese Costumes,https://search.museums.ualberta.ca/21-19949,https://media.museums.ualberta.ca/UAAC/fullres/2004/2004_019_002_005_s21-10v01.jpg,album leaf,Qing 18th century,ink; paper,sheet: 17.2 cm x 28 cm; image: 10.8 cm x 16.8 cm,unknown,"This album leaf is a part of a 48-page album that depicts Chinese subjects participating in various aspects of daily life, including government business, daily life, cultural customs, modes of transportation, and corporal punishment. The ink and watercolour scene on this leaf shows a man (the “thief”) being punished with a large stick, possibly made of bamboo, by three officials. Two of the officials hold the man on the ground, where he is being struck on his buttocks by a third official. The officials wear hats with red tassels and small finials, which are a typical part of officials’ costumes in the Qing dynasty. The man being punished has the top and sides of his head completely shaved with a long braid down the back (a “queue”), which was a regulated Manchu hairstyle during the Qing dynasty.",,Gift of Sandy and Cécile Mactaggart
2005.5.366,Embroidered Plum Silk Yardage for a Woman's Informal Robe,https://search.museums.ualberta.ca/21-19588,https://media.museums.ualberta.ca/UAAC/fullres/2005/2005_005_366_re_op_s21-03v01.jpg,yardage,Qing 20th century,silk floss; silk gauze; embroidery,overall: 298.5 cm x 222.5 cm,unknown,,,Gift of Sandy and Cécile Mactaggart
2005.5.592.2,Back Panel of a Rank Badge for a Third Rank Military Official,https://search.museums.ualberta.ca/21-20695,https://media.museums.ualberta.ca/UAAC/fullres/2005/2005_005_592_002_ve_s23-03v01.jpg,rank badge,Qing 19th century,silk and metal-wrapped thread tapestry weave with ink,overall: 26.9 cm x 30.1 cm,unknown,"Rank badges, always made in pairs, were placed on the front and back of surcoats in order to communicate their wearer’s rank during the Ming (1368-1644) and Qing dynasties (1644-1911). Different motifs were regulated by the imperial court, including bird motifs used only for civil officials while beasts were used for military officials. The hierarchy of ranks within these categories was represented by specific birds and beasts. This pair of rank badges features a leopard rendered in tapestry weave with details painted with ink, representing a third rank military official. The leopard is identified by its spots, which look like geometric marks throughout its body, and green eyebrows, which are typical in the late Qing dynasty. The front badge is made into two separate panels to accommodate the front opening of a surcoat, while the back badge is made in one piece. The patterns on the front and back badges are identical. The leopard is positioned in the center of the badge, surrounded by clouds, small white flowers, bats, and other auspicious symbols. Select details are highlighted with metal-wrapped threads, including the standing water waves below the leopard. The position of the sun on the right side of the badge indicates that the wearer was a woman, likely the spouse of a military official. The border features show characters and bats, which are symbols of luck.",,Gift of Sandy and Cécile Mactaggart
2005.5.84.2,Embroidered Silk Wedding Skirt Composed of a Series of Ribbons,https://search.museums.ualberta.ca/21-20879,https://media.museums.ualberta.ca/UAAC/bfw/2005/2005_005_084_002_op_re_s19-12v01.jpg,skirt,Qing 19th century,silk damask embroidered with silk and metal-wrapped threads,overall: 113.5 cm x 82.3 cm,unknown,"A Wedding Skirt composed of a series of ribbons, each with a pendant metal bell.",,Gift of Sandy and Cécile Mactaggart
2010.20.1.1.2,"Magnificent Record of the Southern Tours, volume 2, chapters 2 to 4",https://search.museums.ualberta.ca/21-23677,https://media.museums.ualberta.ca/UAAC/bfw/2010/2010_020_001_001_002_s20-02v01.jpg,book,,"printed woodblock, thread binding",overall: 29.9 cm x 18.6 cm x 0.9 cm,Gao Jin,"One volume from the Yuzhi nanxun shengdian [Magnificent Record of the Southern Tours], edited by Gao Jin et al. Chapters 2 to 4. Volume 2 Enlun [Gracious words of the Qianlong emperor]. Woodblock printed, thread binding.",,Gift of Sandy and Cécile Mactaggart
2004.19.72.12,Album Leaf from Figures in River Landscapes,https://search.museums.ualberta.ca/21-20446,https://media.museums.ualberta.ca/UAAC/fullres/2004/2004_019_072_012_s21-03v01.jpg,album leaf,Qing 18th century,ink and colour on paper,,Wang Gai,"This is the twelfth leaf from the Figures in River Landscape album by Wang Gai (1677-1705), which is painted with ink and colour on paper. Each leaf contains a landscape, which was painted in situ by Wang Gai. Repeating themes throughout the album include figures immersed in the natural environment, which reflects the literati’s yearning and nostalgia.
In this scene there are several mountain peaks around a body of water, which is painted with a dark ink wash rather than negative space, as done in other leaves in this album. There are two faintly-painted figures hiking on the mountain trail in the bottom left corner. Partially-hidden cottages are included along the shoreline and there is dense foliage dotted amongst the rocks and landscape.",,Gift of Sandy and Cécile Mactaggart
2004.19.38.10,Album Leaf from Album of Figures,https://search.museums.ualberta.ca/21-20409,https://media.museums.ualberta.ca/UAAC/fullres/2004/2004_019_038_010_s21-10v01.jpg,album leaf,Qing 19th century,ink and colour on paper,,Ren Yi,"This album leaf is one of thirteen inscriptions in Ren Yi’s Album of Figures, featuring a four-line poem with seven characters per line. The poem was written in cursive script by Taixi (1899–1989) and later attached to Ren Yi’s paintings. The text is associated with the imagery on the album leaf attached beneath it (2004.19.38.11).",,Gift of Sandy and Cécile Mactaggart
2010.20.1.3.6,"Magnificent Record of the Southern Tours, volume 18, chapters 45-46",https://search.museums.ualberta.ca/21-23696,https://media.museums.ualberta.ca/UAAC/bfw/2010/2010_020_001_003_006_s20-02v01.jpg,book,,"printed woodblock, thread binding",overall: 29.8 cm x 20.5 cm,Gao Jin,"One set of the Yuzhi nanxun shengdian [Magnificent Record of the Southern Tours], edited by Gao Jin et al. Volume 18, Chapter 45-46. Hefang [River conservation]. Woodblock printed, thread binding.",,Gift of Sandy and Cécile Mactaggart
2004.19.31.2,Storage Bag for Orchids,https://search.museums.ualberta.ca/21-20515,https://media.museums.ualberta.ca/UAAC/bfw/2010/2010_020_001_003_006_s20-02v01.jpg,bag,Qing 17th-18th centuries,,,unknown,Storage bag for hanging scroll.,,Gift of Sandy and Cécile Mactaggart
2005.5.512.2,Embroidered Cream Silk Sleeve Bands,https://search.museums.ualberta.ca/21-20806,https://media.museums.ualberta.ca/UAAC/bfw/2005/2005_005_512_002_s19-12v01.jpg,sleeve band,Qing 19th century,silk; silk brocade; silk satin; embroidery,overall: 37.3 cm x 69.1 cm,unknown,,,Gift of Sandy and Cécile Mactaggart
2005.5.635,Embroidered Black Silk Jacket for a Woman,https://search.museums.ualberta.ca/21-19857,https://media.museums.ualberta.ca/UAAC/bfw/2005/2005_005_635_ve_s20-02v01.jpg,jacket,Qing 19th century,black silk satin edged with blue silk satin facings embroidered with silk and metal-wrapped threads,overall: 99.5 cm x 135.6 cm,unknown,,,Gift of Sandy and Cécile Mactaggart
2005.5.2,Blue Silk Tapestry Weave Jacket for a Woman,https://search.museums.ualberta.ca/21-19224,https://media.museums.ualberta.ca/UAAC/bfw/2005/2005_005_002_op_s19-12v01.jpg,jacket,Qing 19th century,blue silk and metal-wrapped thread tapestry weave,overall: 56.4 cm x 136.5 cm; neck to hem: 56.4 cm; cuff to cuff: x 136.5 cm,unknown,,,Gift of Sandy and Cécile Mactaggart
2005.5.12,Fragment of Tapestry Weave Yardage,https://search.museums.ualberta.ca/21-19234,https://media.museums.ualberta.ca/UAAC/bfw/2005/2005_005_012_s19-12v01.jpg,panel,Ming 15th-16th centuries,silk tapestry weave; organza,overall: 87.5 cm x 57.5 cm,unknown,"A tapestry weave (kesi) fragment of a wall-hanging that depicts a four-clawed dragon (mang) climbing the clouds. This symbolizes aspirations for a successful career. In the background are waves, mountains, clouds, and a flaming pearl.",,Gift of Sandy and Cécile Mactaggart
2005.5.469,Embroidered Blue Silk Yardage for an Informal Jacket,https://search.museums.ualberta.ca/21-19691,https://media.museums.ualberta.ca/UAAC/fullres/2005/2005_005_469_ve_s22-02v01.jpg,yardage,Qing 19th century,silk floss; silk satin; embroidery,overall: 158.7 cm x 77.7 cm,unknown,,,Gift of Sandy and Cécile Mactaggart
2005.5.581.1,Right Side of the Front Panel of a Rank Badge for a Seventh Rank Civil Official,https://search.museums.ualberta.ca/21-20706,https://media.museums.ualberta.ca/UAAC/ppt/2009/09_002_001s01v01p04.jpg,rank badge,Qing 19th century,gold wrapped silk thread; silk; embroidery,overall: 26.5 cm x 14.4 cm,unknown,,,Gift of Sandy and Cécile Mactaggart
2005.5.379.2,Embroidered Blue Silk Sleeve Band,https://search.museums.ualberta.ca/21-20955,https://media.museums.ualberta.ca/UAAC/bfw/2005/2005_005_379_002_ve_s20-02v01.jpg,sleeve band,Qing 18th-19th centuries,silk brocade; silk floss; embroidery; paper,overall: 46.5 cm x 11 cm,unknown,,,Gift of Sandy and Cécile Mactaggart
2004.19.3.13,Album Leaf from Insects,https://search.museums.ualberta.ca/21-20086,https://media.museums.ualberta.ca/UAAC/fullres/2004/2004_019_003_013_s21-03v01.jpg,album leaf,Qing 18th-19th centuries,ink; paper,sheet: 35.3 cm x 43.5 cm; image: 21.5 cm x 20.7 cm,unknown,"A painting of a green dragonfly, two butterflies, one beetle and one spider.",,Gift of Sandy and Cécile Mactaggart
2005.5.579,Back Panel of a Rank Badge for a Fifth Rank Civil Official,https://search.museums.ualberta.ca/21-19801,https://media.museums.ualberta.ca/UAAC/bfw/2005/2005_005_579_ve_s19-12v01.jpg,rank badge,Qing 19th-20th centuries,embroidery; copper-wrapped silk thread; gold wrapped silk thread; silk; silk floss; silk satin; silver wrapped silk thread; silk sateen,overall: 27.7 cm x 30.3 cm,unknown,"Qing Period (1644-1911), Fifth Rank Civil Official (Silver Pheasant)

(source: John E. Vollmer & Jacqueline Simcox, ""Emblems of Empire: Selections from the Mactaggart Art Collection,"" (The University of Alberta Press and University of Alberta Museums, Edmonton, Alberta, 2009), p. 74.)",,Gift of Sandy and Cécile Mactaggart
2004.19.2.25,Album Leaf from Illustrations of Chinese Costumes,https://search.museums.ualberta.ca/21-20006,https://media.museums.ualberta.ca/UAAC/fullres/2004/2004_019_002_025_s21-10v01.jpg,album leaf,Qing 18th century,ink; paper,sheet: 17.2 cm x 28 cm; image: 11.5 cm x 18.2 cm,unknown,"This album leaf is a part of a 48-page album that depicts Chinese subjects participating in various aspects of daily life, including government business, daily life, cultural customs, modes of transportation, and corporal punishment. This leaf contains an ink and watercolour depiction of two male figures. The man on the left wears a full-length blue robe, a tall brown brimmed hat with a tassel and black boots. He is holding a large book or collection of documents with a red tassel and a symbol on the front. The man on the right is wearing a short red vest over a long red robe and black boots, He has ornate headwear and a sword with a wide and long blade.",,Gift of Sandy and Cécile Mactaggart
2005.5.387,Embroidered Cream Silk Circular Fan and Cover,https://search.museums.ualberta.ca/21-19609,https://media.museums.ualberta.ca/UAAC/bfw/2005/2005_005_387_ve_s20-02v01.jpg,fan,Qing 19th century,silk; silk brocade; silk floss; silk satin; ivory; polyester,,unknown,,,Gift of Sandy and Cécile Mactaggart
2004.19.75.2,"Box for Kangxi Emperor's Southern Inspection Tour, Scroll Seven: Wuxi to Suzhou",https://search.museums.ualberta.ca/21-20556,https://media.museums.ualberta.ca/UAAC/bfw/2004/2004_019_075_002_side_1_s20-02v01.jpg,box,Qing 17th century,lacquer,overall: 17.5 cm x 78.7 cm x 19.9 cm,unknown,"This carved black lacquer box with gold details was made to store the Kangxi Emperor’s Southern Inspection Tour, Scroll Seven (2004.19.75.1) by Wang Hui (1632-1717). The box consists of a lower container, decorated with gold linework along the bottom edges, and a decorated lid that covers the bottom container. The lid has an inscription label on top, which reads “the picture of the Southern Inspection tour, the seventh scroll” (nan-xun-tu di-qi-juan) and “the second month of the 28th year of the Kangxi period in zi-si cyclical year” (kangxi erh-shi-ba nien zi-si-erh yue), which corresponds to 1698. Under the written inscription is a square seal that states “precious collection of the Celestial Palace” (tien-fu-Jen-cang). 
The lid is decorated with gilt dragons and clouds against the black lacquer background. There are nine dragons on the lid: three vertical dragons moving among clouds on the top, two horizontal dragons on each long side and one front-facing coiled dragon on each short side. A label with “Emperor Kangxi” (Kangxi-yeh) in calligraphy is pasted on one of the short sides.",,Gift of Sandy and Cécile Mactaggart
2004.19.76.2,Box for Bamboo in the Wind,https://search.museums.ualberta.ca/21-20560,https://media.museums.ualberta.ca/CLTX/full/1995/27-1_1.jpg,box,Ming 15th century,wood,overall: 7.6 cm x 8.5 cm x 90 cm,unknown,Storage box for hanging scroll.,,Gift of Sandy and Cécile Mactaggart
2005.5.128,Silk Canopy with the Brocade Fragment of a Collar from a Formal Court Robe,https://search.museums.ualberta.ca/21-19350,https://media.museums.ualberta.ca/UAAC/bfw/2005/2005_005_128_re_d01_s19-12v01.jpg,canopy,Qing 19th century,gold wrapped silk thread; silk brocade,overall: 157.1 cm x 138.5 cm,unknown,"This square dark-brown canopy consists of two panels sewn together, which were initially made for a robe cloth. A brilliant four petal-shaped brocade decorates the centre of the canopy, containing two active dragons. These dragons, woven in gold-wrapped threads and polychrome silk floss, have four claws (mang) and are surrounded by vivid red flames. There are colourful clouds scattered around the dragons, with four sets of clouds forming a ring in the centre, where they would have initially surrounded the neckline of a robe. Woven waves and rocks provide a border around the petal shape. 
At close inspection, the dark brown background is a satin damask with a continuous cloud pattern. Both the background damask and dragon brocade were woven in one piece. This canopy, although following a typical Ming era court robe style, would have been used to decorate the top of a temple.",,Gift of Sandy and Cécile Mactaggart
2004.19.2.42,Album Leaf from Illustrations of Chinese Costumes,https://search.museums.ualberta.ca/21-20053,https://media.museums.ualberta.ca/UAAC/fullres/2004/2004_019_002_042_s21-10v01.jpg,album leaf,Qing 18th century,ink; paper,sheet: 17.2 cm x 27.9 cm; image: 10.7 cm x 16.3 cm,unknown,"This album leaf is a part of a 48-page album that depicts Chinese subjects participating in various aspects of daily life, including government business, daily life, cultural customs, modes of transportation, and corporal punishment. This leaf contains an ink and watercolour depiction of a woman from a rural area. She wears a mid-length blue tunic over a pleated skirt with a sash tied around her waist. She is also wearing a brimmed straw hat. She holds her shoes in her right hand.",,Gift of Sandy and Cécile Mactaggart
2004.19.75.2.1,"Base of Box for Kangxi Emperor's Southern Inspection Tour, Scroll Seven: Wuxi to Suzhou",https://search.museums.ualberta.ca/21-20557,https://media.museums.ualberta.ca/UAAC/full/2004/19-75-2-1_3.jpg,"box, base",Qing 17th century,lacquer,,unknown,Base of lacquer storage box for handscroll.,,Gift of Sandy and Cécile Mactaggart
2004.19.1.1.57,Album Leaf from Illustrations of Costumes from the Qianlong Court,https://search.museums.ualberta.ca/21-20266,https://media.museums.ualberta.ca/UAAC/fullres/2004/2004_019_001_001_057_s21-03v01.jpg,album leaf,Qing 18th century,ink; silk; paper,sheet: 42.2 cm x 40.8 cm; image: 33.4 cm x 29.3 cm,unknown,"This album leaf is part of a section of the illustrations of costumes from the Qianlong court, Huangchao liqi tushi (“The Regulations for the Ceremonial Paraphernalia of the [Qing] Dynasty”). In total there are 34 folios that depict costumes appropriate for the Empress Dowager or Empress to wear at the imperial court along with short descriptive captions. This is the right leaf of one folio (attached to 2004.19.1.56) and it contains five columns of regular script calligraphy describing regulations for a summer diadem (chaoguan) for the empress and empress dowager. The text continues onto the attached left leaf.","皇太后 皇后夏朝冠 謹按 本朝定制 皇太后... Translation of the Chinese text: "" Summer court hat chaoguan for the Empress Dowager and Empress/In accordance with the decree of the present dynasty:...… 

													皇太后 皇后夏朝冠 謹按 本朝定制 皇太后... Translation of the Chinese text: "" Summer court hat chaoguan for the Empress Dowager and Empress/In accordance with the decree of the present dynasty:... [text continued on left leaf, 2004.19.1.1.56]""
(Translated and transcribed by Lisa Claypool, Ed., China’s Imperial Modern: The Painter’s Craft, Edmonton, AB: University of Alberta Museums, 2012, p. 102)
On the reverse of the piece ""(11)"" is handwritten in pencil on the upper left corner.  Below the pencil number are two black ink markings. 
Read More +",Gift of Sandy and Cécile Mactaggart
2005.5.621.1,Silk Tapestry Weave Dragon Robe for a Man,https://search.museums.ualberta.ca/21-21035,https://media.museums.ualberta.ca/UAAC/bfw/2005/2005_005_621_001_d02_s20-02v01.jpg,robe,Qing 19th century,blue silk and metal-wrapped thread tapestry weave with ink details,overall: 135 cm x 213 cm; neck to hem: 135 cm; cuff to cuff: x 213 cm,unknown,,,Gift of Sandy and Cécile Mactaggart
2004.19.33,Goose,https://search.museums.ualberta.ca/21-19098,https://media.museums.ualberta.ca/UAAC/fullres/2004/2004_019_033_d01_s22-02v01.jpg,hanging scroll,Ming 17th century,ink and light colour on paper,sheet: 250.2 cm x 61.7 cm; image: 121.1 cm x 44.9 cm,Zhang Chong,A hanging scroll painting of a goose in reeds.,Signed by Zhang Chong and impressed with 2 artist seals.  The scroll is impressed with 4 collector's seals and the title slip is inscribed by Wu Hufan (1894-1968).,Gift of Sandy and Cécile Mactaggart
2005.5.337.2.3,Exterior Lid for the Lacquer Hat Storage Box,https://search.museums.ualberta.ca/21-21020,https://media.museums.ualberta.ca/UAAC/fullres/2004/2004_019_033_d01_s22-02v01.jpg,box,Qing 19th-20th centuries,black lacquer with metal plate and latch,overall: 9.2 cm x 36.5 cm,unknown,,,Gift of Sandy and Cécile Mactaggart
2005.5.471,Embroidered Cream Silk Sleeve Band,https://search.museums.ualberta.ca/21-19693,https://media.museums.ualberta.ca/UAAC/bfw/2005/2005_005_471_re_s20-02v01.jpg,sleeve band,Qing 19th century,silk; silk brocade; silk floss; silk satin; embroidery,overall: 102.9 cm x 46.1 cm,unknown,,,Gift of Sandy and Cécile Mactaggart
2004.19.2.45,Album Leaf from Illustrations of Chinese Costumes,https://search.museums.ualberta.ca/21-20056,https://media.museums.ualberta.ca/UAAC/fullres/2004/2004_019_002_045_s21-10v01.jpg,album leaf,Qing 18th century,ink; paper,sheet: 27.2 cm x 17.1 cm; image: 22.8 cm x 16.9 cm,unknown,"This album leaf is a part of a 48-page album that depicts Chinese subjects participating in various aspects of daily life, including government business, daily life, cultural customs, modes of transportation, and corporal punishment. This leaf contains an ink and watercolour painting that is slightly different, stylistically, from other paintings in the album. It depicts a man in military dress mounted on a horse, which is also protected by armour. The man holds a musket and has multiple swords attached to his uniform. The horse's legs are red at the lower ends. Above the figure are enlarged examples of material culture carried by the man, including two sheathed blades, shields, a musket, and a helmet.",,Gift of Sandy and Cécile Mactaggart
2005.5.479,Blue Silk Damask Skirt for a Woman,https://search.museums.ualberta.ca/21-19701,https://media.museums.ualberta.ca/UAAC/bfw/2005/2005_005_479_re_op_s19-12v01.jpg,skirt,Qing 19th century,pale blue silk damask embroidered with silk and metal-wrapped threads and edged with black silk satin,overall: 97 cm x 17 cm,unknown,,,Gift of Sandy and Cécile Mactaggart
2005.5.170,Magenta Silk Jacket for a Child,https://search.museums.ualberta.ca/21-19392,https://media.museums.ualberta.ca/UAAC/bfw/2005/2005_005_170_ve_s19-12v01.jpg,jacket,Qing 19th century,pink-purple silk damask with off-white silk brocade facings,overall: 39.1 cm x 72 cm; neck to hem: 39.1 cm; cuff to cuff: x 72 cm,unknown,,,Gift of Sandy and Cécile Mactaggart
2005.5.354,Silk Tapestry Weave Cushion Cover,https://search.museums.ualberta.ca/21-19576,https://media.museums.ualberta.ca/UAAC/bfw/2005/2005_005_354_s20-02v01.jpg,cushion cover,Qing 18th-19th centuries,embroidery; gold wrapped silk thread; silk; silk brocade; lacquered wood; plexiglas; paper tape; cardboard; dye; tapestry weave,overall: 110.6 cm x 106.6 cm,unknown,,,Gift of Sandy and Cécile Mactaggart
2005.5.87.5,Embroidered Silk Purse,https://search.museums.ualberta.ca/21-20906,https://media.museums.ualberta.ca/UAAC/bfw/2005/2005_005_087_005_ve_s20-02v01.jpg,purse,Qing 19th century,silk satin; embroidery; silk floss; cotton; gold wrapped silk thread; linen; plastic; metal; paper,overall: 23.8 cm x 9.2 cm x 1 cm,unknown,,,Gift of Sandy and Cécile Mactaggart
2005.5.156,Silk Gauze Dragon Robe for a Man,https://search.museums.ualberta.ca/21-19378,https://media.museums.ualberta.ca/UAAC/bfw/2005/2005_005_156_op_s19-12v01.jpg,robe,Qing 19th-20th centuries,blue silk gauze brocaded with metal-wrapped threads,overall: 132.5 cm x 207.5 cm; neck to hem: 132.5 cm; cuff to cuff: x 207.5 cm,unknown,,,Gift of Sandy and Cécile Mactaggart
2004.19.73.1,Album of Flowers and Birds,https://search.museums.ualberta.ca/21-20549,https://media.museums.ualberta.ca/UAAC/fullres/2004/2004_019_073_001_back_s21-03v01.jpg,album,Qing 18th century,ink on paper,overall: 2 cm x 33.3 cm x 32.5 cm; sheet: 32.4 cm x 33.2 cm,Luo Ping,An album of 10 paintings of various birds and flowers.,"Each painting is signed by Liangfeng (or a variation of the artist's signature).  Each painting is impressed with 1artist seal. The album is impressed with 17 collector's seals, and includes seals from: Dai Zhi, Wu…												

													Each painting is signed by Liangfeng (or a variation of the artist's signature).  Each painting is impressed with 1artist seal. The album is impressed with 17 collector's seals, and includes seals from: Dai Zhi, Wu Yun (1811-1883) and Ling Xiongguang.												
Read More +",Gift of Sandy and Cécile Mactaggart
2005.5.512,Two Pairs of Embroidered Cream Silk Sleeve Bands,https://search.museums.ualberta.ca/21-19734,https://media.museums.ualberta.ca/UAAC/fullres/2004/2004_019_073_001_back_s21-03v01.jpg,sleeve band,Qing 19th century,silk; silk brocade; silk satin; embroidery,,unknown,,,Gift of Sandy and Cécile Mactaggart
2005.5.580.1,Front Panel of a Rank Badge for a Seventh Rank Civil Official,https://search.museums.ualberta.ca/21-20666,https://media.museums.ualberta.ca/UAAC/bfw/2005/2005_005_580_001_ve_s19-12v01.jpg,rank badge,Qing 19th-20th centuries,gold wrapped silk thread; silk floss; silk satin; silk twill; silver wrapped silk thread; embroidery,,unknown,"Qing Period (1644-1911), Seventh Rank Civil Official (Mandarin Duck)

(source: John E. Vollmer & Jacqueline Simcox, ""Emblems of Empire: Selections from the Mactaggart Art Collection,"" (The University of Alberta Press and University of Alberta Museums, Edmonton, Alberta, 2009), p. 74.)",,Gift of Sandy and Cécile Mactaggart
2005.5.556,Front and Back Panels of a Rank Badge for an Eighth Rank Civil Official,https://search.museums.ualberta.ca/21-19778,https://media.museums.ualberta.ca/UAAC/bfw/2005/2005_005_556_002_re_s19-12v01.jpg,rank badge,Qing 19th century,gold wrapped silk thread; ink; linen; silk; silk satin; tapestry weave,,unknown,"Rank badges, always made in pairs, were placed on the front and back of surcoats in order to communicate their wearer’s rank during the Ming (1368-1644) and Qing dynasties (1644-1911). Different motifs were regulated by the imperial court, including bird motifs used only for civil officials, while beasts were used for military officials. The hierarchy of ranks within these categories was represented by specific birds and beasts. 
These rank badges feature a quail, representing an eighth rank civil official. In the Ming Dynasty, the birds on rank badges were often presented in pairs in an upper and lower position. Later, in the Qing Dynasty, only one bird or beast was seen on rank badges. This bird is perched on a rock and gazing at a sun disc in the top left corner. This badge is woven in tapestry, with gold metal-wrapped thread and details rendered in multi-coloured silk floss. Coloured ink was used for colour gradation.",,Gift of Sandy and Cécile Mactaggart
2005.5.560.1,Front Panel of a Rank Badge for a Fourth Rank Civil Official,https://search.museums.ualberta.ca/21-20768,https://media.museums.ualberta.ca/UAAC/bfw/2005/2005_005_560_001_ve_s19-12v01.jpg,rank badge,Qing 19th century,linen; silk,,unknown,"Rank badges, always made in pairs, were placed on the front and back of surcoats in order to communicate their wearer’s rank during the Ming (1368-1644) and Qing dynasties (1644-1911). Different motifs were regulated by the imperial court, including bird motifs used only for civil officials, while beasts were used for military officials. The hierarchy of ranks within these categories was represented by specific birds and beasts. 
This rank badge features a wild goose, symbolizing a fourth rank civil official. Perched on a rock amid waves, the goose gazes toward the sun disc in the upper right corner. Ruyi-shaped clouds and bats decorate the sky. The badge is woven in tapestry (kesi), and ink was used for details and colour gradation.",,Gift of Sandy and Cécile Mactaggart
2005.5.280.1,Embroidered Red Silk Yardage for a Woman's Informal Robe,https://search.museums.ualberta.ca/21-20952,https://media.museums.ualberta.ca/UAAC/fullres/2005/2005_005_280_001_ve_g02_s22-02v01.jpg,yardage,Qing 20th century,silk floss; silk twill; embroidery,overall: 295 cm x 76.9 cm,unknown,,,Gift of Sandy and Cécile Mactaggart
2004.19.11.11,One Scroll from Peach Blossom Spring,https://search.museums.ualberta.ca/21-20458,https://media.museums.ualberta.ca/UAAC/fullres/2004/2004_019_011_011_s21-10v01.jpg,hanging scroll,Qing 18th century,ink and colour on silk,,Yuan Jiang,,,Gift of Sandy and Cécile Mactaggart
2005.5.318,Yellow Silk Tapestry Weave Imperial Six Symbol Dragon Robe with Missing Sleeves,https://search.museums.ualberta.ca/21-19540,https://media.museums.ualberta.ca/UAAC/fullres/2005/2005_005_318_ve_s21-03v01.jpg,robe,Qing 19th century,yellow silk and metal-wrapped thread tapestry weave with ink details,overall: 124 cm x 94.6 cm; neck to hem: 124 cm; cuff to cuff: x 94.6 cm,unknown,,,Gift of Sandy and Cécile Mactaggart
2004.19.38.17,Album Leaf from Album of Figures,https://search.museums.ualberta.ca/21-20416,https://media.museums.ualberta.ca/UAAC/fullres/2004/2004_019_038_017_s21-10v01.jpg,album leaf,Qing 19th century,ink and colour on paper,,Ren Yi,"The painting is associated with the poem (2004.19.38.16). The central figure is a man kneeling in a reverent posture. His body is positioned on a circular mat. In the background, the heads of the tree exceed the parapet wall, which has a motif of jumbled semicircles framed by rectangles. Atop a standing shelf sits an incense burner, with smoke rising into the air. The foliage behind the structure shows the season, possibly late autumn, due to the brownish hues.
The inscription on the right writes “Ren Yi, also known as Ren Bonian from Shanyin [山陰仁颐伯年[???],” and the red seal belongs to him.",,Gift of Sandy and Cécile Mactaggart
2005.5.457,Embroidered Yellow Silk Cushion,https://search.museums.ualberta.ca/21-19679,https://media.museums.ualberta.ca/UAAC/bfw/2005/2005_005_457_ve_s20-02v01.jpg,cushion,Qing 18th century,cotton; silk; silk floss; silk satin; embroidery,overall: 42 cm x 40 cm x 9.5 cm,unknown,,,Gift of Sandy and Cécile Mactaggart
2005.5.402.2,Embroidered Cream Silk Bed Cover,https://search.museums.ualberta.ca/21-20966,https://media.museums.ualberta.ca/UAAC/bfw/2005/2005_005_402_002_ve_s20-02v01.jpg,bed cover,Qing 18th century,off-white silk satin embroidered with silk,overall: 253 cm x 302 cm,unknown,,,Gift of Sandy and Cécile Mactaggart
2004.19.68.2,Box for the Conquests of the Emperor Qianlong,https://search.museums.ualberta.ca/21-19911,https://media.museums.ualberta.ca/UAAC/fullres/2004/2004_019_068_002_cover_ve_s21-03v01.jpg,box,Qing 18th century,cloth covered support,overall: 5.3 cm x 114.8 cm x 66.2 cm,unknown,A blue clamshell style storage box.,,Gift of Sandy and Cécile Mactaggart
2005.5.395.3,Fragment of a Silk Brocade Dragon Robe,https://search.museums.ualberta.ca/21-20958,https://media.museums.ualberta.ca/UAAC/fullres/2005/2005_005_395_003_ve_s22-02v01.jpg,fragment,Qing 17th-18th centuries,gold wrapped silk thread; silk brocade,overall: 65 cm x 91 cm,unknown,"Fragment of a skirt hem from a brocade dragon robe. There are two five-clawed dragons above waves, ruyi shapes, and a mountain. All four edges are cut. There is a seam down the middle, which would have adjoined two lengths of fabric to make the robe. Likely from the same robe as 2005.5.395.2",,Gift of Sandy and Cécile Mactaggart
2005.5.169.2,Back of Embroidered Blue Silk Vest for a Straits Chinese Child,https://search.museums.ualberta.ca/21-20951,https://media.museums.ualberta.ca/UAAC/bfw/2005/2005_005_169_002_ve_s19-12v01.jpg,vest,Qing 19th century,"pale blue-green silk satin embroidered with silk and metal-wrapped threads, edged with embroidered yellow silk satin",overall: 44.8 cm x 47.7 cm,unknown,,,Gift of Sandy and Cécile Mactaggart
2004.19.29.2.2,Lid of Box for Monk Meditating in Woods,https://search.museums.ualberta.ca/21-20527,https://media.museums.ualberta.ca/UAAC/bfw/2005/2005_005_169_002_ve_s19-12v01.jpg,"box, lid",Ming 16th century,,1.2 x 8.6 x 32.4,unknown,Lid of storage box for handscroll.,,Gift of Sandy and Cécile Mactaggart
2004.19.38.14,Album Leaf from Album of Figures,https://search.museums.ualberta.ca/21-20413,https://media.museums.ualberta.ca/UAAC/fullres/2004/2004_019_038_014_s21-10v01.jpg,album leaf,Qing 19th century,ink and colour on paper,,Ren Yi,"This album leaf is one of thirteen inscriptions in Ren Yi’s Album of Figures, featuring a four-line poem with seven characters per line. The poem was written in cursive script by Taixi (1899–1989) and later attached to Ren Yi’s paintings. The text is associated with the imagery on the album leaf attached beneath it (2004.19.38.15).",,Gift of Sandy and Cécile Mactaggart
2005.5.295.2,Embroidered Red Silk Cushion Cover,https://search.museums.ualberta.ca/21-20860,https://media.museums.ualberta.ca/UAAC/fullres/2005/2005_005_295_002_re_s22-02v01.jpg,cushion cover,Qing 19th century,gold wrapped silk thread; silk; silk brocade; silk satin; embroidery,overall: 57.7 cm x 64.5 cm,unknown,,,Gift of Sandy and Cécile Mactaggart
2005.5.580.1.1,Right Side of the Front Panel of a Rank Badge for a Seventh Rank Civil Official,https://search.museums.ualberta.ca/21-20667,https://media.museums.ualberta.ca/UAAC/ppt/2009/09_002_016_002s01v01.jpg,rank badge,Qing 19th-20th centuries,gold wrapped silk thread; silk floss; silk satin; silk twill; silver wrapped silk thread; embroidery,overall: 28.2 cm x 15 cm,unknown,,,Gift of Sandy and Cécile Mactaggart
2005.5.599.2,Back Panel of a Rank Badge for a Sixth Rank Military Official,https://search.museums.ualberta.ca/21-20753,https://media.museums.ualberta.ca/UAAC/bfw/2005/2005_005_599_002_ve_s19-12v01.jpg,rank badge,Qing 19th century,gold wrapped silk thread; ink; linen; silk; silk floss; silk satin; silver wrapped silk thread; embroidery,overall: 30.3 cm x 30.6 cm,unknown,"Qing Period (1644-1911), Sixth Rank Military Official (Panther)

(source: John E. Vollmer & Jacqueline Simcox, ""Emblems of Empire: Selections from the Mactaggart Art Collection,"" (The University of Alberta Press and University of Alberta Museums, Edmonton, Alberta, 2009), p. 74.)",,Gift of Sandy and Cécile Mactaggart
2004.19.29.2.1,Base of Box for Monk Meditating in Woods,https://search.museums.ualberta.ca/21-20526,https://media.museums.ualberta.ca/UAAC/bfw/2005/2005_005_599_002_ve_s19-12v01.jpg,"box, base",Ming 16th century,,,unknown,Base of storage box for handscroll.,,Gift of Sandy and Cécile Mactaggart
2010.17.86,Celebrating the Festival,https://search.museums.ualberta.ca/21-23285,https://media.museums.ualberta.ca/UAAC/bfw/2010/2010_017_086_s19-12v01.jpg,painting,,Gouache on mulberry paper,overall: 88 cm x 110 cm; image: 77.6 cm x 110 cm,"Zhang, Zhihe","The painting depicts a crowded plaza scene with people performing the traditional Dragon Dance in celebration of a festival. The composition of the painting is dynamic, with the long dragon snaking through the plaza and a multitude of people watching and participating in the festivities. The atmosphere is lively and joyful. The use of colour in the painting is particularly striking, with the bright colours of the dragon and the people's clothing contrasting with the neutral tones of the brown in the background. The intricate details of the dragon's scales, the people's clothing give the painting a sense of liveness, while the stylized forms of the people and the dragon add a touch of naivety to the overall composition.",,Gift of Sandy and Cécile Mactaggart
2005.5.566.1.2,Left Side of the Front Panel of a Rank Badge for a Fourth Rank Civil Official,https://search.museums.ualberta.ca/21-20730,https://media.museums.ualberta.ca/UAAC/bfw/2010/2010_017_086_s19-12v01.jpg,rank badge,Qing 19th-20th centuries,gold wrapped silk thread; silk; silk floss; silk gauze; silver wrapped silk thread; embroidery,overall: 28.9 cm x 15.4 cm,unknown,,,Gift of Sandy and Cécile Mactaggart
2005.5.183,Embroidered Brown Silk Dragon Robe for an Imperial Prince,https://search.museums.ualberta.ca/21-19405,https://media.museums.ualberta.ca/UAAC/fullres/2005/2005_005_183_ve_s21-03v01.jpg,robe,Qing 18th-19th centuries,brown silk satin embroidered with silk and metal-wrapped threads,overall: 145.7 cm x 170 cm; neck to hem: 145.7 cm; cuff to cuff: x 170 cm,unknown,,,Gift of Sandy and Cécile Mactaggart
2005.5.534.1,Embroidered Silk Fragmentary Panel,https://search.museums.ualberta.ca/21-20807,https://media.museums.ualberta.ca/UAAC/bfw/2005/2005_005_534_001_s19-12v01.jpg,panel,Qing 19th-20th centuries,gold wrapped silk thread; silk; silk brocade; silk jacquard; silk satin,overall: 91.5 cm x 56.3 cm,unknown,,,Gift of Sandy and Cécile Mactaggart
2010.20.1.3.5,"Magnificent Record of the Southern Tours, volume 17, chapters 43-44",https://search.museums.ualberta.ca/21-23695,https://media.museums.ualberta.ca/UAAC/bfw/2010/2010_020_001_003_005_s20-02v01.jpg,book,,"printed woodblock, thread binding",overall: 29.8 cm x 20.5 cm,Gao Jin,"One set of the Yuzhi nanxun shengdian [Magnificent Record of the Southern Tours], edited by Gao Jin et al. Volume 17, Chapter 43-44. Hefang [River conservation]. Woodblock printed, thread binding.",,Gift of Sandy and Cécile Mactaggart
2004.19.9.6,Album Leaf from Album of Landscapes,https://search.museums.ualberta.ca/21-20502,https://media.museums.ualberta.ca/UAAC/fullres/2004/2004_019_009_006_s21-10v01.jpg,album leaf,Qing 17th-18th centuries,ink and colour on paper,overall: 3.3 cm x 16.8 cm x 26.6 cm; image: 16 cm x 9.9 cm,Yao Song,,,Gift of Sandy and Cécile Mactaggart
2005.5.42.2,Blue Silk Panel made from a Fragment of a Woman's Skirt,https://search.museums.ualberta.ca/21-20868,https://media.museums.ualberta.ca/UAAC/full/2005/05_005_042_002s03v01.jpg,panel,Qing 19th-20th centuries,silk; embroidery; braid,overall: 42.3 cm x 34.5 cm,unknown,(Has white teeth),,Gift of Sandy and Cécile Mactaggart
2005.5.343.2,Embroidered Black Silk Gauze Formal Dragon Robe Skirt,https://search.museums.ualberta.ca/21-20792,https://media.museums.ualberta.ca/UAAC/bfw/2005/2005_005_343_002_ve_s19-12v01.jpg,skirt,Qing 19th century,black silk gauze embroidered with silk and metal-wrapped threads edged with dark purple silk and metal-wrapped thread brocade,overall: 102.5 cm x 140.9 cm,unknown,,,Gift of Sandy and Cécile Mactaggart
2004.19.38.2,Album Leaf from Album of Figures,https://search.museums.ualberta.ca/21-20401,https://media.museums.ualberta.ca/UAAC/fullres/2004/2004_019_038_002_s21-10v01.jpg,album leaf,Qing 19th century,ink and colour on paper,,Ren Yi,"This album leaf is one of thirteen inscriptions in Ren Yi’s Album of Figures, featuring a four-line poem with seven characters per line. The poem was written in cursive script by Taixi (1899–1989) and later attached to Ren Yi’s paintings. The text is associated with the imagery on the album leaf attached beneath it (2004.19.38.3).",,Gift of Sandy and Cécile Mactaggart
2011.16.1.1,Helmet from ceremonial armour,https://search.museums.ualberta.ca/21-24244,https://media.museums.ualberta.ca/UAAC/bfw/2011/2011_016_001_001_ve_d01_s19-12v01.jpg,helmet,,,,,Helmet from ceremonial armour.,,Gift of Sandy and Cécile Mactaggart
2005.5.177,Embroidered Blue Silk Dragon Robe for a Man,https://search.museums.ualberta.ca/21-19399,https://media.museums.ualberta.ca/UAAC/fullres/2005/2005_005_177_ve_s21-03v01.jpg,robe,Qing 19th century,blue silk satin embroidered with silk and metal-wrapped threads,overall: 138.8 cm x 237 cm; neck to hem: 138.8 cm; cuff to cuff: x 237 cm,unknown,,,Gift of Sandy and Cécile Mactaggart
2005.5.385,Two Embroidered Cream Silk Sleeve Bands,https://search.museums.ualberta.ca/21-19607,https://media.museums.ualberta.ca/UAAC/bfw/2005/2005_005_385_ve_s20-02v01.jpg,sleeve band,Qing 18th century,cotton; silk floss; silk satin; mat board; embroidery,,unknown,,,Gift of Sandy and Cécile Mactaggart
2005.5.338,Green and Ochre Silk Brocade,https://search.museums.ualberta.ca/21-19560,https://media.museums.ualberta.ca/UAAC/bfw/2005/2005_005_338_re_g05_s20-02v01.jpg,yardage,Qing 19th century,silk brocade,overall: 55.5 cm x 1313 cm,unknown,,,Gift of Sandy and Cécile Mactaggart
2005.5.40,Embroidered Red Silk Daoist Priest Robe,https://search.museums.ualberta.ca/21-19262,https://media.museums.ualberta.ca/UAAC/bfw/2005/2005_005_040_ve_s20-02v01.jpg,robe,Qing 19th century,red silk satin embroidered with silk and metal-wrapped threads,overall: 136 cm x 188 cm; neck to hem: 136 cm; cuff to cuff: x 188 cm,unknown,,,Gift of Sandy and Cécile Mactaggart
2005.5.451,Embroidered Red Silk Panel,https://search.museums.ualberta.ca/21-19673,https://media.museums.ualberta.ca/UAAC/bfw/2005/2005_005_451_re_m01_s19-12v01.jpg,panel,Qing 19th-20th centuries,gold wrapped silk thread; cotton; silk brocade ribbon; silk floss; silk twist; silk satin; embroidery,overall: 67 cm x 260 cm,unknown,,,Gift of Sandy and Cécile Mactaggart
2005.5.555.2,Back Panel of a Rank Badge for a Sixth Rank Civil Official,https://search.museums.ualberta.ca/21-20635,https://media.museums.ualberta.ca/UAAC/bfw/2005/2005_005_555_002_ve_s19-12v01.jpg,rank badge,Qing 19th-20th centuries,gold wrapped silk thread; linen; silk; tapestry weave,overall: 28.6 cm x 31 cm,unknown,"Rank badges, always made in pairs, were placed on the front and back of surcoats in order to communicate their wearer’s rank during the Ming (1368-1644) and Qing dynasties (1644-1911). Different motifs were regulated by the imperial court, including bird motifs used only for civil officials, while beasts were used for military officials. The hierarchy of ranks within these categories was represented by specific birds and beasts. 
This rank badge features an egret, representing a sixth rank civil official. In the Ming Dynasty, the birds on rank badges were often presented in pairs in an upper and lower position. Later, in the Qing Dynasty, only one bird was seen on rank badges. The egret in this badge is surrounded by ruyi-shaped clouds, with its wings outstretched and its gaze fixed on the sun disk in the upper left corner. This badge is woven in tapestry, with a ground made from metallic thread. Coloured ink was used to depict details in the bird’s body.",,Gift of Sandy and Cécile Mactaggart
2005.5.569,Back Panel of a Rank Badge for a Fifth Rank Civil Official,https://search.museums.ualberta.ca/21-19791,https://media.museums.ualberta.ca/UAAC/bfw/2005/2005_005_569_ve_s19-12v01.jpg,rank badge,Qing 19th century,embroidery; copper-wrapped silk thread; gold wrapped silk thread; silk; silk floss; silk satin; silver wrapped silk thread,overall: 29.3 cm x 29.7 cm,unknown,"Qing Period (1644-1911), Fifth Rank Civil Official (Silver Pheasant)

(source: John E. Vollmer & Jacqueline Simcox, ""Emblems of Empire: Selections from the Mactaggart Art Collection,"" (The University of Alberta Press and University of Alberta Museums, Edmonton, Alberta, 2009), p. 74.)",,Gift of Sandy and Cécile Mactaggart
2004.19.62,Landscape After Juran,https://search.museums.ualberta.ca/21-19127,https://media.museums.ualberta.ca/UAAC/fullres/2004/2004_019_062_m01_s21-10v01.jpg,hanging scroll,Ming 15th-16th centuries,ink and colour on silk,sheet: 315 cm x 104.6 cm; image: 190.4 cm x 98.4 cm,unknown,A hanging scroll painting of a mountain landscape.,"This scroll is signed with an apocryphal signature of Juran, and is impressed with 3 collector's seals.",Gift of Sandy and Cécile Mactaggart
2005.5.303,Embroidered Blue Silk Imperial Surcoat for a Woman,https://search.museums.ualberta.ca/21-19525,https://media.museums.ualberta.ca/UAAC/bfw/2005/2005_005_303_d01_s19-12v01.jpg,surcoat,Qing 19th century,dark blue silk embroidered with silk and metal-wrapped threads,overall: 146 cm x 194.4 cm; neck to hem: 146 cm; cuff to cuff: x 194.4 cm,unknown,,,Gift of Sandy and Cécile Mactaggart
2005.5.88.1.2,Embroidered Silk Fan Case,https://search.museums.ualberta.ca/21-20919,https://media.museums.ualberta.ca/UAAC/bfw/2005/2005_005_088_001_002_ve_s20-02v01.jpg,fan case,Qing 19th century,braided cord; silk floss; silk satin; canvas; cardboard; gold wrapped silk thread; silver wrapped silk thread; embroidery,overall: 49.7 cm x 7 cm x 2.5 cm,unknown,,,Gift of Sandy and Cécile Mactaggart
2010.20.1.3,"Magnificent Record of the Southern Tours, volumes 13-18, chapters 32-46",https://search.museums.ualberta.ca/21-23670,https://media.museums.ualberta.ca/UAAC/bfw/2010/2010_020_001_003_d01_s20-02v01.jpg,book,,"printed woodblock, thread binding",overall: 29.8 cm x 20.5 cm x 6.6 cm,Gao Jin,"One set of the Yuzhi nanxun shengdian [Magnificent Record of the Southern Tours], edited by Gao Jin et al. Volumes 13-18, Chapter 32-46. Woodblock printed, thread binding.",,Gift of Sandy and Cécile Mactaggart
2010.20.1.2.4,"Magnificent Record of the Southern Tours, volume 10, chapters 24-26",https://search.museums.ualberta.ca/21-23688,https://media.museums.ualberta.ca/UAAC/bfw/2010/2010_020_001_002_004_s20-02v01.jpg,book,,"printed woodblock, thread binding",overall: 29.8 cm x 20.5 cm,Gao Jin,"One set of the Yuzhi nanxun shengdian [Magnificent Record of the Southern Tours], edited by Gao Jin et al. Chapters 24-26. Volume 10. Woodblock printed, thread binding.",,Gift of Sandy and Cécile Mactaggart
2005.5.181,Embroidered Blue Silk Robe for a Woman,https://search.museums.ualberta.ca/21-19403,https://media.museums.ualberta.ca/UAAC/fullres/2005/2005_005_181_ve_s21-03v01.jpg,robe,Qing 19th century,blue silk twill embroidered with silk and metal-wrapped threads,overall: 147 cm x 194 cm; neck to hem: 147 cm; cuff to cuff: x 194 cm,unknown,,,Gift of Sandy and Cécile Mactaggart
2004.19.3.6,Album Leaf from Insects,https://search.museums.ualberta.ca/21-20079,https://media.museums.ualberta.ca/UAAC/fullres/2004/2004_019_003_006_s21-03v01.jpg,album leaf,Qing 18th-19th centuries,ink; paper,sheet: 35.2 cm x 43.1 cm; image: 19.1 cm x 23.3 cm,unknown,A painting of three butterflies and one black insect.,,Gift of Sandy and Cécile Mactaggart
2004.19.2.37,Album Leaf from Illustrations of Chinese Costumes,https://search.museums.ualberta.ca/21-20048,https://media.museums.ualberta.ca/UAAC/fullres/2004/2004_019_002_037_s21-10v01.jpg,album leaf,Qing 18th century,ink; paper,sheet: 17.2 cm x 28 cm; image: 11.6 cm x 18.5 cm,unknown,"This album leaf is a part of a 48-page album that depicts Chinese subjects participating in various aspects of daily life, including government business, daily life, cultural customs, modes of transportation, and corporal punishment. This leaf contains an ink and watercolour depiction of two soldiers in military uniform. The man on the left wears studded armour with a musket while the man on the right wears a yellow vest over a blue jacket and holds a decorative staff. The character on his vest says ""brave"".",,Gift of Sandy and Cécile Mactaggart
2015.8.3,Silk Tapestry Weave Hanging,https://search.museums.ualberta.ca/21-27022,https://media.museums.ualberta.ca/UAAC/fullres/2004/2004_019_002_037_s21-10v01.jpg,wall hanging,,silk; cotton; metallic thread,overall: 173.8 cm x 38.9 cm,unknown,,,Bequest of the Estate of John Caughell
2005.5.343,Embroidered Black Silk Gauze Formal Dragon Robe Skirt and Collar,https://search.museums.ualberta.ca/21-19565,https://media.museums.ualberta.ca/UAAC/bfw/2005/2005_005_343_ve_s19-12v01.jpg,skirt and collar,Qing 19th century,black silk gauze embroidered with silk and metal-wrapped threads edged with metal-wrapped thread and black silk brocade,,unknown,,,Gift of Sandy and Cécile Mactaggart
2005.5.559,Front and Back Panels of a Rank Badge for a Fourth Rank Military Official,https://search.museums.ualberta.ca/21-19781,https://media.museums.ualberta.ca/UAAC/bfw/2005/2005_005_559_002_re_s19-12v01.jpg,rank badge,Qing 19th-20th centuries,gold wrapped silk thread; silk; silk satin; silver wrapped silk thread; embroidery,,unknown,"Rank badges, always made in pairs, were placed on the front and back of surcoats in order to communicate their wearer’s rank during the Ming (1368-1644) and Qing dynasties (1644-1911). Different motifs were regulated by the imperial court, including bird motifs used only for civil officials while beasts were used for military officials. The hierarchy of ranks within these categories was represented by specific birds and beasts. This pair of rank badges features a tiger embroidered in metal-wrapped threads, which represents a fourth rank military official. The tiger is identified by its black stripes and a wan symbol on its forehead, indicating the tiger is a king. 
The front badge is made into two separate panels to accommodate the front opening of a surcoat, while the back badge is made in one piece. The patterns on the front and back badges are identical. The embroidery on this badge is rendered entirely in metal-wrapped threads of varying hues, all expertly couched in place with silk floss. The border contains bats and shou characters, which all act as lucky symbols for the wearer. The tiger is positioned in the middle of the badge, above rocks and standing water waves and surrounded by a sky filled with clouds and lotus flowers. The position of the sun on the right side of the badge indicates that the wearer was a woman, likely the spouse of a military official. The tiger is appliquéd onto the badge background so that it may be easily replaced with other beasts as the military official moves up through the ranks.",,Gift of Sandy and Cécile Mactaggart
2004.19.79.11,Rocks and Stream in Bamboo Grove,https://search.museums.ualberta.ca/21-20470,https://media.museums.ualberta.ca/UAAC/fullres/2004/2004_019_079_011_m01_alt_edit_s23-01v01.jpg,hanging scroll,Qing 17th century,ink on silk,,Zhu Sheng,,,Gift of Sandy and Cécile Mactaggart
2005.5.578,Front and Back Panels of a Rank Badge for a Fifth Rank Civil Official,https://search.museums.ualberta.ca/21-19800,https://media.museums.ualberta.ca/UAAC/bfw/2005/2005_005_578_002_re_s19-12v01.jpg,rank badge,Qing 19th-20th centuries,gold wrapped silk thread; silk; silk floss; silk gauze; silk damask; embroidery,,unknown,"Qing Period (1644-1911), Fifth Rank Civil Official (Silver Pheasant)

(source: John E. Vollmer & Jacqueline Simcox, ""Emblems of Empire: Selections from the Mactaggart Art Collection,"" (The University of Alberta Press and University of Alberta Museums, Edmonton, Alberta, 2009), p. 74.)",,Gift of Sandy and Cécile Mactaggart
2005.5.44,Fragment of Embroidered Silk,https://search.museums.ualberta.ca/21-19266,https://media.museums.ualberta.ca/UAAC/bfw/2005/2005_005_044_re_s20-02v01.jpg,panel,Qing 19th century,silk brocade; braid; silk; silk floss,overall: 91 cm x 59.1 cm,unknown,,,Gift of Sandy and Cécile Mactaggart
2005.5.442,Red Silk Brocade,https://search.museums.ualberta.ca/21-19664,https://media.museums.ualberta.ca/UAAC/bfw/2005/2005_005_442_ve_g02_s20-02v01.jpg,yardage,Modern 20th century,silk brocade,overall: 78 cm x 163 cm,unknown,,,Gift of Sandy and Cécile Mactaggart
2004.19.68.1.10,Print from the Qianlong Emperor’s Conquests,https://search.museums.ualberta.ca/21-19880,https://media.museums.ualberta.ca/UAAC/fullres/2004/2004_019_068_001_010_s21-03v01.jpg,print,Qing 18th century,silk; paper; ink,overall: 63.4 cm x 112.6 cm; image: 52.7 cm x 93.1 cm,unknown,"A printed calligraphic piece with two square red seals.  This manuscript goes along with engraving .68.1.32. It is number 10, chronologically, in the set of 16 copperplate engravings.",,Gift of Sandy and Cécile Mactaggart
2005.5.238.1,Embroidered Silk Dragon Roundel from a Robe,https://search.museums.ualberta.ca/21-20886,https://media.museums.ualberta.ca/UAAC/fullres/2005/2005_005_238_001_s23-01v01.jpg,roundel,Ming 16th-17th centuries,cotton; gold wrapped silk thread; silk floss; plywood; embroidery,overall: 38.2 cm x 39.9 cm x 1.3 cm,unknown,"Embroidered silk roundel with dragon design. This roundel is part of a pair that would have been cut from a dragon robe made during the Ming Dynasty (1368-1644). The dragon is mainly blue and orange, and is surrounded by clouds, flames, and waves. The dragon is in an active position with all five claws extended. This roundel has been mounted on a black backing.",,Gift of Sandy and Cécile Mactaggart
2004.19.28,Blue-Green Landscape,https://search.museums.ualberta.ca/21-19093,https://media.museums.ualberta.ca/UAAC/fullres/2004/2004_019_028_d01_s22-02v01.jpg,hanging scroll,Ming 14th-15th centuries,ink and colour on paper,sheet: 102.9 cm x 30.2 cm; image: 21.7 cm x 18.6 cm,unknown,"An album leaf now mounted as a hanging scroll of a landscape with a pavilion, painted in the blue and green style.",Signed by Leng Qian (14th century) in seal script.,Gift of Sandy and Cécile Mactaggart
2005.5.604.1,Right Side of the Front Panel of a Rank Badge for a Sixth Rank Military Official,https://search.museums.ualberta.ca/21-20708,https://media.museums.ualberta.ca/UAAC/fullres/2004/2004_019_028_d01_s22-02v01.jpg,rank badge,Qing 19th-20th centuries,gold wrapped silk thread; silk floss; silk satin; silver wrapped silk thread; embroidery,overall: 32.2 cm x 16.5 cm,unknown,,,Gift of Sandy and Cécile Mactaggart
2005.5.543.2,Back Panel of a Rank Badge,https://search.museums.ualberta.ca/21-20619,https://media.museums.ualberta.ca/UAAC/bfw/2005/2005_005_543_002_ve_s19-12v01.jpg,rank badge,Qing 19th-20th centuries,gold wrapped silk thread; silk; silk floss; silk satin; silver wrapped silk thread,overall: 29.5 cm x 31.2 cm,unknown,"Honorific Badge (Hoofed Dragon) - awarded to elderly Chinese officials in acknowledgement of years of service to the throne
(source: John E. Vollmer)",,Gift of Sandy and Cécile Mactaggart
2005.5.8,Blue Silk Dragon Robe,https://search.museums.ualberta.ca/21-19230,https://media.museums.ualberta.ca/UAAC/fullres/2005/2005_005_008_ve_s21-03v01.jpg,robe,Qing 19th century,blue silk plain weave embroidered with silk and metal-wrapped threads,overall: 143.3 cm x 180 cm;neck to hem: 143.3 cm;cuff to cuff: x 180 cm,unknown,,,Gift of Sandy and Cécile Mactaggart
2004.19.7,Pink Mountains,https://search.museums.ualberta.ca/21-19072,https://media.museums.ualberta.ca/UAAC/fullres/2004/2004_019_007_d01_s22-02v01.jpg,hanging scroll,Modern 20th century,ink and colour on paper,sheet: 207.6 cm x 82.4 cm; image: 94.9 cm x 64.5 cm,"Zhang Hong											
											 
												
												
													
														View People Details ?","This hanging scroll by Zhang Hong (b. 1954) depicts a pink mountain range with waterfalls emerging above the clouds, which have been created using negative space. The overall composition reveals artist Zhang Hong’s diligent study of Chinese “orthodox” landscape painting skills. Orthodox painting focuses on the natural world and the depiction of landscapes as idealized and harmonious spaces, with an emphasis on brushwork, composition and the use of ink wash. Zhang incorporates orthodox school techniques in his painting through the use of brushstrokes to create a sense of movement and dynamism, as well as the delicate balance of gradient tones to depict natural elements. His emphasis on negative space in the depiction of clouds and waterfalls is a technique often used in the orthodox school, and helps to create a sense of depth and space within the painting.",Signed Zhang Hong.,Gift of Sandy and Cécile Mactaggart
2005.5.98,Yellow Silk Brocade Bed Hanging,https://search.museums.ualberta.ca/21-19320,https://media.museums.ualberta.ca/UAAC/fullres/2005/2005_005_098_re_s21-03v01.jpg,panel,Qing 18th century,gold wrapped silk thread; silk brocade; rayon satin; rayon velvet,overall: 232.5 cm x 150 cm,unknown,,,Gift of Sandy and Cécile Mactaggart
2005.5.110,Embroidered Terracotta Silk Panel,https://search.museums.ualberta.ca/21-19332,https://media.museums.ualberta.ca/UAAC/fullres/2005/2005_005_110_re_s21-03v01.jpg,panel,Qing 19th century,silk; silk floss; silk satin; embroidery,overall: 180.7 cm x 272 cm,unknown,,,Gift of Sandy and Cécile Mactaggart
2004.19.3.16,Album Leaf from Insects,https://search.museums.ualberta.ca/21-20089,https://media.museums.ualberta.ca/UAAC/fullres/2004/2004_019_003_016_s21-03v01.jpg,album leaf,Qing 18th-19th centuries,ink; paper,sheet: 43.2 cm x 35.3 cm; image: 20.6 cm x 21.1 cm,unknown,A painting of four butterflies and one beetle.,,Gift of Sandy and Cécile Mactaggart
2005.5.319,Blue Silk Gauze Dragon Robe for a Man,https://search.museums.ualberta.ca/21-19541,https://media.museums.ualberta.ca/UAAC/bfw/2005/2005_005_319_op_s19-12v01.jpg,robe,Qing 20th century,blue silk gauze brocaded with metal-wrapped threads,overall: 139.5 cm x 217 cm; neck to hem: 139.5 cm; cuff to cuff: x 217 cm,unknown,,,Gift of Sandy and Cécile Mactaggart
2004.19.11.1,One Scroll from Peach Blossom Spring,https://search.museums.ualberta.ca/21-20448,https://media.museums.ualberta.ca/UAAC/fullres/2004/2004_019_011_001_s21-10v01.jpg,hanging scroll,Qing 18th century,ink and colour on silk,,Yuan Jiang,,,Gift of Sandy and Cécile Mactaggart
2005.5.421,Brown Silk Velvet and Gold Silk Brocade Fragmentary Hanging,https://search.museums.ualberta.ca/21-19643,https://media.museums.ualberta.ca/UAAC/bfw/2005/2005_005_421_re_m01_s20-02v01.jpg,hanging,Qing 19th century,gold wrapped silk thread; silk cut velvet; cotton,overall: 171.8 cm x 58.8 cm,unknown,,,Gift of Sandy and Cécile Mactaggart
2005.5.344,Embroidered Cream Silk Curtains with a Floral Motif,https://search.museums.ualberta.ca/21-19566,https://media.museums.ualberta.ca/UAAC/fullres/2005/2005_005_344_re_s21-03v01.jpg,curtain,Qing 19th century,silk; silk satin; embroidery,overall: 326 cm x 237.5 cm,unknown,,,Gift of Sandy and Cécile Mactaggart
2005.5.511,Embroidered Cream Silk Sleeve Bands,https://search.museums.ualberta.ca/21-19733,https://media.museums.ualberta.ca/UAAC/bfw/2005/2005_005_511_s19-12v01.jpg,sleeve band,Qing 19th century,gold wrapped silk thread; silk; silk brocade braid; silk damask; silk floss; silk satin; embroidery,overall: 67.1 cm x 35.4 cm,unknown,,,Gift of Sandy and Cécile Mactaggart
2010.16.1,Album of Landscape Paintings,https://search.museums.ualberta.ca/21-23197,https://media.museums.ualberta.ca/UAAC/ppt/2010/10_016_001_003s01v01.jpg,album,,ink and colour on paper,overall: 49 cm x 32 cm; sheet: 49 cm x 32 cm; image: 42 cm x 23 cm,Pan Gongshou,,,Purchased by Museums and Collections Services
2005.5.210,Embroidered Black Silk Vest for a Woman,https://search.museums.ualberta.ca/21-19432,https://media.museums.ualberta.ca/UAAC/bfw/2005/2005_005_210_op_s19-12v01.jpg,vest,Qing 19th century,black silk embroidered with silk and edged with pink silk satin brocade,overall: 125 cm x 90 cm,unknown,,,Gift of Sandy and Cécile Mactaggart
2005.5.486,Embroidered Yellow Silk Cushion Cover,https://search.museums.ualberta.ca/21-19708,https://media.museums.ualberta.ca/UAAC/fullres/2005/2005_005_486_re_s22-02v01.jpg,cushion cover,Modern 20th century,silk; silk floss; silk satin; embroidery,overall: 186 cm x 94 cm,unknown,,,Gift of Sandy and Cécile Mactaggart
2005.5.595,Front and Back Panels of a Rank Badge for a Fourth Rank Military Official,https://search.museums.ualberta.ca/21-19817,https://media.museums.ualberta.ca/UAAC/bfw/2005/2005_005_595_002_ve_s19-12v01.jpg,rank badge,Qing 19th century,silk and metal-wrapped thread embroidery with ink,,unknown,"Qing Period (1644-1911), Fourth Rank Military Official (Tiger)

(source: John E. Vollmer & Jacqueline Simcox, ""Emblems of Empire: Selections from the Mactaggart Art Collection,"" (The University of Alberta Press and University of Alberta Museums, Edmonton, Alberta, 2009), p. 74.)",,Gift of Sandy and Cécile Mactaggart
2010.20.1.7.2,"Magnificent Record of the Southern Tours, volume 38, chapter 96",https://search.museums.ualberta.ca/21-23716,https://media.museums.ualberta.ca/UAAC/bfw/2010/2010_020_001_007_002_s20-02v01.jpg,book,,"printed woodblock, thread binding",overall: 29.8 cm x 20.5 cm,Gao Jin,"One set of the Yuzhi nanxun shengdian [Magnificent Record of the Southern Tours], edited by Gao Jin et al. Volume 38. Chapter 96. Mingsheng [Famous sights]. Woodblock printed, thread binding.",,Gift of Sandy and Cécile Mactaggart
2005.5.88.3,Embroidered Silk Fan Case,https://search.museums.ualberta.ca/21-20910,https://media.museums.ualberta.ca/UAAC/bfw/2005/2005_005_088_003_ve_s20-02v01.jpg,fan case,Qing 19th century,silk satin; silk floss; embroidery; cardboard; braided cord; woven ribbon; linen,overall: 61 cm x 5.2 cm x 1.8 cm,unknown,,,Gift of Sandy and Cécile Mactaggart
2005.5.231,Red Silk Tapestry Weave Peony and Lotus Flower Panel,https://search.museums.ualberta.ca/21-19453,https://media.museums.ualberta.ca/UAAC/bfw/2005/2005_005_231_ve_g03_s19-12v01.jpg,panel,Qing 17th-18th centuries,silk tapestry weave,overall: 18.3 cm x 185 cm,unknown,,,Gift of Sandy and Cécile Mactaggart
2005.5.448.5,Uncut Embroidered Yellow Silk Cushion Cover,https://search.museums.ualberta.ca/21-20973,https://media.museums.ualberta.ca/UAAC/bfw/2005/2005_005_448_005_ve_s20-02v01.jpg,cushion cover,Qing 19th century,gold wrapped silk thread; silk floss; silk satin; embroidery; paper,overall: 53.9 cm x 75.3 cm,unknown,,,Gift of Sandy and Cécile Mactaggart
2004.19.68.1.21,Print from the Qianlong Emperor’s Conquests,https://search.museums.ualberta.ca/21-19893,https://media.museums.ualberta.ca/UAAC/fullres/2004/2004_019_068_001_021_s21-03v01.jpg,print,Qing 18th century,silk; paper; ink,overall: 63.1 cm x 112.5 cm; image: 52.2 cm x 92.7 cm,unknown,"A printed calligraphic piece with two red seals, one square and one round.  This manuscript goes along with engraving .68.1.22. It is number 16, chronologically, in the set of 16 copperplate engravings.",,Gift of Sandy and Cécile Mactaggart
2005.5.517,Silk Brocade Yardage,https://search.museums.ualberta.ca/21-19739,https://media.museums.ualberta.ca/UAAC/full/2005/05_005_517s01v01.jpg,yardage,Qing 20th century,gold wrapped silk thread; silk brocade,overall: 72.7 cm x 408 cm,unknown,,,Gift of Sandy and Cécile Mactaggart
2005.5.175,Embroidered Apricot Silk Dragon Robe for the Heir Apparent,https://search.museums.ualberta.ca/21-19397,https://media.museums.ualberta.ca/UAAC/fullres/2005/2005_005_175_ve_s21-03v01.jpg,robe,Qing 19th century,orange silk twill embroidered with silk and metal-wrapped threads,overall: 130 cm x 180 cm; neck to hem: 130 cm; cuff to cuff: x 180 cm,unknown,"This apricot coloured silk dragon robe is embroidered with many auspicious symbols. Nine dragons appear in typical fashion - three on the front, three on the back, two on either shoulder, and one hidden under the outer flap. The narrow sleeve shape follows a typical Manchu imperial court robe with dark blue sleeve inserts and a horse hoof-shaped cuff. Embroidered collar facings and sleeve cuffs feature five-clawed dragons couched in gold metal-wrapped thread, clouds, bats, and auspicious wan symbols. Narrow, gold metal-wrapped thread brocade trim in a geometric pattern edges these borders.
Auspicious symbols can be seen throughout the robe, including the Buddhist eight treasures of lotus, parasol, wheel of the law, victory banner, conch, fish, endless knot, and vase. The hem of this robe has a typical rocks, waves, and standing water pattern. The wan symbol can be found throughout the robe background, which represents ""eternity"" or ""infinity"".",,Gift of Sandy and Cécile Mactaggart
2005.5.350.1,Gilt Metal Mirror from a Guard's Uniform,https://search.museums.ualberta.ca/21-20928,https://media.museums.ualberta.ca/UAAC/bfw/2005/2005_005_350_001_ve_s20-02v01.jpg,mirror,Qing 19th century,brass; silk; silver,overall: 16.5 cm,unknown,,,Gift of Sandy and Cécile Mactaggart
2005.5.187,Embroidered Blue Silk Jacket for a Woman,https://search.museums.ualberta.ca/21-19409,https://media.museums.ualberta.ca/UAAC/bfw/2005/2005_005_187_d01_s19-12v01.jpg,jacket,Qing 19th century,pale blue silk damask edged with blue and purple silk satin facings embroidered with silk and metal-wrapped threads,overall: 99.6 cm x 145.8 cm; neck to hem: 99.6 cm; cuff to cuff: x 145.8 cm,unknown,,,Gift of Sandy and Cécile Mactaggart
2004.19.68.1.13,Print from the Qianlong Emperor’s Conquests,https://search.museums.ualberta.ca/21-19885,https://media.museums.ualberta.ca/UAAC/fullres/2004/2004_019_068_001_013_s21-03v01.jpg,print,Qing 18th century,silk; paper; ink,overall: 63.1 cm x 112.4 cm; image: 52.3 cm x 93 cm,unknown,"A printed calligraphic piece with two square red seals.  This manuscript goes along with engraving .68.1.23. It is number 13, chronologically, in the set of 16 copperplate engravings.",,Gift of Sandy and Cécile Mactaggart
2004.19.72.9,Album Leaf from Figures in River Landscapes,https://search.museums.ualberta.ca/21-20443,https://media.museums.ualberta.ca/UAAC/fullres/2004/2004_019_072_009_s21-03v01.jpg,album leaf,Qing 18th century,ink and colour on paper,,Wang Gai,"This is the ninth leaf from the Figures in River Landscape album by Wang Gai (1677-1705), which is painted with ink and colour on paper. Each leaf contains a landscape, which was painted in situ by Wang Gai. Repeating themes throughout the album include figures immersed in the natural environment, which reflects the literati’s yearning and nostalgia.
In this scene, a man stands on a shore at the bottom of a tall cliff, with his hands folded behind his back, observing the surrounding trees and distant blue mountains. The mountains, the trees shedding leaves and the colours in the painting reveal that the fall season is approaching.",,Gift of Sandy and Cécile Mactaggart
2005.5.533,Two Embroidered Silk Fragmentary Panels,https://search.museums.ualberta.ca/21-19755,https://media.museums.ualberta.ca/UAAC/fullres/2004/2004_019_072_009_s21-03v01.jpg,panel,Qing 19th century,gold wrapped silk thread; silk; silk brocade; silk floss; embroidery,,unknown,,,Gift of Sandy and Cécile Mactaggart
2005.5.169,Embroidered Blue Silk Vest for a Straits Chinese Child,https://search.museums.ualberta.ca/21-19391,https://media.museums.ualberta.ca/UAAC/fullres/2005/2005_005_169_ve_s23-03v01.jpg,vest,Qing 19th century,"pale blue-green silk satin embroidered with silk and metal-wrapped threads, edged with embroidered yellow silk satin",,unknown,,,Gift of Sandy and Cécile Mactaggart
2005.5.590.1,Front Panel of a Rank Badge,https://search.museums.ualberta.ca/21-20736,https://media.museums.ualberta.ca/UAAC/bfw/2005/2005_005_590_001_ve_s19-12v01.jpg,rank badge,Qing 19th-20th centuries,silk; silk satin; embroidery; paper,overall: 27.8 cm x 29.6 cm,unknown,"Rank badges, always made in pairs, were placed on the front and back of surcoats in order to communicate their wearer’s rank during the Ming (1368-1644) and Qing dynasties (1644-1911). Different motifs were regulated by the imperial court, including bird motifs used only for civil officials, while beasts were used for military officials. The hierarchy of ranks within these categories was represented by specific birds and beasts. This badge is considered incomplete, as there is no bird or beast in the design. Surrounding the central blank space are clouds set against a dark background, with a scholar’s rock and wave-like pattern at the bottom.",,Gift of Sandy and Cécile Mactaggart
2005.5.559.1,Front Panel of a Rank Badge for a Fourth Rank Military Official,https://search.museums.ualberta.ca/21-20642,https://media.museums.ualberta.ca/UAAC/bfw/2005/2005_005_559_001_ve_s19-12v01.jpg,rank badge,Qing 19th-20th centuries,gold wrapped silk thread; silk; silk satin; silver wrapped silk thread; embroidery,,unknown,"Rank badges, always made in pairs, were placed on the front and back of surcoats in order to communicate their wearer’s rank during the Ming (1368-1644) and Qing dynasties (1644-1911). Different motifs were regulated by the imperial court, including bird motifs used only for civil officials while beasts were used for military officials. The hierarchy of ranks within these categories was represented by specific birds and beasts. This pair of rank badges features a tiger embroidered in metal-wrapped threads, which represents a fourth rank military official. The tiger is identified by its black stripes and a wan symbol on its forehead, indicating the tiger is a king. 
The front badge is made into two separate panels to accommodate the front opening of a surcoat, while the back badge is made in one piece. The patterns on the front and back badges are identical. The embroidery on this badge is rendered entirely in metal-wrapped threads of varying hues, all expertly couched in place with silk floss. The border contains bats and shou characters, which all act as lucky symbols for the wearer. The tiger is positioned in the middle of the badge, above rocks and standing water waves and surrounded by a sky filled with clouds and lotus flowers. The position of the sun on the right side of the badge indicates that the wearer was a woman, likely the spouse of a military official. The tiger is appliquéd onto the badge background so that it may be easily replaced with other beasts as the military official moves up through the ranks.",,Gift of Sandy and Cécile Mactaggart
2005.5.140.3,Silk Tapestry Weave Chair Cover,https://search.museums.ualberta.ca/21-20877,https://media.museums.ualberta.ca/UAAC/fullres/2005/2005_005_140_003_m01_s22-02v01.jpg,chair cover,Qing 20th century,cotton; gold wrapped silk thread; peacock feathers; silk; silk twist; tapestry weave; ink,overall: 180 cm x 53.5 cm,unknown,,,Gift of Sandy and Cécile Mactaggart
2005.5.477,Blue Silk Gauze Jacket,https://search.museums.ualberta.ca/21-19699,https://media.museums.ualberta.ca/UAAC/bfw/2005/2005_005_477_d01_s19-12v01.jpg,jacket,Qing 19th century,dark blue figured silk gauze,overall: 112 cm x 144 cm,unknown,,,Gift of Sandy and Cécile Mactaggart
2004.19.38.13,Album Leaf from Album of Figures,https://search.museums.ualberta.ca/21-20412,https://media.museums.ualberta.ca/UAAC/fullres/2004/2004_019_038_013_s21-10v01.jpg,album leaf,Qing 19th century,ink and colour on paper,,Ren Yi,"The painting is associated with the poem (2004.19.38.12). It presents a serene scene featuring two figures—a man and a young attendant —sitting on a rock beside a bamboo grove. The man is reading a book held in his hands. His hair is styled in a topknot, giving him a scholarly appearance. The attendant, positioned behind him and slightly to the side, rests his head on his folded arms.
The bamboo grove occupies the left side of the composition, with tall and straight stalks. The background remains minimal, with subtle ink washes creating the impression of a misty, tranquil atmosphere.
The inscription on the left reads, “Ren Yi, also known as Ren Bonian from Shanyin [山陰仁頤伯年],” and the red seal belongs to Ren Yi.",,Gift of Sandy and Cécile Mactaggart
2010.21.7,Black Cut Velvet Panel,https://search.museums.ualberta.ca/21-23813,https://media.museums.ualberta.ca/UAAC/fullres/2010/2010_021_007_re_s21-03v01.jpg,panel,Qing 19th century,Dyed silk and metal-wrapped threads brocade cut velvet with lining,overall: 238 cm x 182.5 cm x .3 cm,unknown,"Black cut velvet panel with a large polychrome five-clawed dragon in the center surrounded by clouds and flaming pearls above crashing waves, rocks and auspicious emblems mounted as a hanging with modern Japanese silk brocade borders.",,Gift of Sandy and Cécile Mactaggart
2004.19.1.1.47,Album Leaf from Illustrations of Costumes from the Qianlong Court,https://search.museums.ualberta.ca/21-20256,https://media.museums.ualberta.ca/UAAC/fullres/2004/2004_019_001_001_047_ve_s21-03v01.jpg,album leaf,Qing 18th century,ink; silk; paper,sheet: 42.2 cm x 40.8 cm; image: 27.9 cm x 24.4 cm,unknown,"This album leaf is part of a section of the illustrations of costumes from the Qianlong court, Huangchao liqi tushi (“The Regulations for the Ceremonial Paraphernalia of the [Qing] Dynasty”). In total there are 34 folios that depict costumes appropriate for the Empress Dowager or Empress to wear at the imperial court along with short descriptive captions. This is the right leaf of one folio (attached to 2004.19.1.46) depicting the front of a vest. The Chinese script describes the pictorial content of the painting and is translated as ""illustration of Court vest chaogua, the second style, for the Empress Dowager and Empress."" This painting is nearly identical to another leaf found in the album, 2004.19.1.1.45.","皇太后 皇后朝褂二圖 Translation of the Chinese text: ""Illustration of Court vest chaogua, the second style, for the Empress Dowager and Empress.""
On the reverse of the piece ""(21)"" is handwritten in pencil on… 

													皇太后 皇后朝褂二圖 Translation of the Chinese text: ""Illustration of Court vest chaogua, the second style, for the Empress Dowager and Empress.""
On the reverse of the piece ""(21)"" is handwritten in pencil on the upper left corner.  Below the pencil number there are two black ink markings. 
Read More +",Gift of Sandy and Cécile Mactaggart
2004.19.3.7,Album Leaf from Insects,https://search.museums.ualberta.ca/21-20080,https://media.museums.ualberta.ca/UAAC/fullres/2004/2004_019_003_007_s21-03v01.jpg,album leaf,Qing 18th-19th centuries,ink; paper,sheet: 43.1 cm x 35.3 cm; image: 32.4 cm x 21.6 cm,unknown,"A highly detailed painting of a pink peony blossom on a branch with a butterfly nearby. This album leaf is from an album painted by Chinese artists for Western export. The Insect album showcases flowers and insects from China, which were interesting to Western collectors in the Qing Dynasty (1644-1911).",,Gift of Sandy and Cécile Mactaggart
2004.19.72.2,Album Leaf from Figures in River Landscapes,https://search.museums.ualberta.ca/21-20436,https://media.museums.ualberta.ca/UAAC/fullres/2004/2004_019_072_002_s21-03v01.jpg,album leaf,Qing 18th century,ink and colour on paper,,Wang Gai,"This is the second leaf from the Figures in River Landscape album by Wang Gai (1677-1705), which is painted with ink and colour on paper. Each leaf contains a landscape, which was painted in situ by Wang Gai. Repeating themes throughout the album include figures immersed in the natural environment, which reflects the literati’s yearning and nostalgia.
This scene contains a scene of solitude within an all-encompassing landscape, in which a scholar and his attendant can be seen conversing in a cottage on the bank of a river. The two cottages, which are on stilts, are surrounded by the river, the mountains and a few pine trees. The foliage in the foreground is much darker and sharper than the landscape in the distance, which creates distance and also a misty dream-like atmosphere. The mountains in the far distance are painted with a wash of light blue paint, which adds to the peaceful scene.",,Gift of Sandy and Cécile Mactaggart
2004.19.29.1,Monk Meditating in Woods,https://search.museums.ualberta.ca/21-20524,https://media.museums.ualberta.ca/UAAC/fullres/2004/2004_019_029_001_rolled_s22-02v01.jpg,handscroll,Ming 16th century,ink and colour on paper,sheet: 30.7 cm x 1197.6 cm; image: 27.5 cm x 133 cm,Qian Gu,"This handscroll painting by Qian Gu (1508 - unknown) depicts a forest landscape with a monk meditating in the center under an arch. The monk is wearing a typical brown Buddhist robe and he has books and pots next to him. A figure across the river observes the monk, but they are separated by a river with a bridge. The forest is painted in green and brown with a loose, less-defined painting style, while the figures have more details added.","Signed by Qian Gu and impressed with 4 artist seals.  The title frontispiece is by the calligrapher Lu Shidao (1517-?).  There are colophons by the following: Wang Guxiang (1501-1568), Xu Jiang, Zhang Xianyi, Zhang…												

													Signed by Qian Gu and impressed with 4 artist seals.  The title frontispiece is by the calligrapher Lu Shidao (1517-?).  There are colophons by the following: Wang Guxiang (1501-1568), Xu Jiang, Zhang Xianyi, Zhang Fengyi (1527-1613), Wang Shizhen (1526-1590), Wen Jia (1501-1583), Peng Nian (1505-1566), and Gu Wenbin (1811-1889).  The scroll has numerous collector's seals.												
Read More +",Gift of Sandy and Cécile Mactaggart
2005.5.386,Embroidered Cream Silk Circular Fan,https://search.museums.ualberta.ca/21-19608,https://media.museums.ualberta.ca/UAAC/bfw/2005/2005_005_386_ve_s20-02v01.jpg,fan,Qing 19th century,gold wrapped silk thread; silk; silk floss; braided thread; ivory; metal wire; embroidery,overall: 45 cm x 28.4 cm,unknown,,,Gift of Sandy and Cécile Mactaggart
2005.5.213,Purple Silk Informal Winter Robe for a Woman,https://search.museums.ualberta.ca/21-19435,https://media.museums.ualberta.ca/UAAC/bfw/2005/2005_005_213_ve_s20-02v01.jpg,robe,Qing 19th century,purple silk damask with black silk satin border embroidered with silk and metal-wrapped threads,overall: 133 cm x 182 cm,unknown,,,Gift of Sandy and Cécile Mactaggart
2004.19.9.1,Album Leaf from Album of Landscapes,https://search.museums.ualberta.ca/21-20497,https://media.museums.ualberta.ca/UAAC/fullres/2004/2004_019_009_001_s21-10v01.jpg,album leaf,Qing 17th-18th centuries,ink and colour on paper,overall: 3.3 cm x 16.8 cm x 26.6 cm; image: 16 cm x 9.9 cm,Yao Song,,,Gift of Sandy and Cécile Mactaggart
2005.5.350,Two Gilt Metal Mirrors from a Guard's Uniform,https://search.museums.ualberta.ca/21-19572,https://media.museums.ualberta.ca/UAAC/full/2005/05_005_350s03v01.jpg,mirror,Qing 19th century,brass; silk; silver,overall:,unknown,,,Gift of Sandy and Cécile Mactaggart
2010.20.1.4.1,"Magnificent Record of the Southern Tours, volumes 19, chapters 47-48",https://search.museums.ualberta.ca/21-23697,https://media.museums.ualberta.ca/UAAC/bfw/2010/2010_020_001_004_001_s20-02v01.jpg,book,,"printed woodblock, thread binding",overall: 29.8 cm x 20.5 cm,Gao Jin,"One set of the Yuzhi nanxun shengdian [Magnificent Record of the Southern Tours], edited by Gao Jin et al. Volumes 19, Chapter 47-48. Hefang [River conservation]. Woodblock printed, thread binding.",,Gift of Sandy and Cécile Mactaggart
2005.5.385.1,Embroidered Cream Silk Sleeve Band,https://search.museums.ualberta.ca/21-20837,https://media.museums.ualberta.ca/UAAC/bfw/2010/2010_020_001_004_001_s20-02v01.jpg,sleeve band,Qing 18th century,cotton; silk floss; silk satin; mat board; embroidery,overall: 105.7 cm x 8.8 cm,unknown,,,Gift of Sandy and Cécile Mactaggart
2004.19.1.1.3,Album Leaf from Illustrations of Costumes from the Qianlong Court,https://search.museums.ualberta.ca/21-20148,https://media.museums.ualberta.ca/UAAC/fullres/2004/2004_019_001_001_003_ve_s21-03v01.jpg,album leaf,Qing 18th century,ink; silk; paper,sheet: 42.2 cm x 40.8 cm; image: 31.7 cm x 34.2 cm,"Huang Dao; Men Yingzhao; Jiang Renshu, and others","This album leaf is part of a section of the illustrations of costumes from the Qianlong court, Huangchao liqi tushi (“The Regulations for the Ceremonial Paraphernalia of the [Qing] Dynasty”). In total there are 34 folios that depict costumes appropriate for the Empress Dowager or Empress to wear at the imperial court along with short descriptive captions. This is the left right leaf of one folio (attached to 2004.19.1.3 2), which depicts a red pleated skirt. The Chinese script describes the pictorial content of the painting and is translated as ""illustration of Summer court skirt chaoqun for the Empress Dowager and Empress.""","皇太后 皇后夏朝裙圖 Translation of the Chinese text: ""Illustration of Summer court skirt chaoqun for the Empress Dowager and Empress""
On the reverse of the piece ""(65)"" is written by hand in pencil on the… 

													皇太后 皇后夏朝裙圖 Translation of the Chinese text: ""Illustration of Summer court skirt chaoqun for the Empress Dowager and Empress""
On the reverse of the piece ""(65)"" is written by hand in pencil on the upper left corner.  Below the pencil number there is a black ink marking composed of three short vertical lines and one horizontal line. 
Read More +",Gift of Sandy and Cécile Mactaggart
2005.5.539,Embroidered Silk Vest for a Women,https://search.museums.ualberta.ca/21-19761,https://media.museums.ualberta.ca/UAAC/bfw/2005/2005_005_539_ve_s19-12v01.jpg,vest,Qing 19th century,purple silk damask with black silk satin facings embroidered with silk,overall: 77.5 cm x 82.7 cm; neck to hem: 77.5 cm,unknown,,,Gift of Sandy and Cécile Mactaggart
2005.5.503,Two Embroidered Blue Silk Fragmentary Panels,https://search.museums.ualberta.ca/21-19725,https://media.museums.ualberta.ca/UAAC/bfw/2005/2005_005_539_ve_s19-12v01.jpg,panel,Qing 19th century,silk; silk damask; silk floss; silk jacquard; silk satin; embroidery,,unknown,,,Gift of Sandy and Cécile Mactaggart
2004.19.72.5,Album Leaf from Figures in River Landscapes,https://search.museums.ualberta.ca/21-20439,https://media.museums.ualberta.ca/UAAC/fullres/2004/2004_019_072_005_s21-03v01.jpg,album leaf,Qing 18th century,ink and colour on paper,,Wang Gai,"This is the fifth leaf from the Figures in River Landscape album by Wang Gai (1677-1705), which is painted with ink and colour on paper. Each leaf contains a landscape, which was painted in situ by Wang Gai. Repeating themes throughout the album include figures immersed in the natural environment, which reflects the literati’s yearning and nostalgia.
In this scene, a solitary man sits under a thatched hut along the bank of the river. The landscape appears quite barren, aside from a large tree shading the hut.",,Gift of Sandy and Cécile Mactaggart
2010.20.1.7.3,"Magnificent Record of the Southern Tours, volume 39, chapters 97-98",https://search.museums.ualberta.ca/21-23717,https://media.museums.ualberta.ca/UAAC/bfw/2010/2010_020_001_007_003_s20-02v01.jpg,book,,"printed woodblock, thread binding",overall: 29.8 cm x 20.5 cm,Gao Jin,"One set of the Yuzhi nanxun shengdian [Magnificent Record of the Southern Tours], edited by Gao Jin et al. Volume 39. Chapters 97-98. Mingsheng [Famous sights]. Woodblock printed, thread binding.",,Gift of Sandy and Cécile Mactaggart
2005.5.227,Embroidered Silk Gauze Roundel,https://search.museums.ualberta.ca/21-19449,https://media.museums.ualberta.ca/UAAC/bfw/2005/2005_005_227_ve_s19-12v01.jpg,roundel,Ming 15th century,silk floss; silk gauze,overall:,unknown,,,Gift of Sandy and Cécile Mactaggart
2005.5.508,Embroidered Pink Silk Sleeve Bands,https://search.museums.ualberta.ca/21-19730,https://media.museums.ualberta.ca/UAAC/bfw/2005/2005_005_508_s19-12v01.jpg,sleeve band,Qing 19th century,gold wrapped silk thread; silk; silk brocade ribbon; silk damask; silk floss; silk satin; embroidery,overall: 65.7 cm x 39.4 cm,unknown,,,Gift of Sandy and Cécile Mactaggart
2004.19.11.6,One Scroll from Peach Blossom Spring,https://search.museums.ualberta.ca/21-20453,https://media.museums.ualberta.ca/UAAC/fullres/2004/2004_019_011_006_s21-10v01.jpg,hanging scroll,Qing 18th century,ink and colour on silk,,Yuan Jiang,,,Gift of Sandy and Cécile Mactaggart
2010.20.1.4.4,"Magnificent Record of the Southern Tours, volumes 22, chapters 53",https://search.museums.ualberta.ca/21-23700,https://media.museums.ualberta.ca/UAAC/bfw/2010/2010_020_001_004_004_s20-02v01.jpg,book,,"printed woodblock, thread binding",overall: 29.8 cm x 20.5 cm,Gao Jin,"One set of the Yuzhi nanxun shengdian [Magnificent Record of the Southern Tours], edited by Gao Jin et al. Volumes 22, Chapter 53. Hefang [River conservation]. Woodblock printed, thread binding.",,Gift of Sandy and Cécile Mactaggart
2010.21.5.1,Left Panel from Pair of Dark Blue Brocade Panel,https://search.museums.ualberta.ca/21-24286,https://media.museums.ualberta.ca/UAAC/fullres/2010/2010_021_005_001_re_s23-01v01.jpg,panel,Qing 19th-20th centuries,Dyed silk brocade with glazed gilt wood frame,overall: 161.4 cm x 54.4 cm x 2.7 cm,unknown,"Left panel from a pair of dark blue silk brocade panels with a design of a flower vase and pendants at the top of the panel, followed by a five-clawed dragon, a round flower and lingzhi medallion and a pair of lion dogs flanking a pavillion on the bottom.",,Gift of Sandy and Cécile Mactaggart
2004.19.15.2,Box for Southern Inspection Tour,https://search.museums.ualberta.ca/21-20521,https://media.museums.ualberta.ca/UAAC/bfw/2004/2004_019_015_002_side_B_s20-02v01.jpg,box,Qing 18th century,lacquer,overall: 16.4 cm x 75.6 cm x 16.9 cm,unknown,"This carved red lacquer box was made to store the Qianlong Emperor’s Southern Inspection Tour, Scroll Two (2004.19.15.1) by Xu Yang. The case, which has a sliding top panel and four sides, is carved with dragons and other imperial designs. The removable top panel is decorated with two dragons and a recessed rectangular space, impressed with the handscroll’s title (nan xun tu), and rocks and waves below. Two panels on both of the box’s long sides are ornamented with two dragons facing toward a flaming pearl in the center. There are small panels on either short end of the box, each with an imperial front-facing dragon, surrounded by clouds, waves, and rocks, which is typical for the period.",The original cinnabar storage box is incised with title of painting.,Gift of Sandy and Cécile Mactaggart
2005.5.607.1,Front Panel of a Rank Badge for a Fifth Rank Civil Official,https://search.museums.ualberta.ca/21-20764,https://media.museums.ualberta.ca/UAAC/bfw/2005/2005_005_607_001_ve_s19-12v01.jpg,rank badge,Qing 19th century,silk floss; silk gauze; silk satin; embroidery,,unknown,"Qing Period (1644-1911), Fifth Rank Civil Official (Silver Pheasant)

(source: John E. Vollmer & Jacqueline Simcox, ""Emblems of Empire: Selections from the Mactaggart Art Collection,"" (The University of Alberta Press and University of Alberta Museums, Edmonton, Alberta, 2009), p. 74.)",,Gift of Sandy and Cécile Mactaggart
2005.5.80,Blue Silk Brocade Dragon Robe for a Man,https://search.museums.ualberta.ca/21-19302,https://media.museums.ualberta.ca/UAAC/fullres/2005/2005_005_080_ve_s21-03v01.jpg,robe,Qing 19th century,blue silk satin brocaded with metal-wrapped threads and silk,overall: 137 cm x 214.5 cm; neck to hem: 137 cm; cuff to cuff: x 214.5 cm,unknown,,,Gift of Sandy and Cécile Mactaggart
2005.5.390,Framed Embroidered Blue Silk Crepe Fragment from a Robe,https://search.museums.ualberta.ca/21-19612,https://media.museums.ualberta.ca/UAAC/fullres/2005/2005_005_390_s23-01v01.jpg,fragment,Ming 17th century,gold wrapped silk thread; silk; plexiglas; wood; embroidery,overall: 104 cm x 113.5 cm,unknown,"Blue silk crepe fragment embroidered with two qilin, which resemble dragons but have hooves instead of claws. This fragment is from a robe, and the two qilin have wrapped around the wearer's collar. The qilin have been rendered in gold metal-wrapped threads, which have been couched into place to add texture to their bodies. They are surrounded by peonies, other flowers, and auspicious symbols. Even though use of the dragon motif was restricted through the Ming (1368-1644) and Qing (1644-1911) dynasties, civilians and lower-ranking courtiers still coveted dragon designs. In order to avoid violating regulations set out by the imperial courts, variations of the dragon motif were applied to textiles, garments, and other material culture.",,Gift of Sandy and Cécile Mactaggart
2005.5.572.1.1,Right Side of the Front Panel of a Rank Badge for a Fifth Rank Civil Official,https://search.museums.ualberta.ca/21-20652,https://media.museums.ualberta.ca/UAAC/fullres/2005/2005_005_390_s23-01v01.jpg,rank badge,Qing 19th century,copper-wrapped silk thread; gold wrapped silk thread; ink; tapestry weave; linen; silk; silver wrapped silk thread,overall: 28.6 cm x 14.7 cm,unknown,,,Gift of Sandy and Cécile Mactaggart
2005.5.292.2,Embroidered Blue Silk Fragmentary Panel from a Woman's Surcoat,https://search.museums.ualberta.ca/21-20854,https://media.museums.ualberta.ca/UAAC/bfw/2005/2005_005_292_002_s19-12v01.jpg,panel,Qing 19th century,silk; silk floss; silk jacquard; silk twill; embroidery,overall: 84.6 cm x 57 cm,unknown,,,Gift of Sandy and Cécile Mactaggart
2005.5.590,Front and Back Panels of a Rank Badge,https://search.museums.ualberta.ca/21-19812,https://media.museums.ualberta.ca/UAAC/bfw/2005/2005_005_590_002_re_s19-12v01.jpg,rank badge,Qing 19th-20th centuries,silk; silk satin; embroidery; paper,,unknown,"Rank badges, always made in pairs, were placed on the front and back of surcoats in order to communicate their wearer’s rank during the Ming (1368-1644) and Qing dynasties (1644-1911). Different motifs were regulated by the imperial court, including bird motifs used only for civil officials, while beasts were used for military officials. The hierarchy of ranks within these categories was represented by specific birds and beasts. This badge is considered incomplete, as there is no bird or beast in the design. Surrounding the central blank space are clouds set against a dark background, with a scholar’s rock and wave-like pattern at the bottom.",,Gift of Sandy and Cécile Mactaggart
2005.5.632,Spectacles and Case,https://search.museums.ualberta.ca/21-19854,https://media.museums.ualberta.ca/UAAC/bfw/2005/2005_005_632_s20-02v01.jpg,spectacles and case,Qing 18th-19th centuries,silk; brass; silk cord; glass,,unknown,,,Gift of Sandy and Cécile Mactaggart
2004.19.1.1.29,Album Leaf from Illustrations of Costumes from the Qianlong Court,https://search.museums.ualberta.ca/21-20237,https://media.museums.ualberta.ca/UAAC/fullres/2004/2004_019_001_001_029_s21-03v01.jpg,album leaf,Qing 18th century,ink; silk; paper,sheet: 42.2 cm x 40.8 cm; image: 33.6 cm x 32.2 cm,unknown,"This album leaf is part of a section of the illustrations of costumes from the Qianlong court, Huangchao liqi tushi (“The Regulations for the Ceremonial Paraphernalia of the [Qing] Dynasty”). In total there are 34 folios that depict costumes appropriate for the Empress Dowager or Empress to wear at the imperial court along with short descriptive captions. This is the right leaf of one folio (attached to 2004.19.1.28) and it contains eight columns of regular script calligraphy describing the regulations of a winter court robe (chaopao), the second style for the empress dowager and empress. The text on this leaf continues onto the attached leaf on the left side.","皇太后 皇后冬朝袍二 謹按 本朝定制 皇太后 皇后冬朝袍 色用明黃 披領及袖俱石青 片金加海龍緣 肩上下襲朝褂處亦加緣 繡文...Translation of the Chinese text: ""Winter court… 

													皇太后 皇后冬朝袍二 謹按 本朝定制 皇太后 皇后冬朝袍 色用明黃 披領及袖俱石青 片金加海龍緣 肩上下襲朝褂處亦加緣 繡文...Translation of the Chinese text: ""Winter court robe, chaopao, the second style for the Empress Dowager and Empress/In accordance with the decree of the present dynasty:/The winter robes of the Empress Dowager and Empress are bright yellow in colour, with the flared shoulder collar and sleeves in azurite-blue colour with golden bands trimmed with seal fur. Also, at the joint places of the sleeves and shoulders decorate with trimming, just like [the trimming on] the court vest. [text continued on left leaf, 2004.19.1.1.28]""
(Translated and transcribed by Lisa Claypool, Ed., China’s Imperial Modern: The Painter’s Craft, Edmonton, AB: University of Alberta Museums, 2012, p. 104; Modified by Isabel Pi-fen Chueh)
On the reverse of the piece ""(39)"" is handwritten in pencil on the upper left corner.  Below the pencil number there are two black ink markings. 
Read More +",Gift of Sandy and Cécile Mactaggart
2005.5.116,Black and Gold Silk Yardage for a Man's Official Court Robe,https://search.museums.ualberta.ca/21-19338,https://media.museums.ualberta.ca/UAAC/fullres/2005/2005_005_116_re_m01_s23-01v01.jpg,yardage,Qing 19th century,gold wrapped silk thread; silk brocade; silk twill,overall: 498 cm x 79 cm,unknown,,,Gift of Sandy and Cécile Mactaggart
2005.5.537.1,Silk Tapestry Weave Panel,https://search.museums.ualberta.ca/21-20826,https://media.museums.ualberta.ca/UAAC/bfw/2005/2005_005_537_001_s19-12v01.jpg,panel,Qing 20th century,gold wrapped silk thread; peacock feathers; silk; silk brocade; silk satin; tapestry weave,overall: 69.9 cm x 51.9 cm,unknown,"Silk tapestry weave panel with a fragment of a five-clawed dragon trimmed with brocade fabric and lined with plain silk. The dragon is green with peacock-feather threads and surrounded by clouds, flaming pearls, and waves. Gold metal-wrapped threads outline the dragon, clouds, and waves.",,Gift of Sandy and Cécile Mactaggart
2005.5.364.2,Fragmentary Panel from an Imperial Robe,https://search.museums.ualberta.ca/21-20834,https://media.museums.ualberta.ca/UAAC/bfw/2005/2005_005_364_002_s19-12v01.jpg,panel,Qing 19th century,gold wrapped silk thread; silk; silk satin; silk tapestry weave,overall: 81.9 cm x 53.7 cm,unknown,,,Gift of Sandy and Cécile Mactaggart
2005.5.145.2,Red Silk Cut Velvet Hanging,https://search.museums.ualberta.ca/21-20881,https://media.museums.ualberta.ca/UAAC/fullres/2005/2005_005_145_002_re_s21-03v01.jpg,hanging,Qing 19th century,silk; silk velvet brocade,overall: 195.1 cm x 177.1 cm,unknown,,,Gift of Sandy and Cécile Mactaggart
2005.5.337.2.1,Base of Black Lacquer Hat Storage Box,https://search.museums.ualberta.ca/21-21017,https://media.museums.ualberta.ca/UAAC/fullres/2005/2005_005_145_002_re_s21-03v01.jpg,box,Qing 19th-20th centuries,black lacquer with metal plate,overall: 10.2 cm x 36.9 cm,unknown,,,Gift of Sandy and Cécile Mactaggart
2005.5.215,Embroidered Cream Silk Picture,https://search.museums.ualberta.ca/21-19437,https://media.museums.ualberta.ca/UAAC/bfw/2005/2005_005_215_ve_s20-02v01.jpg,hanging,Modern 20th century,off-white silk satin embroidered with silk,overall: 208.4 cm x 69.6 cm,unknown,,,Gift of Sandy and Cécile Mactaggart
2005.5.310,Silk Tapestry Weave Dragon and Phoenix Roundel,https://search.museums.ualberta.ca/21-19532,https://media.museums.ualberta.ca/UAAC/full/2005/05_005_310s01v01.jpg,roundel,Ming 16th century,silk tapestry weave,overall: 33.5 cm x 32.7 cm; frame: 53.5 cm x 53.6 cm,unknown,,,Gift of Sandy and Cécile Mactaggart
2005.5.211,Embroidered Blue Silk Jacket for a Woman,https://search.museums.ualberta.ca/21-19433,https://media.museums.ualberta.ca/UAAC/bfw/2005/2005_005_211_ve_s20-02v01.jpg,jacket,Qing 19th century,pale blue silk damask embroidered with silk and edged with embroidered off-white silk satin sleeve bands and facings,overall: 107.8 cm x 136.6 cm,unknown,,,Gift of Sandy and Cécile Mactaggart
2005.5.506.1,Silk Tapestry Weave Sleeve Band,https://search.museums.ualberta.ca/21-20803,https://media.museums.ualberta.ca/UAAC/bfw/2005/2005_005_506_001_s19-12v01.jpg,sleeve band,Qing 19th century,ink; silk; silk brocade; silk satin; silk tapestry weave; silk brocade ribbon; adhesive,overall: 64.4 cm x 30.1 cm,unknown,"A silk tapestry weave sleeve band that has been attached to a thick brocade border and lining, possibly to recreate it into a decorative object. This sleeve band mirrors the scene of its partner, which depicts five children - all boys - playing in a garden amongst peonies, peaches, trees, and rocks. The children are dressed in garments that were popular for youth in the Qing Dynasty (1644-1911). A boy near the top of the band holds a conch shell, which is an auspicious Buddhist symbol. Although this band is woven in kesi, details have been added with painted ink, including colour gradients in the flowers and children's clothing. Sleeve bands are the wide decorated cuffs attached to women's robes and jackets, often made and sold separately from the rest of the garment. They became important commercial objects in the Qing Dynasty as they are modular accessories that could be purchased in a market and attached to the garment at home.",,Gift of Sandy and Cécile Mactaggart
2005.5.514,Silk Brocade Yardage,https://search.museums.ualberta.ca/21-19736,https://media.museums.ualberta.ca/UAAC/fullres/2005/2005_005_514_g02_s22-02v01.jpg,yardage,Qing 20th century,gold wrapped silk thread; silk brocade,overall: 79 cm x 773 cm,unknown,,,Gift of Sandy and Cécile Mactaggart
2010.20.2.1,"Mustard Seed Garden Painting Manual, 1st edition, chapter 1",https://search.museums.ualberta.ca/21-23661,https://media.museums.ualberta.ca/UAAC/fullres/2005/2005_005_514_g02_s22-02v01.jpg,book,Qing 19th century,"printed woodblock, thread binding",overall: 26.1 cm x 18 cm x .8 cm,Wang Gai,"One imprint of the Jieziyuan huazhuan [Mustard Seed Garden Painting Manual], illustrated by Wang Gai. 5 vols, chapter 1. Woodblock printed, thread binding. Later 19th century imprint of original 1679 edition on landscape published by Li Yü in Nanjing.",,Gift of Sandy and Cécile Mactaggart
2005.5.437,Green and Gold Silk Brocade,https://search.museums.ualberta.ca/21-19659,https://media.museums.ualberta.ca/UAAC/fullres/2005/2005_005_437_re_g02_s22-02v01.jpg,yardage,Qing 19th century,gold wrapped silk thread; silk brocade,overall: 276.5 cm x 101.5 cm,unknown,,,Gift of Sandy and Cécile Mactaggart
2004.19.42,Birds,https://search.museums.ualberta.ca/21-19107,https://media.museums.ualberta.ca/UAAC/fullres/2004/2004_019_042_d01_s22-02v01.jpg,hanging scroll,Modern 20th century,ink on paper,sheet: 165.1 cm x 59.4 cm; image: 98.9 cm x 39.9 cm,Pan Tianshou,A hanging scroll painting of two birds and a rock.,Signed by Sanmen Lin Ren and impressed with 1 seal of the artist.  There is an attached inscription by Zhu Lesan that is dated 1964.,Gift of Sandy and Cécile Mactaggart
2005.5.295.3,Embroidered Red Silk Cushion Cover,https://search.museums.ualberta.ca/21-20861,https://media.museums.ualberta.ca/UAAC/fullres/2005/2005_005_295_003_re_s22-02v01.jpg,cushion cover,Qing 19th century,gold wrapped silk thread; silk; silk brocade; silk satin; embroidery,overall: 58.6 cm x 65.8 cm,unknown,,,Gift of Sandy and Cécile Mactaggart
2005.5.380.2,Embroidered Yellow Silk Sleeve Band,https://search.museums.ualberta.ca/21-20840,https://media.museums.ualberta.ca/UAAC/fullres/2005/2005_005_295_003_re_s22-02v01.jpg,sleeve band,Qing 18th century,silk; silk brocade ribbon; silk floss; silk satin; embroidery,overall: 101.1 cm x 16.2 cm,unknown,,,Gift of Sandy and Cécile Mactaggart
2005.12.72,grey round stone,https://search.museums.ualberta.ca/13-171450,https://media.museums.ualberta.ca/UAAC/fullres/2005/2005_005_295_003_re_s22-02v01.jpg,talisman,,,,,"Small grey round stone, with scalloped oval white spot on one side; letters written in black in on the white spot reads 'HUG"", remnants of paper on one end of spot.",,Bequest of Lois Hole
2005.5.434,Blue Silk Brocade Hanging,https://search.museums.ualberta.ca/21-19656,https://media.museums.ualberta.ca/UAAC/bfw/2005/2005_005_434_ve_s20-02v01.jpg,hanging,Qing 17th-18th centuries,cotton; gold wrapped silk thread; silk; silk brocade; nylon netting,overall: 230 cm x 205.2 cm,unknown,,,Gift of Sandy and Cécile Mactaggart
2005.5.148,Green Silk Tapestry Weave Skirt for a Woman,https://search.museums.ualberta.ca/21-19370,https://media.museums.ualberta.ca/UAAC/bfw/2005/2005_005_148_ve_s19-12v01.jpg,skirt,Qing 19th century,green silk and metal-wrapped thread tapestry weave,overall: 87.5 cm x 63.5 cm,unknown,,,Gift of Sandy and Cécile Mactaggart
2005.5.532,Brocade Silk Hanging,https://search.museums.ualberta.ca/21-19754,https://media.museums.ualberta.ca/UAAC/fullres/2005/2005_005_532_re_s23-01v01.jpg,hanging,Qing 19th century,gold wrapped silk thread; ink; silk; silk brocade; silk satin,overall: 140.9 cm x 79.5 cm,unknown,,,Gift of Sandy and Cécile Mactaggart
2005.5.368,Embroidered Green Silk Informal Robe for a Woman,https://search.museums.ualberta.ca/21-19590,https://media.museums.ualberta.ca/UAAC/fullres/2005/2005_005_368_ve_s21-03v01.jpg,robe,Qing 19th century,green silk twill embroidered with silk,overall: 140 cm x 132 cm; neck to hem: 140 cm; cuff to cuff: x 132 cm,unknown,,,Gift of Sandy and Cécile Mactaggart
2005.5.75,Silk Formal Vest for a Woman,https://search.museums.ualberta.ca/21-19297,https://media.museums.ualberta.ca/UAAC/bfw/2005/2005_005_075_ve_s19-12v01.jpg,vest,Qing 19th century,dark blue silk satin embroidered with silk and metal-wrapped threads and edged with green silk fringe,overall: 106 cm x 86 cm; neck to hem: 106 cm,unknown,"This embroidered vest with a fringe features a rank badge with a crane - which represents the first civil rank - indicating that the female wearer’s patriarch likely held this position. The design appears on both the front and back surrounded by symmetrical embroidered dragons and phoenixes. Ruyi-shaped clouds in blue, red, yellow, and green adorn the black silk. The lower part is decorated with motifs of rocks, curling waves, and diagonally-striped water. The hem of the vest is trimmed with a long fringe of green silk.",,Gift of Sandy and Cécile Mactaggart
2004.19.92,"Battle Scene from the Muslim Rebellions in Shaanxi, Gansu and Xinjiang Provinces",https://search.museums.ualberta.ca/21-19157,https://media.museums.ualberta.ca/UAAC/bfw/2004/2004_019_092_d04_s23-02v01.jpg,painting,Qing 19th-20th centuries,ink and colour on silk,overall: 143 cm x 315 cm x 3.2 cm; image: 136.1 cm x 307.7 cm,unknown,"A large painting on silk depicting the Muslim Rebellion in Shaanxi, Gansu and Xinjiang provinces, which are represented homogeneously as a landscape with cliffs, mountains, a river and trees. A strategic perspective from atop a mountain oversees all of the action, including various army camps and infantry. Some mounted soldiers appear in active pursuit of their enemy, while other regiments march in formation. Notable figures have small name plates positioned above their heads to identify them to the viewer.
This painting is part of a larger series of approximately 70 paintings commissioned by the Guangxu Emperor in 1885, approved by Empress Dowager Cixi in 1886, and completed in 1890. These paintings - split into four groups - commemorate the Taiping War, the Nian Rebellion, the Muslim Rebellion in Yunnan and Guizhou provinces, and the Muslim Rebellion on the southwest and northwest borders. The military prowess of the Qing government is highlighted and glorified in each of these paintings. Two of these paintings are accessioned in the Mactaggart Art Collection, please see Battle Scene from the Muslim Rebellions in Shaanxi, Gansu and Xinjiang Provinces (2004.19.92)",,Gift of Sandy and Cécile Mactaggart
2010.16.1.4,Album Leaf from Album of Landscape Paintings,https://search.museums.ualberta.ca/21-23572,https://media.museums.ualberta.ca/UAAC/ppt/2010/10_016_001_004s01v01.jpg,album leaf,,ink and colour on paper,overall: 49 cm x 32 cm; sheet: 49 cm x 32 cm; image: 42 cm x 23 cm,Pan Gongshou,,,Purchased by Museums and Collections Services
2004.19.38.19,Album Leaf from Album of Figures,https://search.museums.ualberta.ca/21-20418,https://media.museums.ualberta.ca/UAAC/fullres/2004/2004_019_038_019_s21-10v01.jpg,album leaf,Qing 19th century,ink and colour on paper,,Ren Yi,"The painting is associated with the poem (2004.19.38.18). 
It depicts a man resting under a tree alongside an ox. The figure, clothed in plain robes, rests calmly against the tree trunk, with his head tilted forward. Beside him, the ox faces away from the viewer, showing its back. The tree they lean on is adorned with sparse leaves, indicating the transition of seasons, possibly autumn. Its branches stretch across the composition, framing the scene and adding a sense of depth. 
The inscription on the right states, “Written by Ren Yi, also known as Ren Bonian from Shanyin, in his residence at the sea [山陰任頤伯年甫寫於海上庽齋]”, and the red seal belongs to Ren Yi.",,Gift of Sandy and Cécile Mactaggart
2004.19.2.36,Album Leaf from Illustrations of Chinese Costumes,https://search.museums.ualberta.ca/21-20047,https://media.museums.ualberta.ca/UAAC/fullres/2004/2004_019_002_036_s21-10v01.jpg,album leaf,Qing 18th century,ink; paper,sheet: 17.2 cm x 27.9 cm; image: 10.9 cm x 16.3 cm,unknown,"This album leaf is a part of a 48-page album that depicts Chinese subjects participating in various aspects of daily life, including government business, daily life, cultural customs, modes of transportation, and corporal punishment. This leaf contains an ink and watercolour depiction of a soldier and a man dressed in a long blue robe with a brimmed hat with a feather. The soldier, left, holds a shield with a tiger face and a long sword.",,Gift of Sandy and Cécile Mactaggart
2009.8.7,Blue Silk Tapestry Weave Semi Formal Robe for a Man,https://search.museums.ualberta.ca/21-22444,https://media.museums.ualberta.ca/UAAC/ppt/2009/09_008_007s01v01d02.jpg,robe,,blue silk and metal-wrapped thread tapestry weave,overall: 104 cm x 139.9 cm,unknown,,,Gift of Jean Small
2004.19.72.11,Album Leaf from Figures in River Landscapes,https://search.museums.ualberta.ca/21-20445,https://media.museums.ualberta.ca/UAAC/fullres/2004/2004_019_072_011_s21-03v01.jpg,album leaf,Qing 18th century,ink and colour on paper,,Wang Gai,"This is the eleventh leaf from the Figures in River Landscape album by Wang Gai (1677-1705), which is painted with ink and colour on paper. Each leaf contains a landscape, which was painted in situ by Wang Gai. Repeating themes throughout the album include figures immersed in the natural environment, which reflects the literati’s yearning and nostalgia.
Amidst the shade of trees, the breeze from the mountains, and the fog in the air, two figures in a cottage relish nature's treat and leisure time. The centre of the painting features a stream of waterfalls flowing down.",,Gift of Sandy and Cécile Mactaggart
2005.5.544.1,Front Panel of a Rank Badge for a First Rank Civil Official,https://search.museums.ualberta.ca/21-20610,https://media.museums.ualberta.ca/UAAC/bfw/2005/2005_005_544_001_ve_s19-12v01.jpg,rank badge,Qing 19th century,copper-wrapped silk thread; gold wrapped silk thread; ink; linen; silk; silver wrapped silk thread; tapestry weave,overall: 28.7 cm x 31.5 cm,unknown,"Rank badges, always made in pairs, were placed on the front and back of surcoats in order to communicate their wearer’s rank during the Ming (1368-1644) and Qing dynasties (1644-1911). Different motifs were regulated by the imperial court, including bird motifs used only for civil officials, while beasts were used for military officials. The hierarchy of ranks within these categories was represented by specific birds and beasts. This rank badge features a crane, representing a first rank civil official. It is centrally-positioned, perched on a rock with its wings outstretched, gazing toward the sun in the upper left corner. Surrounding the birds are peonies, clouds, and auspicious ornaments.",,Gift of Sandy and Cécile Mactaggart
2005.5.570.2,Back Panel of a Rank Badge for a Fifth Rank Civil Official,https://search.museums.ualberta.ca/21-20713,https://media.museums.ualberta.ca/UAAC/bfw/2005/2005_005_570_002_ve_s19-12v01.jpg,rank badge,Qing 19th century,gold wrapped silk thread; ink; tapestry weave; linen; silk; silver wrapped silk thread,overall: 28.6 cm x 29.5 cm,unknown,"Qing Period (1644-1911), Fifth Rank Civil Official (Silver Pheasant)

(source: John E. Vollmer & Jacqueline Simcox, ""Emblems of Empire: Selections from the Mactaggart Art Collection,"" (The University of Alberta Press and University of Alberta Museums, Edmonton, Alberta, 2009), p. 74.)",,Gift of Sandy and Cécile Mactaggart
2010.21.9.2,Female Figure from Pair of Guardian Lion Dogs,https://search.museums.ualberta.ca/21-24289,https://media.museums.ualberta.ca/UAAC/bfw/2005/2005_005_570_002_ve_s19-12v01.jpg,sculpture,Modern 20th century,White-marble stone,overall: 170.5 cm x 72.9 cm x 103.5 cm,unknown,Carved white marble lion dog sculpture mounted in a plexi glass case.,,Gift of Sandy and Cécile Mactaggart
2010.16.1.13,Album Leaf from Album of Landscape Paintings,https://search.museums.ualberta.ca/21-23581,https://media.museums.ualberta.ca/UAAC/ppt/2010/10_016_001_013s01v01.jpg,album leaf,,ink and colour on paper,overall: 49 cm x 32 cm; sheet: 49 cm x 32 cm; image: 42 cm x 23 cm,Pan Gongshou,,,Purchased by Museums and Collections Services
2004.19.1.1.51,Album Leaf from Illustrations of Costumes from the Qianlong Court,https://search.museums.ualberta.ca/21-20260,https://media.museums.ualberta.ca/UAAC/fullres/2004/2004_019_001_001_051_s21-03v01.jpg,album leaf,Qing 18th century,ink; silk; paper,sheet: 42.2 cm x 40.8 cm; image: 32.7 cm x 26.6 cm,unknown,"This album leaf is part of a section of the illustrations of costumes from the Qianlong court, Huangchao liqi tushi (“The Regulations for the Ceremonial Paraphernalia of the [Qing] Dynasty”). In total there are 34 folios that depict costumes appropriate for the Empress Dowager or Empress to wear at the imperial court along with short descriptive captions. This is the right leaf of one folio (attached to 2004.19.1.50) depicting the front of a vest. The Chinese script describes the pictorial content of the painting and is translated as ""illustration of Court vest chaogua, the first style, for the Empress Dowager and Empress.""","皇太后 皇后朝褂一圖 Translation of the Chinese text: ""Illustration of Court vest chaogua, the first style, for the Empress Dowager and Empress.""
On the reverse of the piece ""(17)"" is handwritten in pencil on… 

													皇太后 皇后朝褂一圖 Translation of the Chinese text: ""Illustration of Court vest chaogua, the first style, for the Empress Dowager and Empress.""
On the reverse of the piece ""(17)"" is handwritten in pencil on the upper left corner.  Below the pencil numbers are two black ink markings.  
Read More +",Gift of Sandy and Cécile Mactaggart
2005.5.548,Front and Back Panels of a Rank Badge for a Fifth Rank Civil Official,https://search.museums.ualberta.ca/21-19770,https://media.museums.ualberta.ca/UAAC/bfw/2005/2005_005_548_002_re_s19-12v01.jpg,rank badge,Qing 18th-19th centuries,gold wrapped silk thread; silk damask; silk floss; silk satin; embroidery,,unknown,"Rank badges, always made in pairs, were placed on the front and back of surcoats in order to communicate their wearer’s rank during the Ming (1368-1644) and Qing dynasties (1644-1911). Different motifs were regulated by the imperial court, including bird motifs used only for civil officials while beasts were used for military officials. The hierarchy of ranks within these categories was represented by specific birds and beasts. This pair of rank badges features a silver pheasant representing the fifth rank of a civil official. This bird is identified by its white feathers, white crown with a red stripe and long tail.
The front badge is made into two separate panels to accommodate the front opening of a surcoat, while the back badge is made in one piece. The patterns on the front and back badges are identical. This rank badge pair was decorated with delicate seed stitches, also referred to as “Peking knots” or ta tzu. Gold metal-wrapped thread is couched around some of the colourful motifs as a border. In the centre of the badge, a silver pheasant, standing on rocks above waves, looks toward a red sun in the upper left corner. An embellished canopy floats above the bird, while the Eight Buddhist treasures surround it, including lotuses, the wheel, the parasol, the vase, the conch, the fish and the endless knot. The border of the badge is decorated with blue and white floral motifs and gold geometric patterns.",,Gift of Sandy and Cécile Mactaggart
2022.7.5.1,Front Panel of a Rank Badge for a Sixth Rank Military Official,https://search.museums.ualberta.ca/21-27268,https://media.museums.ualberta.ca/UAAC/fullres/2022/2022_007_005_001_ve_s23-03v01.jpg,rank badge,,Polychrome silk floss and metal-wrapped thread embroidery on silk satin,overall: 30.8 cm x 30.5 cm,unknown,"Rank badges, always made in pairs, were placed on the front and back of surcoats in order to communicate their wearer’s rank during the Ming (1368-1644) and Qing dynasties (1644-1911). Different motifs were regulated by the imperial court, including bird motifs used only for civil officials, while beasts were used for military officials. The hierarchy of ranks within these categories was represented by specific birds and beasts. 
This rank badge features a panther, symbolizing a sixth rank military official. The panther is raising its head toward a sun disk in the upper right corner and surrounded by ruyi-shaped clouds.",,Purchased by University of Alberta Museums
2005.5.562.1,Front Panel of a Rank Badge for a Fourth Rank Civil Official,https://search.museums.ualberta.ca/21-20718,https://media.museums.ualberta.ca/UAAC/bfw/2005/2005_005_562_001_ve_s19-12v01.jpg,rank badge,Qing 19th century,copper-wrapped silk thread; gold wrapped silk thread; ink; tapestry weave; linen; silk; silver wrapped silk thread,,unknown,"Qing Period (1644-1911), Fourth Rank Civil Official (Wild Goose)

(source: John E. Vollmer & Jacqueline Simcox, ""Emblems of Empire: Selections from the Mactaggart Art Collection,"" (The University of Alberta Press and University of Alberta Museums, Edmonton, Alberta, 2009), p. 74.)",,Gift of Sandy and Cécile Mactaggart
2005.5.226,Embroidered Black Silk Skirt and Collar,https://search.museums.ualberta.ca/21-19448,https://media.museums.ualberta.ca/UAAC/bfw/2005/2005_005_226_re_d01_s19-12v01.jpg,skirt and collar,Qing 20th century,black silk gauze embroidered with silk and metal-wrapped threads,,unknown,,,Gift of Sandy and Cécile Mactaggart
2005.5.261,Silk Tapestry Weave Jacket and Badge,https://search.museums.ualberta.ca/21-19483,https://media.museums.ualberta.ca/UAAC/bfw/2005/2005_005_261_re_s19-12v01.jpg,jacket and badge,Qing 18th century,"metal-wrapped thread, silk and peacock feather-wrapped thread tapestry weave with metal studs",overall: 72 cm x 150.6 cm; cuff to cuff: x 150.6 cm,unknown,"A silk tapestry weave jacket with a removable silk tapestry weave badge attached to the front. There are five green dragons woven across the torso and upper sleeves. An older style of dragon, kuilong, can be found under either sleeve on the side of the torso. These blue dragons are curvilinear and vine-like, compared to the rest of the dragons on the jacket. A green version of the kuilong is seen on the removable badge. The tapestry weave portion of the coat and badge are trimmed with two colours of metal-wrapped thread brocades, as well as metal studs, which resemble those found on military garments. The cuffs of the jacket are trimmed with appliqued brocade, which has been cut into a ruyi-shaped design.",,Gift of Sandy and Cécile Mactaggart
2004.19.38.4,Album Leaf from Album of Figures,https://search.museums.ualberta.ca/21-20403,https://media.museums.ualberta.ca/UAAC/fullres/2004/2004_019_038_004_s21-10v01.jpg,album leaf,Qing 19th century,ink and colour on paper,,Ren Yi,"This album leaf is one of thirteen inscriptions in Ren Yi’s Album of Figures, featuring a four-line poem with seven characters per line. The poem was written in cursive script by Taixi (1899–1989) and later attached to Ren Yi’s paintings. The text is associated with the imagery on the album leaf attached beneath it (2004.19.38.5).",,Gift of Sandy and Cécile Mactaggart
2005.5.120,Blue Brocade Silk Hanging with Four Clawed Dragons,https://search.museums.ualberta.ca/21-19342,https://media.museums.ualberta.ca/UAAC/fullres/2005/2005_005_120_re_s21-03v01.jpg,hanging,Qing 19th century,gold wrapped silk thread; silk; silk brocade; silver wrapped silk thread; silk satin,overall: 195 cm x 202 cm,unknown,,,Gift of Sandy and Cécile Mactaggart
2005.5.474,Blue Silk Tapestry Weave Court Robe for a Man,https://search.museums.ualberta.ca/21-19696,https://media.museums.ualberta.ca/UAAC/fullres/2005/2005_005_474_ve_s21-03v01.jpg,robe,Qing 20th century,blue silk and metal-wrapped thread tapestry weave,overall: 143.5 cm x 113 cm; neck to hem: 143.5 cm; cuff to cuff: x 113 cm,unknown,,,Gift of Sandy and Cécile Mactaggart
2005.5.263,Embroidered Red Silk Banner,https://search.museums.ualberta.ca/21-19485,https://media.museums.ualberta.ca/UAAC/bfw/2005/2005_005_263_ve_s20-02v01.jpg,banner,Qing 18th century,silk satin embroidered with silk and metal-wrapped threads,overall: 145.5 cm x 193 cm,unknown,"Red silk satin banner embroidered with dragon, flames, clouds, and flaming pearl. The  yellow silk damask trim adds a flame-like border. In military campaigns, the emperor’s regiment used dragon motifs to distinguish themselves from lower-ranking military units. This five-clawed dragon banner would have been used in the emperor’s procession, which followed him during ceremonies.This type of flag is also illustrated in the Huangchao Liqi Tushi (“Illustrated Regulations of the Ceremonial Paraphernalia of the Imperial Qing dynasty”) and is titled “The Banner [style] for the Eight-banner System in Emperor’s Procession.” The backside of the banner has no decoration.",,Gift of Sandy and Cécile Mactaggart
2005.5.33,Blue Silk Yardage Fragment for an Uncut Dragon Robe,https://search.museums.ualberta.ca/21-19255,https://media.museums.ualberta.ca/UAAC/fullres/2005/2005_005_033_ve_s22-02v01.jpg,yardage,Qing 19th-20th centuries,silk satin; silk; metal thread; silk floss; embroidery; gold wrapped silk thread,overall: 133 cm x 74.3 cm,unknown,,,Gift of Sandy and Cécile Mactaggart
2005.5.553.1,Front Panel of a Rank Badge for a Fifth Rank Civil Official,https://search.museums.ualberta.ca/21-20630,https://media.museums.ualberta.ca/UAAC/bfw/2005/2005_005_553_001_ve_s19-12v01.jpg,rank badge,Qing 19th century,gold wrapped silk thread; silk; silk floss; silk satin; silver wrapped silk thread; embroidery,overall: 28.6 cm x 29.7 cm,unknown,"Rank badges, always made in pairs, were placed on the front and back of surcoats in order to communicate their wearer’s rank during the Ming (1368-1644) and Qing dynasties (1644-1911). Different motifs were regulated by the imperial court, including bird motifs used only for civil officials while beasts were used for military officials. The hierarchy of ranks within these categories was represented by specific birds and beasts. This pair of rank badges features a silver pheasant representing the fifth rank of a civil official. This bird is identified by its white feathers, white crown with a red stripe and long tail.
The front badge is made into two separate panels to accommodate the front opening of a surcoat, while the back badge is made in one piece. The patterns on the front and back badges are identical. This rank badge pair was decorated with smooth satin stitches surrounded by couched metal-wrapped threads. Bats (which represent fortune) and auspicious motifs are scattered among coin-shaped clouds. The background is filled with green geometric lines and  wan symbols (similar in form, but not ideology, to a swastika), which symbolize infinity. In the centre of the badge is a silver pheasant standing on rocks above the waves and water, looking toward a red sun in the upper right corner. The position of the sun on the right side of the badge indicates that the badge was used by the spouse of a civil official and decorated with her husband’s rank.",,Gift of Sandy and Cécile Mactaggart
2010.20.1.3.4,"Magnificent Record of the Southern Tours, volume 16, chapters 40-42",https://search.museums.ualberta.ca/21-23694,https://media.museums.ualberta.ca/UAAC/bfw/2010/2010_020_001_003_004_s20-02v01.jpg,book,,"printed woodblock, thread binding",overall: 29.8 cm x 20.5 cm,Gao Jin,"One set of the Yuzhi nanxun shengdian [Magnificent Record of the Southern Tours], edited by Gao Jin et al. Volume 16, Chapter 40-42. Juanchu [Alleviation of suffering]. Woodblock printed, thread binding.",,Gift of Sandy and Cécile Mactaggart
2005.5.266,Brown Silk Brocade Dragon Robe,https://search.museums.ualberta.ca/21-19488,https://media.museums.ualberta.ca/UAAC/bfw/2005/2005_005_266_op_s19-12v01.jpg,robe,Qing 19th century,brown silk satin brocaded with silk and metal-wrapped threads,overall: 132.2 cm x 179.8 cm; neck to hem: 132.2 cm; cuff to cuff: x 179.8 cm,unknown,,,Gift of Sandy and Cécile Mactaggart
2005.5.541,Embroidered Silk Hat for an Actor,https://search.museums.ualberta.ca/21-19763,https://media.museums.ualberta.ca/UAAC/full/2005/05_005_541s03v01d02.jpg,hat,Qing 19th century,fur; metallic thread; silk; metal; mirror; silk damask; brocade braid; embroidery,overall: 47 cm x 35 cm,unknown,,,Gift of Sandy and Cécile Mactaggart
2005.5.578.1,Front Panel of a Rank Badge for a Fifth Rank Civil Official,https://search.museums.ualberta.ca/21-20674,https://media.museums.ualberta.ca/UAAC/bfw/2005/2005_005_578_001_ve_s19-12v01.jpg,rank badge,Qing 19th-20th centuries,gold wrapped silk thread; silk; silk floss; silk gauze; silk damask; embroidery,,unknown,"Qing Period (1644-1911), Fifth Rank Civil Official (Silver Pheasant)

(source: John E. Vollmer & Jacqueline Simcox, ""Emblems of Empire: Selections from the Mactaggart Art Collection,"" (The University of Alberta Press and University of Alberta Museums, Edmonton, Alberta, 2009), p. 74.)",,Gift of Sandy and Cécile Mactaggart
2004.19.71.2,Album Leaf from Landscapes After the Old Masters,https://search.museums.ualberta.ca/21-20426,https://media.museums.ualberta.ca/UAAC/fullres/2004/2004_019_071_002_s21-03v01.jpg,album leaf,Qing 17th century,ink on paper,,Wang Shimin,Imitates the style of Mi Fu.,,Gift of Sandy and Cécile Mactaggart
2004.19.15.2.2,Lid of Box for Southern Inspection Tour,https://search.museums.ualberta.ca/21-20523,https://media.museums.ualberta.ca/UAAC/full/2004/19-15-2-2_1.jpg,"box, lid",Qing 18th century,lacquer,,unknown,Lid of lacquer storage box for handscroll.,,Gift of Sandy and Cécile Mactaggart
2005.5.118,Embroidered Terracotta Silk Wedding Hanging,https://search.museums.ualberta.ca/21-19340,https://media.museums.ualberta.ca/UAAC/fullres/2005/2005_005_118_re_s21-03v01.jpg,hanging,Qing 19th century,gold wrapped silk thread; silk floss; silk satin; silver wrapped silk thread; cotton; embroidery; rayon; peacock feathers,overall: 230.2 cm x 217 cm,unknown,,,Gift of Sandy and Cécile Mactaggart
2005.5.146,Length of Yellow Cut Velvet Yardage,https://search.museums.ualberta.ca/21-19368,https://media.museums.ualberta.ca/UAAC/bfw/2005/2005_005_146_re_m01_s20-02v01.jpg,yardage,Qing 19th century,silk cut velvet; silk twill,overall: 183.2 cm x 67.3 cm,unknown,,,Gift of Sandy and Cécile Mactaggart
2005.5.131,Embroidered Black Satin Hanging Decorated with Variations of the Shou Character,https://search.museums.ualberta.ca/21-19353,https://media.museums.ualberta.ca/UAAC/fullres/2005/2005_005_131_re_s21-03v01.jpg,hanging,Qing 19th century,gold wrapped silk thread; silk damask; silk floss; silk satin; embroidery,overall: 279.5 cm x 143.8 cm,unknown,,,Gift of Sandy and Cécile Mactaggart
2010.20.1.6.2,"Magnificent Record of the Southern Tours, volume 32, chapters 80-84",https://search.museums.ualberta.ca/21-23710,https://media.museums.ualberta.ca/UAAC/bfw/2010/2010_020_001_006_002_s20-02v01.jpg,book,,"printed woodblock, thread binding",overall: 29.8 cm x 20.5 cm,Gao Jin,"One set of the Yuzhi nanxun shengdian [Magnificent Record of the Southern Tours], edited by Gao Jin et al. Volume 32, Chapter 80-84. Yujun [Seeking talent]. Woodblock printed, thread binding.",,Gift of Sandy and Cécile Mactaggart
2005.5.105,Silk Brocade Tibetan Chuba,https://search.museums.ualberta.ca/21-19327,https://media.museums.ualberta.ca/UAAC/bfw/2005/2005_005_105_re_d01_s19-12v01.jpg,robe,20th century,orange-brown silk damask brocaded with silk and metal-wrapped threads,overall: 143.5 cm x 200.4 cm; neck to hem: 143.5 cm; cuff to cuff: x 200.4 cm,unknown,"This robe is a traditional style of Tibetan robe, or a chuba, made from yellowish-orange damask with vivid brocade, on the top and the bands on cuffs and skirt, woven together into one fabric, which was imported from China. In Tibet  it was constructed in the local style: right side opening with overlapping front, long narrow sleeves, and a full length hem.
The pattern design was influenced by a Ming-era court robe cloth from the 17th century, or possibly even earlier. Two large dragons wind across the shoulders in a petal shape and a band along the hem and cuffs features more dragons. The yellowish-orange ground fabric is satin damask with cloud motifs.
Underneath the overlap there are patches cut from different fabrics and pieced together. The lining is a green cotton cloth printed with dragon and auspicious motifs. This printed cotton can be traced to the early 20th century. The robe demonstrates how Tibetans used vintage Chinese silk and new cotton fabric to create their unique style of garment.",,Gift of Sandy and Cécile Mactaggart
2004.19.1.1.52,Album Leaf from Illustrations of Costumes from the Qianlong Court,https://search.museums.ualberta.ca/21-20261,https://media.museums.ualberta.ca/UAAC/fullres/2004/2004_019_001_001_052_s21-03v01.jpg,album leaf,Qing 18th century,ink; silk; paper,sheet: 42.1 cm x 40.8 cm; image: 33.9 cm x 32.1 cm,unknown,"This album leaf is part of a section of the illustrations of costumes from the Qianlong court, Huangchao liqi tushi (“The Regulations for the Ceremonial Paraphernalia of the [Qing] Dynasty”). In total there are 34 folios that depict costumes appropriate for the Empress Dowager or Empress to wear at the imperial court along with short descriptive captions. This is the left leaf of one folio (attached to 2004.19.1.53) and it contains eleven columns of regular script calligraphy describing the regulations for earrings, which are illustrated on the attached right leaf.","皇太后 皇后耳飾 謹按 本朝定制 皇太后 皇后耳飾 左右各三 每具金龍銜一等東珠各二 皇貴妃 貴妃 妃 嬪皆同 其東珠 皇貴妃 貴妃 以二等 妃以三等 嬪以四等…												

													皇太后 皇后耳飾 謹按 本朝定制 皇太后 皇后耳飾 左右各三 每具金龍銜一等東珠各二 皇貴妃 貴妃 妃 嬪皆同 其東珠 皇貴妃 貴妃 以二等 妃以三等 嬪以四等 皇太子妃亦同 珠以二等 Translation of the Chinese text: ""Drop earring ershi for the Empress Dowager and Empress/In accordance with the decree of the present dynasty:
The drop earrings of the Empress Dowager and the Empress are to be three to each ear. Each earring consists of two first class of the east pearls held in the mouth of a golden dragon. The first-rank imperial consort, the imperial consort, the ordinary imperial concubines and ladies in waiting all have the same design. [The types of east pearls are used as follows]: the imperial consorts have second-class pearls, the concubines the third, and the nobility the fourth. The earrings used for the consort of the imperial heir apparent are the same, with pearls of the second class.
(Translated and transcribed by Lisa Claypool, Ed., China’s Imperial Modern: The Painter’s Craft, Edmonton, AB: University of Alberta Museums, 2012, p. 103; Modified by Isabel Pi-fen Chueh)
On the reverse of the piece ""(16)"" is handwritten in pencil on the upper right corner. 
Read More +",Gift of Sandy and Cécile Mactaggart
2005.5.621.5.2.2,Lid of Storage Box for a Court Necklace,https://search.museums.ualberta.ca/21-21043,https://media.museums.ualberta.ca/UAAC/fullres/2004/2004_019_001_001_052_s21-03v01.jpg,box,Qing 19th century,cardboard; cotton; mirror,overall: 2.1 cm,unknown,,,Gift of Sandy and Cécile Mactaggart
2005.5.500,Two Embroidered Red Silk Fragmentary Panels from a Dragon Robe,https://search.museums.ualberta.ca/21-19722,https://media.museums.ualberta.ca/UAAC/fullres/2004/2004_019_001_001_052_s21-03v01.jpg,panel,Qing 19th century,gold wrapped silk thread; silk; silk floss; silk jacquard; silk satin; silver wrapped silk thread; embroidery,,unknown,,,Gift of Sandy and Cécile Mactaggart
2005.5.567,Front Panel of a Rank Badge for a Fifth Rank Civil Official,https://search.museums.ualberta.ca/21-19789,https://media.museums.ualberta.ca/UAAC/bfw/2005/2005_005_567_ve_s19-12v01.jpg,rank badge,Qing 19th-20th centuries,gold wrapped silk thread; silk floss; silk satin; silver wrapped silk thread; embroidery,,unknown,"Qing Period (1644-1911), Fifth Rank Civil Official (Silver Pheasant)

(source: John E. Vollmer & Jacqueline Simcox, ""Emblems of Empire: Selections from the Mactaggart Art Collection,"" (The University of Alberta Press and University of Alberta Museums, Edmonton, Alberta, 2009), p. 74.)",,Gift of Sandy and Cécile Mactaggart
2005.5.142,Embroidered Yellow Silk Bed Cover,https://search.museums.ualberta.ca/21-19364,https://media.museums.ualberta.ca/UAAC/fullres/2005/2005_005_142_re_s21-03v01.jpg,bed cover,Qing 18th-19th centuries,silk; silk floss; silk satin; embroidery,overall: 258.3 cm x 224 cm,unknown,,,Gift of Sandy and Cécile Mactaggart
2005.5.115.1,Embroidered Blue Silk Gauze for an Woman's Informal Robe,https://search.museums.ualberta.ca/21-20873,https://media.museums.ualberta.ca/UAAC/fullres/2005/2005_005_115_001_ve_s21-03v01.jpg,yardage,Qing 19th-20th centuries,gold wrapped silk thread; silk gauze; silver wrapped silk thread,overall: 312 cm x 155 cm,unknown,,,Gift of Sandy and Cécile Mactaggart
2005.5.163,Embroidered Pink Silk Jacket,https://search.museums.ualberta.ca/21-19385,https://media.museums.ualberta.ca/UAAC/bfw/2005/2005_005_163_op_s19-12v01.jpg,jacket,Qing 19th century,pink silk damask embroidered with silk and metal-wrapped threads,overall: 65.9 cm x 125.6 cm; neck to hem: 65.9 cm; cuff to cuff: x 125.6 cm,unknown,,,Gift of Sandy and Cécile Mactaggart
2010.20.1.2.1,"Magnificent Record of the Southern Tours, volume 7, chapters 16-17",https://search.museums.ualberta.ca/21-23683,https://media.museums.ualberta.ca/UAAC/bfw/2010/2010_020_001_002_001_s20-02v01.jpg,book,,"printed woodblock, thread binding",overall: 29.8 cm x 20.5 cm,Gao Jin,"One set of the Yuzhi nanxun shengdian [Magnificent Record of the Southern Tours], edited by Gao Jin et al. Volume 7. Chapters 16-17. Tianzhang [Imperial essays]. Woodblock printed, thread binding.",,Gift of Sandy and Cécile Mactaggart
2005.5.88.1,Embroidered Silk Fan Case and Folding Fan,https://search.museums.ualberta.ca/21-20917,https://media.museums.ualberta.ca/UAAC/bfw/2010/2010_020_001_002_001_s20-02v01.jpg,fan case,Qing 19th century,silk floss; embroidery; silk satin; metallic thread; cardboard; canvas; braided cord; wood; bamboo; paper,,unknown,,,Gift of Sandy and Cécile Mactaggart
2004.19.5,Qin Bridge Over East Lake,https://search.museums.ualberta.ca/21-19070,https://media.museums.ualberta.ca/UAAC/fullres/2004/2004_019_005_d01_s22-02v01.jpg,hanging scroll,Modern 20th century,ink and colour on paper,sheet: 192.4 cm x 65 cm; image: 68.7 cm x 50.9 cm,"Lai Shaoqi											
											 
												
												
													
														View People Details ?","This hanging scroll depicts the Qin Bridge at Shaoxing’s East Lake, located in Shaoxing, Zhejiang province, China. The Qin bridge is the legendary place where Qin Shi Huang, founder of the Qin Dynasty and Emperor, fed his horses on his eastern tour. The upper part of the scroll is mainly composed of rocky mountain cliffs, with the Qin bridge and a house below. Lai Shaoqi (1915 -2000) employs different-sized colour blocks to represent the unusual rocks and utilizes comparatively fine brush strokes to sketch the house under the mountain. He uses diluted ink, ochre, and stone blue (shi qing, 石青) in layers to create a heavy, yet tranquil painting. Contrast between the white of the modest house at the bottom of the hill and the slightly muted hues of the rocks on the cliff adds interest to the composition.","… 

													東湖秦橋紹興之東有東湖焉秦始皇東尋味馬之地即今之秦橋紹興東湖與番禺蓮花山皆人工開鑿之石湖此人可勝天之證也然亦奴隸血淚之結晶歟一九八七年六月龍年又画賴少其, Signed by Lai Shaoqi and impressed with 3 seals of the artist. 
Read More +",Gift of Sandy and Cécile Mactaggart
2005.5.464,Embroidered Silk Vest for a Woman,https://search.museums.ualberta.ca/21-19686,https://media.museums.ualberta.ca/UAAC/bfw/2005/2005_005_464_ve_s19-12v01.jpg,vest,Qing 20th century,dark blue silk satin embroidered with silk and metal-wrapped threads and edged with silk fringe,overall: 108 cm x 80 cm,unknown,,,Gift of Sandy and Cécile Mactaggart
2005.5.462,Blue Silk Brocade Panel,https://search.museums.ualberta.ca/21-19684,https://media.museums.ualberta.ca/UAAC/bfw/2005/2005_005_462_ve_s20-02v01.jpg,panel,Qing 20th century,blue silk satin brocade with silk tassels,overall: 94 cm x 90 cm,unknown,,,Gift of Sandy and Cécile Mactaggart
2010.20.1.7.6,"Magnificent Record of the Southern Tours, volume 42, chapters 104-105",https://search.museums.ualberta.ca/21-23720,https://media.museums.ualberta.ca/UAAC/bfw/2010/2010_020_001_007_006_s20-02v01.jpg,book,,"printed woodblock, thread binding",overall: 29.8 cm x 20.5 cm,Gao Jin,"One set of the Yuzhi nanxun shengdian [Magnificent Record of the Southern Tours], edited by Gao Jin et al. Volume 42. Chapters 104-105. Mingsheng [Famous sights]. Woodblock printed, thread binding.",,Gift of Sandy and Cécile Mactaggart
2005.5.123,Silk Brocade Panel Woven in a Repeating Honeycomb Pattern,https://search.museums.ualberta.ca/21-19345,https://media.museums.ualberta.ca/UAAC/bfw/2005/2005_005_123_ve_s20-02v01.jpg,panel,Qing 17th-18th centuries,yellow silk lampas with silk and metal-wrapped threads,overall: 152.5 cm x 98.3 cm,unknown,,,Gift of Sandy and Cécile Mactaggart
2004.19.1.1.60,Album Leaf from Illustrations of Costumes from the Qianlong Court,https://search.museums.ualberta.ca/21-20269,https://media.museums.ualberta.ca/UAAC/fullres/2004/2004_019_001_001_060_s21-03v01.jpg,album leaf,Qing 18th century,ink; silk; paper,sheet: 42.2 cm x 40.8 cm; image: 26.2 cm x 32.1 cm,unknown,"This album leaf is part of a section of the illustrations of costumes from the Qianlong court, Huangchao liqi tushi (“The Regulations for the Ceremonial Paraphernalia of the [Qing] Dynasty”). In total there are 34 folios that depict costumes appropriate for the Empress Dowager or Empress to wear at the imperial court along with short descriptive captions. This is the left leaf of one folio (attached to 2004.19.1.61).  and it contains nine columns of regular script calligraphy describing the details of a winter court hat. The text on this leaf continues from the attached right leaf.","珠各九 貓睛石各一 珍珠各二十一 後金翟一 飾貓睛石一 小珍珠十六 翟尾垂珠 五行二就 共珍珠三百有二 每行大珍珠一 中間金銜青金石結一 飾東珠 珍珠各六…												

													珠各九 貓睛石各一 珍珠各二十一 後金翟一 飾貓睛石一 小珍珠十六 翟尾垂珠 五行二就 共珍珠三百有二 每行大珍珠一 中間金銜青金石結一 飾東珠 珍珠各六 末綴珊瑚 冠後護領垂明黃縧二 末綴寶石 青緞為帶 Translation of the Chinese text: ""[continuing from the right leaf, 2004.19.1.1.61]...ornamented with nine eastern pearls apiece, and one cat's eye stone [topaz] each [for the phoenix body], and pearls, 21 each [for the phoenix tail feathers].[At the back of the hat] there is a long-tailed pheasant [an inverted gourd-shaped flap of fur], ornamented with one cat's eye stone, and 16 small gems. The pheasant tail trails in pearls arranged in five strands and two registers, totalling 302. Each strand [of pearls] has one large pearl. At the centre is a plaque made of gold-inlaid lapis lazuli from which hangs an eastern pearl and six precious pearls, with coral beads at the ends. At the back of the hat where it meets the collar trail two bright yellow ribbons, adorned with precious gems, and a sash of blue satin.""
(Translated and transcribed by Lisa Claypool, Ed., China’s Imperial Modern: The Painter’s Craft, Edmonton, AB: University of Alberta Museums, 2012, p. 102)
On the reverse of the piece ""(8)"" is handwritten in pencil on the upper right corner. 
Read More +",Gift of Sandy and Cécile Mactaggart
2005.5.375,Embroidered Yellow Silk Imperial Twelve Symbol Dragon Robe,https://search.museums.ualberta.ca/21-19597,https://media.museums.ualberta.ca/UAAC/fullres/2005/2005_005_375_ve_s21-03v01.jpg,robe,Qing 18th century,yellow silk satin embroidered with silk and metal-wrapped threads,overall: 141.2 cm x 121.7 cm; neck to hem: 141.2 cm; cuff to cuff: x 121.7 cm,unknown,,,Gift of Sandy and Cécile Mactaggart
2005.5.403.4,Pair of Shoes for Actor's Costume,https://search.museums.ualberta.ca/21-20979,https://media.museums.ualberta.ca/UAAC/bfw/2005/2005_005_403_004_d02_s20-02v01.jpg,shoe,Modern 20th century,metallic thread; silk; metal discs; cotton; leather,,unknown,,,Gift of Sandy and Cécile Mactaggart
2005.5.70,Pair of Embroidered Silk Sleeve Bands Mounted as a Panel,https://search.museums.ualberta.ca/21-19292,https://media.museums.ualberta.ca/UAAC/bfw/2005/2005_005_070_s19-12v01.jpg,panel,Qing 19th century,silk; silk brocade; silk satin; embroidery,overall: 72.2 cm x 28.5 cm,unknown,,,Gift of Sandy and Cécile Mactaggart
2005.5.605,Front and Back Panels of a Rank Badge for a Sixth Rank Military Official,https://search.museums.ualberta.ca/21-19827,https://media.museums.ualberta.ca/UAAC/fullres/2005/2005_005_605_002_re_s23-03v01.jpg,rank badge,Qing 19th century,gold wrapped silk thread; linen; silk; ink; tapestry weave,,unknown,"Qing Period (1644-1911), Sixth Rank Military Official (Panther)

(source: John E. Vollmer & Jacqueline Simcox, ""Emblems of Empire: Selections from the Mactaggart Art Collection,"" (The University of Alberta Press and University of Alberta Museums, Edmonton, Alberta, 2009), p. 74.)",,Gift of Sandy and Cécile Mactaggart
2005.5.613,Right Side of the Front Panel of a Rank Badge,https://search.museums.ualberta.ca/21-19835,https://media.museums.ualberta.ca/UAAC/bfw/2005/2005_005_613_ve_s19-12v01.jpg,rank badge,Qing 19th century,gold wrapped silk thread; silk; silk floss; silk gauze; embroidery,overall: 28.7 cm x 14.7 cm,unknown,,,Gift of Sandy and Cécile Mactaggart
2005.5.571,Front Panel of a Rank Badge for a Fifth Rank Civil Official,https://search.museums.ualberta.ca/21-19793,https://media.museums.ualberta.ca/UAAC/bfw/2005/2005_005_571_ve_s19-12v01.jpg,rank badge,Qing 19th-20th centuries,embroidery; copper-wrapped silk thread; gold wrapped silk thread; silk; silk floss; silk satin; silver wrapped silk thread,,unknown,"Qing Period (1644-1911), Fifth Rank Civil Official (Silver Pheasant)

(source: John E. Vollmer & Jacqueline Simcox, ""Emblems of Empire: Selections from the Mactaggart Art Collection,"" (The University of Alberta Press and University of Alberta Museums, Edmonton, Alberta, 2009), p. 74.)",,Gift of Sandy and Cécile Mactaggart
2004.19.68.1.17,Print from the Qianlong Emperor’s Conquests,https://search.museums.ualberta.ca/21-19889,https://media.museums.ualberta.ca/UAAC/fullres/2004/2004_019_068_001_017_s21-03v01.jpg,print,Qing 18th century,silk; paper; ink,overall: 63.1 cm x 112.6 cm; image: 52.1 cm x 92.9 cm,unknown,"A printed calligraphic piece with two square red seals.  This manuscript goes along with engraving .68.1.33. It is number 8, chronologically, in the set of 16 copperplate engravings",,Gift of Sandy and Cécile Mactaggart
2004.19.9.5,Album Leaf from Album of Landscapes,https://search.museums.ualberta.ca/21-20501,https://media.museums.ualberta.ca/UAAC/fullres/2004/2004_019_009_005_s21-10v01.jpg,album leaf,Qing 17th-18th centuries,ink and colour on paper,overall: 3.3 cm x 16.8 cm x 26.6 cm; image: 16 cm x 9.9 cm,Yao Song,,,Gift of Sandy and Cécile Mactaggart
2004.19.85,Green Bamboo and Old Trees Handscroll with Two Storage Boxes and a Letter,https://search.museums.ualberta.ca/21-19150,https://media.museums.ualberta.ca/UAAC/fullres/2004/2004_019_009_005_s21-10v01.jpg,handscroll set,Qing 17th century,ink on paper,overall: 27.9 cm x 924.6 cm; image: 19.2 cm x 208 cm,Yun Shouping,A handscroll painting with two storage boxes and a letter.,,Gift of Sandy and Cécile Mactaggart
2005.5.222,Silk Tapestry Weave Table Frontal,https://search.museums.ualberta.ca/21-19444,https://media.museums.ualberta.ca/UAAC/fullres/2005/2005_005_222_s23-01v01.jpg,table frontal,Qing 19th century,gold wrapped silk thread; silk; silk tapestry weave,overall: 77.2 cm x 102.8 cm,unknown,,,Gift of Sandy and Cécile Mactaggart
2005.5.269,Yellow Silk Tibetan Chuba,https://search.museums.ualberta.ca/21-19491,https://media.museums.ualberta.ca/UAAC/fullres/2005/2005_005_269_d02_seaweed_s23-01v01.jpg,robe,18th century,yellow silk satin embroidered with silk and metal-wrapped threads,overall: 132.6 cm x 184.2 cm; neck to hem: 132.6 cm; cuff to cuff: x 184.2 cm,unknown,"This robe is a traditional style of Tibetan robe, or a chuba, made from embroidered yellow silk satin fabric, which was initially made for a dragon robe and imported to Tibet from the Qing imperial court. In Tibet, tailors modified the collar and sleeves to  suit the local style better. Thus the robe has yellow satin parts, without embroidery patterns, around the neckline and sleeve ends. The robe features motifs of dragons with flaming pearls, long thin clouds, rocks, waves and colourful striped water at the hem. There are eight dragons on the exterior of the robe: one on the chest, one on the back, one on each shoulder, and two on the front and back of the lower robe. As is typically seen in Chinese dragon robes, there is a hidden ninth dragon underneath the right overlap.
There are the Twelve Symbols embroidered on the robe: the sun with a three-legged bird and the moon with a rabbit are placed on shoulders, stars and mountains are above the dragon’s head on the front and back, dragons, a pheasant, an axe, the fu symbol, cups, seaweed, flames, and grain. The placement of these symbols align with the Qing imperial costume regulations for the emperor’s dragon robe.",,Gift of Sandy and Cécile Mactaggart
2004.19.2.38,Album Leaf from Illustrations of Chinese Costumes,https://search.museums.ualberta.ca/21-20049,https://media.museums.ualberta.ca/UAAC/fullres/2004/2004_019_002_038_s21-10v01.jpg,album leaf,Qing 18th century,ink; paper,sheet: 17.2 cm x 27.9 cm; image: 10.7 cm x 16.1 cm,unknown,"This album leaf is a part of a 48-page album that depicts Chinese subjects participating in various aspects of daily life, including government business, daily life, cultural customs, modes of transportation, and corporal punishment. This leaf contains an ink and watercolour depiction of two soldiers in military uniform. The man on the left wears a ""tiger soldier"" costume with a shield and long sword. The man on the right wears a long overcoat and elaborate headdress with long feathers and holds a large sword.",,Gift of Sandy and Cécile Mactaggart
2004.19.68.1.19,Print from the Qianlong Emperor’s Conquests,https://search.museums.ualberta.ca/21-19891,https://media.museums.ualberta.ca/UAAC/fullres/2004/2004_019_068_001_019_s21-03v01.jpg,print,Qing 18th century,silk; paper; ink,overall: 63.2 cm x 112.5 cm; image: 52.4 cm x 92.9 cm,unknown,"A printed calligraphic piece with two square seals, one square and one round.  This manuscript goes along with engraving .68.1.34. It is number 4, chronologically, in the set of 16 copperplate engravings.",,Gift of Sandy and Cécile Mactaggart
2005.5.459,Embroidered Yellow Silk Cushion,https://search.museums.ualberta.ca/21-19681,https://media.museums.ualberta.ca/UAAC/bfw/2005/2005_005_459_ve_s20-02v01.jpg,cushion,Qing 18th century,silk floss; silk twill; embroidery,overall: 36.7 cm x 36.3 cm x 8.1 cm,unknown,,,Gift of Sandy and Cécile Mactaggart
2005.5.606,Front Panel of a Rank Badge for a First Rank Civil Official,https://search.museums.ualberta.ca/21-19828,https://media.museums.ualberta.ca/UAAC/bfw/2005/2005_005_606_ve_s19-12v01.jpg,rank badge,Qing 19th century,gold wrapped silk thread; ink; silk brocade; paper,overall: 36.7 cm x 37.1 cm,unknown,"Qing Period (1644-1911), First Rank Civil Official (Crane)

(source: John E. Vollmer & Jacqueline Simcox, ""Emblems of Empire: Selections from the Mactaggart Art Collection,"" (The University of Alberta Press and University of Alberta Museums, Edmonton, Alberta, 2009), p. 74.)",,Gift of Sandy and Cécile Mactaggart
2005.5.634,Embroidered Silk Jacket for a Woman,https://search.museums.ualberta.ca/21-19856,https://media.museums.ualberta.ca/UAAC/bfw/2005/2005_005_634_d02_s19-12v01.jpg,jacket,Qing 19th century,black silk embroidered with silk,overall: 106 cm x 167 cm,unknown,,,Gift of Sandy and Cécile Mactaggart
2005.5.554.1,Front Panel of a Rank Badge for a Fifth Rank Civil Official,https://search.museums.ualberta.ca/21-20632,https://media.museums.ualberta.ca/UAAC/bfw/2005/2005_005_554_001_ve_s19-12v01.jpg,rank badge,Qing 19th century,gold wrapped silk thread; silk; silk floss; silk gauze; embroidery,overall: 29.6 cm x 32.9 cm,unknown,"Qing Period (1644-1911), Fifth Rank Civil Official (Silver Pheasant)

(source: John E. Vollmer & Jacqueline Simcox, ""Emblems of Empire: Selections from the Mactaggart Art Collection,"" (The University of Alberta Press and University of Alberta Museums, Edmonton, Alberta, 2009), p. 74.)",,Gift of Sandy and Cécile Mactaggart
2010.20.1.6,"Magnificent Record of the Southern Tours, volumes 31-36, chapters 76-93",https://search.museums.ualberta.ca/21-23673,https://media.museums.ualberta.ca/UAAC/bfw/2010/2010_020_001_006_d01_s20-02v01.jpg,book,,"printed woodblock, thread binding",overall: 29.8 cm x 20.5 cm,Gao Jin,"One set of the Yuzhi nanxun shengdian [Magnificent Record of the Southern Tours], edited by Gao Jin et al. Volumes 31-36, Chapter 76-93. Woodblock printed, thread binding.",,Gift of Sandy and Cécile Mactaggart
2004.19.38.7,Album Leaf from Album of Figures,https://search.museums.ualberta.ca/21-20406,https://media.museums.ualberta.ca/UAAC/fullres/2004/2004_019_038_007_s21-10v01.jpg,album leaf,Qing 19th century,ink and colour on paper,,Ren Yi,"The painting is associated with the poem (2004.19.38.6). A man and a young attendant or possibly his student sit in a boat close to the shoreline. The perspective is voyeuristic, revealing only the back of the boy and the side profile of the man. The man holds a white drinking vessel in his left hand, while the boy blows on a reed.
In the bottom left corner, Ren Yi wrote “the Seal of Bonian [伯年 印]” along with his red personal seal.",,Gift of Sandy and Cécile Mactaggart
2005.5.78,Blue Silk Satin Vest for a Woman,https://search.museums.ualberta.ca/21-19300,https://media.museums.ualberta.ca/UAAC/bfw/2005/2005_005_078_d01_s19-12v01.jpg,vest,Qing 19th-20th centuries,blue silk satin embroidered with silk and metal-wrapped threads,overall: 144.5 cm x 108.5 cm; neck to hem: 144.5 cm,unknown,,,Gift of Sandy and Cécile Mactaggart
2004.19.79.10,Rocks and Stream in Bamboo Grove,https://search.museums.ualberta.ca/21-20469,https://media.museums.ualberta.ca/UAAC/fullres/2004/2004_019_079_010_m01_alt_edit_s23-01v01.jpg,hanging scroll,Qing 17th century,ink on silk,,Zhu Sheng,,,Gift of Sandy and Cécile Mactaggart
2009.8.5,Embroidered Red Silk Robe for a Child,https://search.museums.ualberta.ca/21-22442,https://media.museums.ualberta.ca/UAAC/ppt/2009/09_008_005s01v01d02.jpg,robe,Qing 19th century,red silk embroidered with silk and metal-wrapped threads,overall: 70.2 cm x 99.7 cm,unknown,,,Gift of Jean Small
2005.5.271,Embroidered Red Silk Valance,https://search.museums.ualberta.ca/21-19493,https://media.museums.ualberta.ca/UAAC/fullres/2005/2005_005_271_re_m01_s22-02v01.jpg,valance,Qing 19th century,gold wrapped silk thread; silk; silk brocade ribbon; silk floss; silk satin; muslin; silk noil; embroidery,overall: 187.8 cm x 48 cm,unknown,,,Gift of Sandy and Cécile Mactaggart
2005.5.239.1,Front Panel of Silk Tapestry Weave Military Roundel,https://search.museums.ualberta.ca/21-20785,https://media.museums.ualberta.ca/UAAC/fullres/2005/2005_005_239_001_ve_s23-03v01.jpg,rank badge,Qing 17th century,gold wrapped silk thread; peacock feathers; silk; silk tapestry weave,overall: 26 cm diameter,unknown,,,Gift of Sandy and Cécile Mactaggart
2015.8.2,Silk Tapestry Weave Hanging,https://search.museums.ualberta.ca/21-27021,https://media.museums.ualberta.ca/UAAC/fullres/2005/2005_005_239_001_ve_s23-03v01.jpg,wall hanging,,silk; cotton; metallic thread,overall: 176.4 cm x 39.7 cm,unknown,,,Bequest of the Estate of John Caughell
2005.5.575.1.1,Right Side of the Front Panel of a Rank Badge for a Fifth Rank Civil Official,https://search.museums.ualberta.ca/21-20657,https://media.museums.ualberta.ca/UAAC/fullres/2005/2005_005_239_001_ve_s23-03v01.jpg,rank badge,Qing 19th century,metallic thread; ink; tapestry weave; linen; silk,overall: 27.5 cm x 15.5 cm,unknown,,,Gift of Sandy and Cécile Mactaggart
2005.5.584,Front Panel of a Rank Badge for a Seventh Rank Civil Official,https://search.museums.ualberta.ca/21-19806,https://media.museums.ualberta.ca/UAAC/bfw/2005/2005_005_584_ve_s19-12v01.jpg,rank badge,Qing 19th century,gold wrapped silk thread; linen; silk; paper; tapestry weave,overall: 34.3 cm x 36.3 cm,unknown,"Qing Period (1644-1911), Seventh Rank Civil Official (Mandarin Duck)

(source: John E. Vollmer & Jacqueline Simcox, ""Emblems of Empire: Selections from the Mactaggart Art Collection,"" (The University of Alberta Press and University of Alberta Museums, Edmonton, Alberta, 2009), p. 74.)",,Gift of Sandy and Cécile Mactaggart
2004.19.2.31,Album Leaf from Illustrations of Chinese Costumes,https://search.museums.ualberta.ca/21-20024,https://media.museums.ualberta.ca/UAAC/fullres/2004/2004_019_002_031_s21-10v01.jpg,album leaf,Qing 18th century,ink; paper,sheet: 17.2 cm x 28 cm; image: 11.4 cm x 18.4 cm,unknown,"This album leaf is a part of a 48-page album that depicts Chinese subjects participating in various aspects of daily life, including government business, daily life, cultural customs, modes of transportation, and corporal punishment. This leaf contains a watercolour depiction of three men in different military uniforms. The man on the left, ""3rd Soldier Mandarin"", wears studded armour with a bow and arrows. The middle man, ""4th Soldier Mandarin"" wears a short jacket over a loose robe and narrow pants, while also holding a bow and arrows. The man on the right, ""6th Soldier Mandarin"", is crouched behind a shield with a tiger face while holding a long sword.",,Gift of Sandy and Cécile Mactaggart
2010.20.1.8.5,"Magnificent Record of the Southern Tours, volume 47, chapters 116-117",https://search.museums.ualberta.ca/21-23729,https://media.museums.ualberta.ca/UAAC/bfw/2010/2010_020_001_008_005_s20-02v01.jpg,book,,"printed woodblock, thread binding",overall: 29.8 cm x 20.5 cm,Gao Jin,"One set of the Yuzhi nanxun shengdian [Magnificent Record of the Southern Tours], edited by Gao Jin et al. Volume 47, Chapter 116-117. Zouyi [Court memorials]. Woodblock printed, thread binding.",,Gift of Sandy and Cécile Mactaggart
2005.5.256,Embroidered Blue-Grey Silk Informal Robe for a Woman,https://search.museums.ualberta.ca/21-19478,https://media.museums.ualberta.ca/UAAC/bfw/2005/2005_005_256_ve_s20-02v01.jpg,robe,Qing 19th century,blue-green silk satin embroidered with silk,overall: 138.5 cm x 133 cm,unknown,,,Gift of Sandy and Cécile Mactaggart
2005.5.402.1.1,Embroidered Cream Silk Bed Curtain,https://search.museums.ualberta.ca/21-20964,https://media.museums.ualberta.ca/UAAC/bfw/2005/2005_005_402_001_001_ve_s20-02v01.jpg,curtain,Qing 18th century,off-white silk satin embroidered with silk,overall: 302 cm x 252 cm,unknown,,,Gift of Sandy and Cécile Mactaggart
2005.5.619,Left Side of the Front Panel of a Rank Badge,https://search.museums.ualberta.ca/21-19841,https://media.museums.ualberta.ca/UAAC/bfw/2005/2005_005_619_ve_s19-12v01.jpg,rank badge,Qing 19th century,gold wrapped silk thread; silk; silk floss; silk satin; silver wrapped silk thread; embroidery,overall: 22.7 cm x 12.9 cm,unknown,,,Gift of Sandy and Cécile Mactaggart
2005.5.480,Embroidered Orange Silk Skirt for a Woman,https://search.museums.ualberta.ca/21-19702,https://media.museums.ualberta.ca/UAAC/bfw/2005/2005_005_480_ve_op_s19-12v01.jpg,skirt,Qing 19th century,orange silk satin embroidered with silk,overall: 93.8 cm x 40 cm,unknown,,,Gift of Sandy and Cécile Mactaggart
2004.19.16,Bamboo Grove,https://search.museums.ualberta.ca/21-19081,https://media.museums.ualberta.ca/UAAC/fullres/2004/2004_019_016_ve_alt-lighting_s22-02v01.jpg,"fan, folding",Qing 19th century,ink on paper,overall: 2.1 cm x 2.8 cm x 31.8 cm; image: 18 cm x 47.6 cm,Zhou Jun,A folding fan painting of a bamboo grove on the reverse of the fan is an inscription by the artist.,The image is signed by Zhou Jun Yunfeng and impressed with 2 seals of the artist.  The reverse of the fan with has an inscription by the artist and is impressed with 1 seal of the artist.,Gift of Sandy and Cécile Mactaggart
2004.19.1.1.8,Album Leaf from Illustrations of Costumes from the Qianlong Court,https://search.museums.ualberta.ca/21-20153,https://media.museums.ualberta.ca/UAAC/fullres/2004/2004_019_001_001_008_s21-03v01.jpg,album leaf,Qing 18th century,ink; silk; paper,sheet: 42.2 cm x 40.8 cm; image: 34.1 cm x 32.3 cm,unknown,"This album leaf is part of a section of the illustrations of costumes from the Qianlong court, Huangchao liqi tushi (“The Regulations for the Ceremonial Paraphernalia of the [Qing] Dynasty”). In total there are 34 folios that depict costumes appropriate for the Empress Dowager or Empress to wear at the imperial court along with short descriptive captions. This is the left leaf of one folio (attached to 2004.19.1.9) and it contains nine columns of regular script calligraphy describing the regulations for beaded court necklaces (chaozhu) for the empress dowager and empress.","皇太后 皇后朝珠 謹按 本朝定制 皇太后 皇后朝服 御朝珠三盤 東珠一 珊瑚二 吉服朝珠一盤 珍寶隨所欲 佛頭 紀念 背雲 大小墜珠寶雜飾惟其一宜 縧皆明黃色… 

													皇太后 皇后朝珠 謹按 本朝定制 皇太后 皇后朝服 御朝珠三盤 東珠一 珊瑚二 吉服朝珠一盤 珍寶隨所欲 佛頭 紀念 背雲 大小墜珠寶雜飾惟其一宜 縧皆明黃色 Translation of the Chinese text: Beaded court necklace chaozhu for the Empress Dowager and Empress/In accordance with the decree of the present dynasty: /With formal court chaofu dress, the Empress Dowager and Empress wear three strings of imperial court beads: one made of Eastern pearl, and two of coral. with the informal jifu robes they wear one string of beads: precious gems following the preferences of the court. It would be best if the buddha head, for commemoration, the back of clouds, big pendant, and small pendants can all be the same colour and luster. The ribbon for all is bright yellow in colour.
 (Translated and transcribed by Lisa Claypool, Ed., China’s Imperial Modern: The Painter’s Craft, Edmonton, AB: University of Alberta Museums, 2012, p. 104)
On the reverse of the piece ""(^)"" is handwritten in pencil on the upper right corner. 
Read More +",Gift of Sandy and Cécile Mactaggart
2004.19.1.1.64,Album Leaf from Illustrations of Costumes from the Qianlong Court,https://search.museums.ualberta.ca/21-20273,https://media.museums.ualberta.ca/UAAC/fullres/2004/2004_019_001_001_064_s21-03v01.jpg,album leaf,Qing 18th century,ink; silk; paper,sheet: 42.2 cm x 81.7 cm,unknown,"This album leaf is part of a section of the illustrations of costumes from the Qianlong court, Huangchao liqi tushi (“The Regulations for the Ceremonial Paraphernalia of the [Qing] Dynasty”). In total there are 34 folios that depict costumes appropriate for the Empress Dowager or Empress to wear at the imperial court along with short descriptive captions. This folio, with gold-flecked paper, features a large red imperial seal from Yuanming Yuan, indicating the album is a ""Treasure of the Summer Palace"".",Red seal in center of folio: 圓明園寶 'Treasure of the Yuanmingyuan'.,Gift of Sandy and Cécile Mactaggart
2005.5.379.1,Embroidered Blue Silk Sleeve Band,https://search.museums.ualberta.ca/21-20954,https://media.museums.ualberta.ca/UAAC/bfw/2005/2005_005_379_001_ve_s20-02v01.jpg,sleeve band,Qing 18th-19th centuries,gold wrapped silk thread; silk brocade; silk floss; embroidery; paper,overall: 98.5 cm x 9 cm,unknown,,,Gift of Sandy and Cécile Mactaggart
2005.5.575.1,Front Panel of a Rank Badge for a Fifth Rank Civil Official,https://search.museums.ualberta.ca/21-20672,https://media.museums.ualberta.ca/UAAC/bfw/2005/2005_005_575_001_ve_s19-12v01.jpg,rank badge,Qing 19th century,metallic thread; ink; tapestry weave; linen; silk,,unknown,"Qing Period (1644-1911), Fifth Rank Civil Official (Silver Pheasant)

(source: John E. Vollmer & Jacqueline Simcox, ""Emblems of Empire: Selections from the Mactaggart Art Collection,"" (The University of Alberta Press and University of Alberta Museums, Edmonton, Alberta, 2009), p. 74.)",,Gift of Sandy and Cécile Mactaggart
2005.5.32,Blue Silk Brocade Panel made from a Fragment of a Dragon Robe,https://search.museums.ualberta.ca/21-19254,https://media.museums.ualberta.ca/UAAC/bfw/2005/2005_005_032_s19-12v01.jpg,panel,Qing 19th century,silk brocade; silk; metal thread; silk satin,overall: 45 cm x 74.8 cm,unknown,,,Gift of Sandy and Cécile Mactaggart
2005.5.473,Pair of Embroidered Cream Silk Sleeve Bands,https://search.museums.ualberta.ca/21-19695,https://media.museums.ualberta.ca/UAAC/bfw/2005/2005_005_473_s19-12v01.jpg,sleeve band,Qing 19th century,silk; silk brocade; silk satin; silk twill; embroidery,overall: 35.6 cm x 67.5 cm,unknown,,,Gift of Sandy and Cécile Mactaggart
2005.5.3,Wine-Red Cut and Voided Silk Velvet Vest for a Man,https://search.museums.ualberta.ca/21-19225,https://media.museums.ualberta.ca/UAAC/bfw/2005/2005_005_003_re_s19-12v01.jpg,vest,Qing 19th-20th centuries,dark purple-red silk cut velvet,,unknown,,,Gift of Sandy and Cécile Mactaggart
2005.5.399,Embroidered Blue Silk Imperial Surcoat,https://search.museums.ualberta.ca/21-19621,https://media.museums.ualberta.ca/UAAC/bfw/2005/2005_005_399_ve_s20-02v01.jpg,surcoat,Qing 19th century,dark blue silk twill embroidered with silk and metal-wrapped threads,overall: 135.5 cm x 145.5 cm,unknown,,,Gift of Sandy and Cécile Mactaggart
2005.5.394,Embroidered Silk Fragmentary Hanging made from a Daoist Priest Robe,https://search.museums.ualberta.ca/21-19616,https://media.museums.ualberta.ca/UAAC/bfw/2005/2005_005_394_ve_s20-02v01.jpg,hanging,Qing 18th century,gold wrapped silk thread; linen; silk floss; silk satin; copper foil; paint; embroidery,overall: 204.5 cm x 181 cm,unknown,,,Gift of Sandy and Cécile Mactaggart
2005.5.602.2,Back Panel of a Rank Badge for a Fifth Rank Military Official,https://search.museums.ualberta.ca/21-20741,https://media.museums.ualberta.ca/UAAC/bfw/2005/2005_005_602_002_ve_s19-12v01.jpg,rank badge,Qing 19th century,gold wrapped silk thread; ink; linen; peacock feathers; silk; silver wrapped silk thread; tapestry weave,overall: 28.2 cm x 32.3 cm,unknown,,,Gift of Sandy and Cécile Mactaggart
2004.19.2.4,Album Leaf from Illustrations of Chinese Costumes,https://search.museums.ualberta.ca/21-19948,https://media.museums.ualberta.ca/UAAC/fullres/2004/2004_019_002_004_s21-10v01.jpg,album leaf,Qing 18th century,ink; paper,sheet: 17.2 cm x 28.2 cm; image: 10.6 cm x 16.2 cm,unknown,"This album leaf is a part of a 48-page album that depicts Chinese subjects participating in various aspects of daily life, including government business, daily life, cultural customs, modes of transportation, and corporal punishment. This leaf has an ink and watercolour drawing of two men punishing a third (the “thief”), with one man holding the man’s head by his head and neck, while the other prepares to strike him with a club. There is an official’s hat on the lower left of the scene, likely belonging to the man wielding the club. The kneeling figure is wearing pants with a mid-length top, while the two standing figures are wearing official’s robes. The two figures without hats have the top and sides of their heads completely shaved with a long braid down the back (a “queue”), which was a regulated Manchu hairstyle during the Qing dynasty.",,Gift of Sandy and Cécile Mactaggart
2010.20.1.4.2,"Magnificent Record of the Southern Tours, volumes 20, chapters 49-50",https://search.museums.ualberta.ca/21-23698,https://media.museums.ualberta.ca/UAAC/bfw/2010/2010_020_001_004_002_s20-02v01.jpg,book,,"printed woodblock, thread binding",overall: 29.8 cm x 20.5 cm,Gao Jin,"One set of the Yuzhi nanxun shengdian [Magnificent Record of the Southern Tours], edited by Gao Jin et al. Volumes 20, Chapter 49-50. Hefang [River conservation]. Woodblock printed, thread binding.",,Gift of Sandy and Cécile Mactaggart
2004.19.27,Mist on the Summer Mountains,https://search.museums.ualberta.ca/21-19092,https://media.museums.ualberta.ca/UAAC/fullres/2004/2004_019_027_d01_s22-02v01.jpg,hanging scroll,Qing 18th century,ink and colour on paper,sheet: 164.5 cm x 60 cm; image: 94.3 cm x 42.6 cm,Fang Shishu,A hanging scroll painting of a mountain landscape.,"There are 2 inscriptions by the artist.  The first inscription describes that the artist was working in the style of Dong Qichang's interpretation of the work of artist Dong Yuan.  The piece is signed by Shishu, and…												

													There are 2 inscriptions by the artist.  The first inscription describes that the artist was working in the style of Dong Qichang's interpretation of the work of artist Dong Yuan.  The piece is signed by Shishu, and has 1 artist seal.  The scroll is impressed with four collector's seals.												
Read More +",Gift of Sandy and Cécile Mactaggart
2009.8.2,Back Panel of a Rank Badge for a Second Rank Civil Official,https://search.museums.ualberta.ca/21-22439,https://media.museums.ualberta.ca/UAAC/ppt/2009/09_008_002s01v01d01.jpg,rank badge,Qing 19th-20th centuries,silk and metal-wrapped thread embroidery,overall: 26.6 cm x 24.7 cm,unknown,Back panel of a rank badge depicting a golden pheasant for a second rank civil official.,,Gift of Jean Small
2005.5.87.4,Embroidered Silk Purse,https://search.museums.ualberta.ca/21-20905,https://media.museums.ualberta.ca/UAAC/bfw/2005/2005_005_087_004_ve_s20-02v01.jpg,purse,Qing 19th century,silk satin; embroidery; silk floss; cotton; gold wrapped silk thread; linen; brass; silk damask,overall: 25 cm x 9.5 cm x 1 cm,unknown,,,Gift of Sandy and Cécile Mactaggart
2005.5.596.1.1,Right Side of the Front Panel of a Fourth Rank Military Official,https://search.museums.ualberta.ca/21-20755,https://media.museums.ualberta.ca/UAAC/bfw/2005/2005_005_087_004_ve_s20-02v01.jpg,rank badge,Qing 19th century,silk; silk floss; silk satin; embroidery,overall: 30.9 cm x 15.9 cm,unknown,,,Gift of Sandy and Cécile Mactaggart
2005.5.55,Pair of Embroidered Silk Sleeve Bands Mounted as a Panel,https://search.museums.ualberta.ca/21-19277,https://media.museums.ualberta.ca/UAAC/bfw/2005/2005_005_055_s19-12v01.jpg,panel,Qing 19th century,silk; silk brocade ribbon; silk satin; embroidery,overall: 67.5 cm x 35.5 cm,unknown,,,Gift of Sandy and Cécile Mactaggart
2005.5.580.2,Back Panel of a Rank Badge for a Seventh Rank Civil Official,https://search.museums.ualberta.ca/21-20669,https://media.museums.ualberta.ca/UAAC/bfw/2005/2005_005_580_002_ve_s19-12v01.jpg,rank badge,Qing 19th-20th centuries,gold wrapped silk thread; silk floss; silk satin; silk twill; silver wrapped silk thread; embroidery,overall: 28.4 cm x 28.9 cm,unknown,"Qing Period (1644-1911), Seventh Rank Civil Official (Mandarin Duck)

(source: John E. Vollmer & Jacqueline Simcox, ""Emblems of Empire: Selections from the Mactaggart Art Collection,"" (The University of Alberta Press and University of Alberta Museums, Edmonton, Alberta, 2009), p. 74.)",,Gift of Sandy and Cécile Mactaggart
2005.5.278.1,Blue Silk Brocade Panel,https://search.museums.ualberta.ca/21-20849,https://media.museums.ualberta.ca/UAAC/bfw/2005/2005_005_278_001_m01_s19-12v01.jpg,panel,Qing 19th century,silk; silk satin; silk jacquard; muslin; silk brocade,overall: 207.4 cm x 61.3 cm,unknown,,,Gift of Sandy and Cécile Mactaggart
2005.5.383.1,Embroidered Blue Silk Sleeve Band,https://search.museums.ualberta.ca/21-20841,https://media.museums.ualberta.ca/UAAC/bfw/2005/2005_005_278_001_m01_s19-12v01.jpg,sleeve band,Qing 19th century,cotton; silk damask; silk floss; mat board; embroidery,overall: 102.7 cm x 8.5 cm,unknown,,,Gift of Sandy and Cécile Mactaggart
2009.8.11.5,Pouch for Puppet Costume,https://search.museums.ualberta.ca/21-22850,https://media.museums.ualberta.ca/UAAC/ppt/2009/09_008_011_005s01v01.jpg,holder,,leather,overall: 7.6 cm x 12.6 cm x 1.5 cm,unknown,Leather pouch to hold four flags,,Gift of Jean Small
2010.20.1.8.2,"Magnificent Record of the Southern Tours, volume 44, chapters 109-111",https://search.museums.ualberta.ca/21-23726,https://media.museums.ualberta.ca/UAAC/bfw/2010/2010_020_001_008_002_s20-02v01.jpg,book,,"printed woodblock, thread binding",overall: 29.8 cm x 20.5 cm,Gao Jin,"One set of the Yuzhi nanxun shengdian [Magnificent Record of the Southern Tours], edited by Gao Jin et al. Volume 44, Chapter 109-111. Zouyi [Court memorials]. Woodblock printed, thread binding.",,Gift of Sandy and Cécile Mactaggart
2022.7.6,Front and Back Panels of a Rank Badge for a First Rank Military Official,https://search.museums.ualberta.ca/21-27265,https://media.museums.ualberta.ca/UAAC/fullres/2022/2022_007_006_002_re_s23-03v01.jpg,rank badge,,Polychrome silk floss and metal-wrapped thread embroidery on silk satin,Front: 30.5 x 29.5; Back: 29.1 x 30.5,unknown,"Rank badges, always made in pairs, were placed on the front and back of surcoats in order to communicate their wearer’s rank during the Ming (1368-1644) and Qing dynasties (1644-1911). Different motifs were regulated by the imperial court, including bird motifs used only for civil officials, while beasts were used for military officials. The hierarchy of ranks within these categories was represented by specific birds and beasts. 
This pair of rank badges features a qilin, representing a first rank military official. The qilin is surrounded by ruyi-shaped clouds, with its head turned toward the sun disk in the upper left corner. This badge is made of silk floss and metal-wrapped thread embroidery on silk satin.",,Purchased by University of Alberta Museums
2005.5.545,Front and Back Panels of a Rank Badge for a Second Rank Civil Official,https://search.museums.ualberta.ca/21-19767,https://media.museums.ualberta.ca/UAAC/bfw/2005/2005_005_545_002_re_s19-12v01.jpg,rank badge,Qing 19th century,gold wrapped silk thread; silk; silk gauze; silk satin; silver wrapped silk thread; beads; silk floss; embroidery,,unknown,"Rank badges, always made in pairs, were placed on the front and back of surcoats in order to communicate their wearer’s rank during the Ming (1368-1644) and Qing dynasties (1644-1911). Different motifs were regulated by the imperial court, including bird motifs used only for civil officials, while beasts were used for military officials. The hierarchy of ranks within these categories was represented by specific birds and beasts. In the Ming Dynasty, the birds on rank badges were often presented in pairs in an upper and lower position. Later, in the Qing Dynasty, only one bird or beast was seen on rank badges. 
This pair of rank badges features a golden pheasant, representing a second-rank civil official. It is perched on a rock and gazing at a sun disc in the top left corner. Surrounding the birds in this badge are clouds and waves. These badges are made with gold and silver metal-wrapped thread and details rendered in multi-coloured silk floss.",,Gift of Sandy and Cécile Mactaggart
2004.19.2.9,Album Leaf from Illustrations of Chinese Costumes,https://search.museums.ualberta.ca/21-19955,https://media.museums.ualberta.ca/UAAC/fullres/2004/2004_019_002_009_s21-10v01.jpg,album leaf,Qing 18th century,ink; paper,sheet: 17.2 cm x 28.1 cm; image: 10.6 cm x 16.7 cm,unknown,"This album leaf is a part of a 48-page album that depicts Chinese subjects participating in various aspects of daily life, including government business, daily life, cultural customs, modes of transportation, and corporal punishment. This leaf depicts an ink and watercolour drawing of a husband and wife in mourning dress “after the loss of [a] father”. During the Qing dynasty, mourning costume, or sangfu, was white or light coloured and was meant to be worn for a specified period of time, depending on the relationship of the mourner to the decedent and the decedent’s social status. The female figure, on the left, wears a white cloth covering her head, as well as a long white jacket over a light brown pleated skirt (likely made from hemp). She also appears to have bound feet, and may be of Han descent. The male figure, on the right, wears a light brown hat and robe (also likely made from hemp) over white leggings. They both are holding staffs, which signify the physical weakness that one feels during the emotional pain of grieving.",,Gift of Sandy and Cécile Mactaggart
2004.19.1.1.22,Album Leaf from Illustrations of Costumes from the Qianlong Court,https://search.museums.ualberta.ca/21-20210,https://media.museums.ualberta.ca/UAAC/fullres/2004/2004_019_001_001_022_s21-03v01.jpg,album leaf,Qing 18th century,ink; silk; paper,sheet: 42.2 cm x 40.8 cm; image: 28.7 cm x 37.9 cm,unknown,"This album leaf is part of a section of the illustrations of costumes from the Qianlong court, Huangchao liqi tushi (“The Regulations for the Ceremonial Paraphernalia of the [Qing] Dynasty”). In total there are 34 folios that depict costumes appropriate for the Empress Dowager or Empress to wear at the imperial court along with short descriptive captions. This is the left leaf of one folio (attached to 2004.19.1.23) depicting the back of a robe. This painting is nearly identical to another leaf found in the album, 2004.19.1.1.20.",On the reverse of the piece "(46)" is handwritten in pencil on the upper right corner.,Gift of Sandy and Cécile Mactaggart
2005.5.595.1.1,Right Side of the Front Panel of a Rank Badge for a Fourth Rank Military Official,https://search.museums.ualberta.ca/21-20703,https://media.museums.ualberta.ca/UAAC/fullres/2004/2004_019_001_001_022_s21-03v01.jpg,rank badge,Qing 19th century,silk and metal-wrapped thread embroidery with ink,overall: 29.5 cm x 15.2 cm,unknown,,,Gift of Sandy and Cécile Mactaggart
2005.5.627,Yellow Silk Damask Jacket for a Woman,https://search.museums.ualberta.ca/21-19849,https://media.museums.ualberta.ca/UAAC/bfw/2005/2005_005_627_ve_s20-02v01.jpg,jacket,Qing 19th century,yellow silk damask with off-white silk satin sleeve bands embroidered with silk and metal-wrapped threads,overall: 99 cm x 96 cm,unknown,,,Gift of Sandy and Cécile Mactaggart
2005.5.566.2,Back Panel of a Rank Badge for a Fourth Rank Civil Official,https://search.museums.ualberta.ca/21-20731,https://media.museums.ualberta.ca/UAAC/bfw/2005/2005_005_566_002_ve_s19-12v01.jpg,rank badge,Qing 19th-20th centuries,gold wrapped silk thread; silk; silk floss; silk gauze; silver wrapped silk thread; embroidery,overall: 28.7 cm x 30.4 cm,unknown,"Qing Period (1644-1911), Fourth Rank Civil Official (Wild Goose)

(source: John E. Vollmer & Jacqueline Simcox, ""Emblems of Empire: Selections from the Mactaggart Art Collection,"" (The University of Alberta Press and University of Alberta Museums, Edmonton, Alberta, 2009), p. 74.)",,Gift of Sandy and Cécile Mactaggart
2004.19.72.3,Album Leaf from Figures in River Landscapes,https://search.museums.ualberta.ca/21-20437,https://media.museums.ualberta.ca/UAAC/fullres/2004/2004_019_072_003_s21-03v01.jpg,album leaf,Qing 18th century,ink and colour on paper,,Wang Gai,"This is the third leaf from the Figures in River Landscape album by Wang Gai (1677-1705), which is painted with ink and colour on paper. Each leaf contains a landscape, which was painted in situ by Wang Gai. Repeating themes throughout the album include figures immersed in the natural environment, which reflects the literati’s yearning and nostalgia.
This scene depicts a man sitting against the trunk of a leafless pine tree in contemplation of nature. All the elements in the painting are concentrated centrally and surrounded by a mountain valley, which is suggested with unpainted negative space.",,Gift of Sandy and Cécile Mactaggart
2005.5.127,Silk Tapestry Weave Hanging Woven with Flowers,https://search.museums.ualberta.ca/21-19349,https://media.museums.ualberta.ca/UAAC/fullres/2005/2005_005_127_ve_s21-03v01.jpg,hanging,Qing 19th-20th centuries,silk damask; silk tapestry weave,overall: 225.5 cm x 171 cm,unknown,,,Gift of Sandy and Cécile Mactaggart
2005.5.403.3,Belt for Actor's Costume,https://search.museums.ualberta.ca/21-20978,https://media.museums.ualberta.ca/UAAC/bfw/2005/2005_005_403_003_re_d01_s20-02v01.jpg,belt,Modern 20th century,metallic thread; silk; silk floss; metallic ribbon,overall: 198.6 cm x 6.6 cm,unknown,,,Gift of Sandy and Cécile Mactaggart
2004.19.9.8,Album Leaf from Album of Landscapes,https://search.museums.ualberta.ca/21-20504,https://media.museums.ualberta.ca/UAAC/fullres/2004/2004_019_009_008_s21-10v01.jpg,album leaf,Qing 17th-18th centuries,ink and colour on paper,overall: 3.3 cm x 16.8 cm x 26.6 cm; image: 16 cm x 9.9 cm,Yao Song,,,Gift of Sandy and Cécile Mactaggart
2005.5.143.3,Imperial Yellow Silk Brocade Document Cover,https://search.museums.ualberta.ca/21-20819,https://media.museums.ualberta.ca/UAAC/fullres/2005/2005_005_143_003_re_s21-03v01.jpg,document cover,Qing 19th century,silk; silk brocade; silk twill; gold wrapped silk thread,overall: 108.3 cm x 111.2 cm,unknown,,,Gift of Sandy and Cécile Mactaggart
2005.5.500.1,Embroidered Red Silk Fragmentary Panel from a Dragon Robe,https://search.museums.ualberta.ca/21-20815,https://media.museums.ualberta.ca/UAAC/fullres/2005/2005_005_500_001_re_s21-03v01.jpg,panel,Qing 19th century,gold wrapped silk thread; silk; silk floss; silk jacquard; silk satin; silver wrapped silk thread; embroidery,overall: 114.6 cm x 97.1 cm,unknown,,,Gift of Sandy and Cécile Mactaggart
2004.19.68.1.31,The Battle of Oro?-jalatu,https://search.museums.ualberta.ca/21-19905,https://media.museums.ualberta.ca/UAAC/fullres/2004/2004_019_068_001_031_d01_s21-03v01.jpg,print,Qing 18th century,ink on paper; etching; engraving,overall: 63.2 cm x 112.4 cm; image: 54 cm x 93.1 cm,unknown,"A printed image of a battle scene at a camp with a mountainous background.  This engraving goes along with manuscript .68.1.20. It is number 3, chronologically, in the set of 16 copperplate engravings.",,Gift of Sandy and Cécile Mactaggart
2005.5.534.2,Embroidered Silk Fragmentary Panel,https://search.museums.ualberta.ca/21-20808,https://media.museums.ualberta.ca/UAAC/bfw/2005/2005_005_534_002_s19-12v01.jpg,panel,Qing 19th-20th centuries,gold wrapped silk thread; silk; silk brocade; silk jacquard; silk satin,overall: 93 cm x 57.2 cm,unknown,,,Gift of Sandy and Cécile Mactaggart
2005.5.550.2,Back Panel of a Rank Badge for a Fifth Rank Civil Official,https://search.museums.ualberta.ca/21-20625,https://media.museums.ualberta.ca/UAAC/fullres/2005/2005_005_550_002_ve_s23-03v01.jpg,rank badge,Qing 19th century,gold wrapped silk thread; silk damask; silk floss; silk satin; embroidery,overall: 28.8 cm x 29.6 cm,unknown,"Rank badges, always made in pairs, were placed on the front and back of surcoats in order to communicate their wearer’s rank during the Ming (1368-1644) and Qing dynasties (1644-1911). Different motifs were regulated by the imperial court, including bird motifs used only for civil officials, while beasts were used for military officials. The hierarchy of ranks within these categories was represented by specific birds and beasts.
This rank badge features a silver pheasant, representing a fifth rank civil official. In the Ming Dynasty, the birds on rank badges were often presented in pairs in an upper and lower position. Later, in the Qing Dynasty, only one bird or beast was seen on rank badges. It is perched on a rock and gazing at a sun disc in the top right corner. The pattern on the badge is embroidered with fine seed stitches of multicoloured silk floss. The metallic  background is made from couched gold metal-wrapped thread.",,Gift of Sandy and Cécile Mactaggart
2005.5.503.2,Embroidered Blue Silk Fragmentary Panel,https://search.museums.ualberta.ca/21-20801,https://media.museums.ualberta.ca/UAAC/bfw/2005/2005_005_503_002_s19-12v01.jpg,panel,Qing 19th century,silk; silk damask; silk floss; silk jacquard; silk satin; embroidery,overall: 49.7 cm x 105 cm,unknown,,,Gift of Sandy and Cécile Mactaggart
2005.5.88.6,Embroidered Silk Fan Case,https://search.museums.ualberta.ca/21-20913,https://media.museums.ualberta.ca/UAAC/bfw/2005/2005_005_088_006_ve_s20-02v01.jpg,fan case,Qing 19th century,silk floss; embroidery; silk; silk satin; canvas; cardboard; glass,overall: 40.3 cm x 4.7 cm x 1.2 cm,unknown,,,Gift of Sandy and Cécile Mactaggart
2005.5.384.1,Embroidered Blue Silk Sleeve Band,https://search.museums.ualberta.ca/21-20847,https://media.museums.ualberta.ca/UAAC/bfw/2005/2005_005_088_006_ve_s20-02v01.jpg,sleeve band,Qing 19th century,cotton; ink; silk; silk floss; muslin; embroidery; adhesive; cardboard,overall: 101.5 cm x 9.1 cm,unknown,"One embroidered silk sleeve band attached to a piece of grey cardboard with collector's tag. Each sleeve band is embroidered with peonies and butterflies in a ""three-blue"" style, which takes inspiration from monochromatic Chinese ink paintings. This tone-on-tone embroidery style was popular during the Qing Dynasty (1644-1911) and the delicate satin stitches are meant to recreate the gradient of ink painting. Sleeve bands are the wide decorated cuffs attached to women's robes and jackets.",,Gift of Sandy and Cécile Mactaggart
2004.19.83,Landscape in the Style of Wang Wei,https://search.museums.ualberta.ca/21-19148,https://media.museums.ualberta.ca/UAAC/fullres/2004/2004_019_083_m01_s21-10v01.jpg,hanging scroll,Qing 17th century,ink and colour on silk,overall: 214 cm x 57.9 cm; image: 160 cm x 43.4 cm,Lan Ying,A hanging scroll painting of a mountainous river landscape painted in the style of Wang Wei.,The scroll is signed by Dong Guo Lao Nong Lan Ying and impressed with 2 artist seals.,Gift of Sandy and Cécile Mactaggart
2005.5.209,Coral Silk Damask Informal Robe for a Woman,https://search.museums.ualberta.ca/21-19431,https://media.museums.ualberta.ca/UAAC/bfw/2005/2005_005_209_ve_s20-02v01.jpg,robe,Qing 19th century,dark pink silk damask with black silk satin facings embroidered with silk,overall: 135.6 cm x 136.7 cm; neck to hem: 135.6 cm; cuff to cuff: x 136.7 cm,unknown,,,Gift of Sandy and Cécile Mactaggart
2005.5.62,Pair of Embroidered Silk Sleeve Bands Mounted as a Panel,https://search.museums.ualberta.ca/21-19284,https://media.museums.ualberta.ca/UAAC/bfw/2005/2005_005_062_s19-12v01.jpg,panel,Qing 19th century,silk; silk brocade; silk floss; silk satin; embroidery,overall: 68.4 cm x 36.3 cm,unknown,,,Gift of Sandy and Cécile Mactaggart
2005.5.621,Trunk and Costume,https://search.museums.ualberta.ca/21-19843,https://media.museums.ualberta.ca/UAAC/bfw/2005/2005_005_062_s19-12v01.jpg,costume,Qing 19th century,,,unknown,,,Gift of Sandy and Cécile Mactaggart
2004.19.2.7,Album Leaf from Illustrations of Chinese Costumes,https://search.museums.ualberta.ca/21-19953,https://media.museums.ualberta.ca/UAAC/fullres/2004/2004_019_002_007_s21-10v01.jpg,album leaf,Qing 18th century,ink; paper,sheet: 17.2 cm x 28 cm; image: 10.7 cm x 16.2 cm,unknown,"This album leaf is a part of a 48-page album that depicts Chinese subjects participating in various aspects of daily life, including government business, daily life, cultural customs, modes of transportation, and corporal punishment. This leaf depicts and ink and watercolour drawing of two female figures, possibly of Han ancestry and of a lower social standing. The woman on the left is slightly better dressed in a decorated pleated skirt, mid-length robe with cuffed wide sleeves, and short vest. Her higher standing may be indicated by her bound feet, bangles on each arm, and hair pin. She also carries a handkerchief and a small fan. The woman on the right is wearing a mid-length jacket over a pleated skirt and pants – an outfit that is not decorated and better suited for working. Her feet have not been bound, and she carries a basket and large fan.",,Gift of Sandy and Cécile Mactaggart
2005.5.588.1.2,Left Side of the Front Panel of a Rank Badge for a Ninth Rank Civil Official,https://search.museums.ualberta.ca/21-20685,https://media.museums.ualberta.ca/UAAC/fullres/2004/2004_019_002_007_s21-10v01.jpg,rank badge,Qing 19th-20th centuries,gold wrapped silk thread; silk; silk floss; silk gauze; silk satin; silver wrapped silk thread; embroidery,overall: 28.5 cm x 13.5 cm,unknown,,,Gift of Sandy and Cécile Mactaggart
2005.5.164,Blue Silk Damask Leggings for a Girl,https://search.museums.ualberta.ca/21-19386,https://media.museums.ualberta.ca/UAAC/bfw/2005/2005_005_164_ve_s19-12v01.jpg,leggings,Qing 19th century,pale blue-green silk damask with dark purple silk satin borders embroidered with silk and metal-wrapped threads,overall: 70.9 cm x 40.7 cm,unknown,,,Gift of Sandy and Cécile Mactaggart
2005.5.244.2,Silk Tapestry Weave Fragment from a Hanging,https://search.museums.ualberta.ca/21-20891,https://media.museums.ualberta.ca/UAAC/bfw/2005/2005_005_244_002_ve_s20-02v01.jpg,fragment,Qing 17th-18th centuries,gold wrapped silk thread; silk tapestry weave,overall: 81.7 cm x 20 cm,unknown,,,Gift of Sandy and Cécile Mactaggart
2005.5.207,Purple Silk Damask Jacket for a Woman,https://search.museums.ualberta.ca/21-19429,https://media.museums.ualberta.ca/UAAC/bfw/2005/2005_005_207_ve_s20-02v01.jpg,jacket,Qing 20th century,purple silk damask with blue silk satin facings,overall: 91.4 cm x 47.5 cm,unknown,,,Gift of Sandy and Cécile Mactaggart
2010.20.1.8.6,"Magnificent Record of the Southern Tours, volume 48, chapters 118-120",https://search.museums.ualberta.ca/21-23730,https://media.museums.ualberta.ca/UAAC/bfw/2010/2010_020_001_008_006_s20-02v01.jpg,book,,"printed woodblock, thread binding",overall: 29.8 cm x 20.5 cm,Gao Jin,"One set of the Yuzhi nanxun shengdian [Magnificent Record of the Southern Tours], edited by Gao Jin et al. Volume 48, Chapter 118-120. Zouyi [Court memorials]. Woodblock printed, thread binding.",,Gift of Sandy and Cécile Mactaggart
2005.5.505,Embroidered Silk Sleeve Bands,https://search.museums.ualberta.ca/21-19727,https://media.museums.ualberta.ca/UAAC/bfw/2005/2005_005_505_s19-12v01.jpg,,Qing 19th century,gold wrapped silk thread; silk; silk brocade ribbon; silk damask; silk floss; embroidery,overall: 70.2 cm x 39.5 cm,unknown,,,Gift of Sandy and Cécile Mactaggart
2005.5.51,Single Embroidered Silk Sleeve Band Mounted as a Panel,https://search.museums.ualberta.ca/21-19273,https://media.museums.ualberta.ca/UAAC/bfw/2005/2005_005_051_s19-12v01.jpg,panel,Qing 19th century,silk satin; silk; silk brocade; silk floss; gold wrapped silk thread; embroidery,overall: 62 cm x 23.8 cm,unknown,,,Gift of Sandy and Cécile Mactaggart
2004.19.38.6,Album Leaf from Album of Figures,https://search.museums.ualberta.ca/21-20405,https://media.museums.ualberta.ca/UAAC/fullres/2004/2004_019_038_006_s21-10v01.jpg,album leaf,Qing 19th century,ink and colour on paper,,Ren Yi,"This album leaf is one of thirteen inscriptions in Ren Yi’s Album of Figures, featuring a four-line poem with seven characters per line. The poem was written in cursive script by Taixi (1899–1989) and later attached to Ren Yi’s paintings. The text is associated with the imagery on the album leaf attached beneath it (2004.19.38.7).",,Gift of Sandy and Cécile Mactaggart
2004.19.1.1.43,Album Leaf from Illustrations of Costumes from the Qianlong Court,https://search.museums.ualberta.ca/21-20252,https://media.museums.ualberta.ca/UAAC/fullres/2004/2004_019_001_001_043_s21-03v01.jpg,album leaf,Qing 18th century,ink; silk; paper,sheet: 42.2 cm x 40.9 cm; image: 33.7 cm x 31.2 cm,unknown,"This album leaf is part of a section of the illustrations of costumes from the Qianlong court, Huangchao liqi tushi (“The Regulations for the Ceremonial Paraphernalia of the [Qing] Dynasty”). In total there are 34 folios that depict costumes appropriate for the Empress Dowager or Empress to wear at the imperial court along with short descriptive captions. This is the right leaf of one folio (attached to 2004.19.1.42) and it contains seven columns of regular script calligraphy describing the regulations of a court vest (chaogua), the second style, for the empress dowager and empress. The text on this leaf continues onto the left side leaf","皇太后 皇后朝褂二 謹按 本朝定制 皇太后 皇后朝褂 色用石青 片金緣  繡文前後正龍各一 要帷行龍... Translation of the Chinese text: ""Court vest chaogua, the second style, for the… 

													皇太后 皇后朝褂二 謹按 本朝定制 皇太后 皇后朝褂 色用石青 片金緣  繡文前後正龍各一 要帷行龍... Translation of the Chinese text: ""Court vest chaogua, the second style, for the Empress Dowager and Empress/In accordance with the decree of the present dynasty:/The court vest of the Empress Dowager and Empress is in azurite-blue colour, trimmed with gold bands. The vest is embroidered with patterns, including a front-facing dragon on each of the front and back, and with four moving-dragon motifs around the waist. [text continued on left leaf, 2004.19.1.1.42]""
(Translated and transcribed by Lisa Claypool, Ed., China’s Imperial Modern: The Painter’s Craft, Edmonton, AB: University of Alberta Museums, 2012, p. 103; Modified by Isabel Pi-fen Chueh)
On the reverse of the piece ""(25)"" is handwritten in pencil on the upper left corner.  Below the pencil number are two black ink markings. 
Read More +",Gift of Sandy and Cécile Mactaggart
2005.5.572.1.2,Left Side of the Front Panel of a Rank Badge for a Fifth Rank Civil Official,https://search.museums.ualberta.ca/21-20653,https://media.museums.ualberta.ca/UAAC/fullres/2004/2004_019_001_001_043_s21-03v01.jpg,rank badge,Qing 19th century,copper-wrapped silk thread; gold wrapped silk thread; ink; tapestry weave; linen; silk; silver wrapped silk thread,overall: 28.6 cm x 14.8 cm,unknown,,,Gift of Sandy and Cécile Mactaggart
2005.5.571.2,Left Side of the Front Panel of a Rank Badge for a Fifth Rank Civil Official,https://search.museums.ualberta.ca/21-20651,https://media.museums.ualberta.ca/UAAC/fullres/2004/2004_019_001_001_043_s21-03v01.jpg,rank badge,Qing 19th-20th centuries,embroidery; copper-wrapped silk thread; gold wrapped silk thread; silk; silk floss; silk satin; silver wrapped silk thread,overall: 27.8 cm x 15.4 cm,unknown,,,Gift of Sandy and Cécile Mactaggart
2005.5.244.1,Silk Tapestry Weave Fragment from a Hanging,https://search.museums.ualberta.ca/21-20890,https://media.museums.ualberta.ca/UAAC/bfw/2005/2005_005_244_001_ve_s20-02v01.jpg,fragment,Qing 17th-18th centuries,gold wrapped silk thread; peacock feathers; silk tapestry weave,overall: 162.3 cm x 38.3 cm,unknown,,,Gift of Sandy and Cécile Mactaggart
2005.5.419,Silk Tapestry Weave Fragmentary Canopy,https://search.museums.ualberta.ca/21-19641,https://media.museums.ualberta.ca/UAAC/bfw/2005/2005_005_419_re_d01_s19-12v01.jpg,canopy,19th century,gold wrapped silk thread; silk brocade; polyester; silk tapestry weave; silk twist,overall: 135 cm x 126 cm,unknown,"This canopy was made to decorate a Buddhist temple.The inner section, made in tapestry weave, was made separately from the green brocade border, which would have been attached later. The silk multicoloured tapestry has motifs of dragons, clouds, waves and rocks. The green silk brocade with metal-wrapped threads is patterned with floral and xi characters, which mean happiness.
The inner section is pieced together from fragments of Chinese tapestry. That shows two dragons face to face, yet one of the dragons has been cut off on the right side. The dragons, which have four claws on each foot,  are both standing on one leg. Their  heads face upward with open mouths that show off their pointy white teeth. The ends of their tails resemble fishtails sweeping the tops of the waves and mountains below. The images of the dragons’ postures, sharp teeth, fierce claws, and muscular tails reveal a design style of the Ming dynasty (1368-1644).",,Gift of Sandy and Cécile Mactaggart
2004.19.69.2.1,Base of Box for Boat on a River,https://search.museums.ualberta.ca/21-20543,https://media.museums.ualberta.ca/UAAC/bfw/2005/2005_005_419_re_d01_s19-12v01.jpg,"box, base",Qing 17th century,,,unknown,Base of storage box for hanging scroll.,,Gift of Sandy and Cécile Mactaggart
2005.5.298,Embroidered Red Silk Table Frontal,https://search.museums.ualberta.ca/21-19520,https://media.museums.ualberta.ca/UAAC/fullres/2005/2005_005_298_re_s23-01v01.jpg,table frontal,Qing 19th century,silk; silk brocade; silk floss; silk satin; silver wrapped silk thread; embroidery,overall: 81.8 cm x 141.2 cm,unknown,,,Gift of Sandy and Cécile Mactaggart
2005.5.621.6.1,Boot with Insole,https://search.museums.ualberta.ca/21-21045,https://media.museums.ualberta.ca/UAAC/fullres/2005/2005_005_621_006_001_side2_s23-01v01.jpg,boot,Qing 19th century,cotton; silk; leather; ink; felt,,unknown,,,Gift of Sandy and Cécile Mactaggart
2004.19.69.1,Boat on a River,https://search.museums.ualberta.ca/21-20541,https://media.museums.ualberta.ca/UAAC/fullres/2004/2004_019_069_001_s22-02v01.jpg,hanging scroll,Qing 17th century,ink on paper,sheet: 184.8 cm x 55.7 cm; image: 106.4 cm x 41 cm,Zha Shibiao,A hanging painting scroll of a boat in a river landscape.,Signed by Shibao and impressed with 2 artist seals.  The scroll is also inscribed with a poem.,Gift of Sandy and Cécile Mactaggart
2005.5.174,Embroidered Red Silk Robe for a Woman,https://search.museums.ualberta.ca/21-19396,https://media.museums.ualberta.ca/UAAC/fullres/2005/2005_005_174_ve_s21-03v01.jpg,robe,Qing 19th century,red silk satin embroidered with silk and metal-wrapped threads,overall: 135.4 cm x 192.4 cm; neck to hem: 135.4 cm; cuff to cuff: x 192.4 cm,unknown,,,Gift of Sandy and Cécile Mactaggart
2010.20.1.2.2,"Magnificent Record of the Southern Tours, Volume 8. Chapters 18-20",https://search.museums.ualberta.ca/21-23686,https://media.museums.ualberta.ca/UAAC/bfw/2010/2010_020_001_002_002_s20-02v01.jpg,book,,"printed woodblock, thread binding",overall: 29.8 cm x 20.5 cm,Gao Jin,"One set of the Yuzhi nanxun shengdian [Magnificent Record of the Southern Tours], edited by Gao Jin et al. Volume 8. Chapters 18-20. Tianzhang [Imperial essays]. Woodblock printed, thread binding.",,Gift of Sandy and Cécile Mactaggart
2004.19.1.1.30,Album Leaf from Illustrations of Costumes from the Qianlong Court,https://search.museums.ualberta.ca/21-20238,https://media.museums.ualberta.ca/UAAC/fullres/2004/2004_019_001_001_030_s21-03v01.jpg,album leaf,Qing 18th century,ink; silk; paper,sheet: 42.2 cm x 40.8 cm; image: 29.9 cm x 37.7 cm,unknown,"This album leaf is part of a section of the illustrations of costumes from the Qianlong court, Huangchao liqi tushi (“The Regulations for the Ceremonial Paraphernalia of the [Qing] Dynasty”). In total there are 34 folios that depict costumes appropriate for the Empress Dowager or Empress to wear at the imperial court along with short descriptive captions. This is the left leaf of one folio (attached to 2004.19.1.31) depicting the back of a robe.",On the reverse of the piece "(38)" is handwritten in pencil on the upper right corner.,Gift of Sandy and Cécile Mactaggart
2005.5.440.2,Blue Silk Tapestry Weave Uncut Platform Shoe for a Woman,https://search.museums.ualberta.ca/21-20968,https://media.museums.ualberta.ca/UAAC/bfw/2005/2005_005_440_002_ve_s19-12v01.jpg,yardage,Qing 19th century,silk tapestry weave,overall: 26.2 cm x 17 cm,unknown,,,Gift of Sandy and Cécile Mactaggart
2005.5.504,Embroidered Blue Silk Fragmentary Panel,https://search.museums.ualberta.ca/21-19726,https://media.museums.ualberta.ca/UAAC/bfw/2005/2005_005_504_s19-12v01.jpg,panel,Qing 19th century,silk; silk brocade; silk floss; silk satin; embroidery,overall: 45.9 cm x 128.8 cm,unknown,,,Gift of Sandy and Cécile Mactaggart
2005.5.274,Embroidered Yellow Silk Hanging,https://search.museums.ualberta.ca/21-19496,https://media.museums.ualberta.ca/UAAC/bfw/2005/2005_005_274_re_s20-02v01.jpg,hanging,Qing 18th century,gold wrapped silk thread; silk; silk brocade; silk floss; silk satin; embroidery,overall: 67 cm x 194.5 cm,unknown,,,Gift of Sandy and Cécile Mactaggart
2004.19.68.1.15,Print from the Qianlong Emperor’s Conquests,https://search.museums.ualberta.ca/21-19887,https://media.museums.ualberta.ca/UAAC/fullres/2004/2004_019_068_001_015_s21-03v01.jpg,print,Qing 18th century,silk; paper; ink,overall: 63.2 cm x 112.6 cm; image: 52.3 cm x 92.9 cm,unknown,"A printed calligraphic piece with two red seals, one round and one square.  This manuscript goes along with engraving .68.1.27. It is number 6, chronologically, from the set of 16 copperplate engravings.",,Gift of Sandy and Cécile Mactaggart
2004.19.68.1.16,Print from the Qianlong Emperor’s Conquests,https://search.museums.ualberta.ca/21-19888,https://media.museums.ualberta.ca/UAAC/fullres/2004/2004_019_068_001_016_s21-03v01.jpg,print,Qing 18th century,silk; paper; ink,overall: 63.1 cm x 112.5 cm; image: 52.2 cm x 92.9 cm,unknown,"A printed calligraphic piece with two square red seals.  This manuscript goes along with engraving .68.1.30. It is number 7, chronologically, in the set of 16 copperplate engravings.",,Gift of Sandy and Cécile Mactaggart
2005.5.418,Silk Tapestry Weave Hanging,https://search.museums.ualberta.ca/21-19640,https://media.museums.ualberta.ca/UAAC/fullres/2005/2005_005_418_re_s23-01v01.jpg,hanging,Qing 18th century,silk brocade; silk taffeta,overall: 202.5 cm x 116.5 cm,unknown,,,Gift of Sandy and Cécile Mactaggart
2005.5.441.1,Embroidered Cream Silk Sleeve Band,https://search.museums.ualberta.ca/21-20798,https://media.museums.ualberta.ca/UAAC/fullres/2005/2005_005_418_re_s23-01v01.jpg,sleeve band,Qing 18th-19th centuries,silk floss; silk satin; rhinestone; plastic beads; mylar gold braid,overall: 52.9 cm x 9 cm,unknown,,,Gift of Sandy and Cécile Mactaggart
2005.5.369,Embroidered Blue Silk Surcoat for a Woman,https://search.museums.ualberta.ca/21-19591,https://media.museums.ualberta.ca/UAAC/bfw/2005/2005_005_369_d01_s19-12v01.jpg,surcoat,Qing 20th century,dark blue silk twill embroidered with silk and metal-wrapped threads,overall: 141.6 cm x 147.5 cm; neck to hem: 141.6 cm; cuff to cuff: x 147.5 cm,unknown,,,Gift of Sandy and Cécile Mactaggart
2004.19.2.28,Album Leaf from Illustrations of Chinese Costumes,https://search.museums.ualberta.ca/21-20014,https://media.museums.ualberta.ca/UAAC/fullres/2004/2004_019_002_028_s21-10v01.jpg,album leaf,Qing 18th century,ink; paper,sheet: 17.2 cm x 28 cm; image: 11.4 cm x 18.6 cm,unknown,"This album leaf is a part of a 48-page album that depicts Chinese subjects participating in various aspects of daily life, including government business, daily life, cultural customs, modes of transportation, and corporal punishment. This leaf contains an ink and watercolour depiction of a woman in Manchu dress with a man in studded military armour. The woman, on the left, wears a long blue jacket over a pink robe and holds a fan. The man has a helmet and carries a bow and arrows.",,Gift of Sandy and Cécile Mactaggart
2010.21.10.1,One of a Pair of Marble Carp Fountains,https://search.museums.ualberta.ca/21-24290,https://media.museums.ualberta.ca/UAAC/ppt/2009/09_002_016_001s01v01.jpg,sculpture,Modern 20th century,Metal with white marble,,unknown,"One of a pair of fountains, each in the form of a leaping carp spewing water from its open mouth. The base is carved in the shape of stylized waves. The deep golden amber colour of the fountains is likely the result of application of a stain, but might be due to exposure to the weather.",,Gift of Sandy and Cécile Mactaggart
2005.5.138,Red Silk Tapestry Weave Fragmentary Hanging,https://search.museums.ualberta.ca/21-19360,https://media.museums.ualberta.ca/UAAC/fullres/2005/2005_005_138_ve_g02_s22-02v01.jpg,hanging,Qing 18th-19th centuries,linen; silk; tapestry weave,overall: 208.5 cm x 89 cm,unknown,,,Gift of Sandy and Cécile Mactaggart
2005.5.216,Silk Tapestry Weave Fragmentary Panel,https://search.museums.ualberta.ca/21-19438,https://media.museums.ualberta.ca/UAAC/bfw/2005/2005_005_216_s19-12v01.jpg,panel,Qing 20th century,gold wrapped silk thread; silk; silk brocade; silk tapestry weave; silk jacquard; silk satin,overall: 52.2 cm x 48.8 cm,unknown,,,Gift of Sandy and Cécile Mactaggart
2009.8.1,Front Panel of a Rank Badge,https://search.museums.ualberta.ca/21-22438,https://media.museums.ualberta.ca/UAAC/ppt/2009/09_008_001s01v01d02.jpg,rank badge,Qing 19th-20th centuries,silk and metal-wrapped thread embroidery,overall: 23.5 cm x 24.5 cm,unknown,This is a 'blank badge' onto which a bird or animal rank badge symbol would have been attached.,,Gift of Jean Small
2005.5.87.2,Embroidered Silk Purse,https://search.museums.ualberta.ca/21-20903,https://media.museums.ualberta.ca/UAAC/bfw/2005/2005_005_087_002_ve_s20-02v01.jpg,purse,Qing 19th century,silk satin; embroidery; silk floss; cotton; gold wrapped silk thread; silk; silk damask; silk sateen; silk noil,overall: 8.5 cm x 8.5 cm x .5 cm,unknown,,,Gift of Sandy and Cécile Mactaggart
2005.5.422,Embroidered Silk Circular Panel,https://search.museums.ualberta.ca/21-19644,https://media.museums.ualberta.ca/UAAC/fullres/2005/2005_005_422_re_s23-01v01.jpg,panel,Qing 19th century,copper-wrapped silk thread; peacock feathers; embroidery; gold wrapped silk thread; linen; silk; silk brocade; silk floss,overall: 94 cm diameter,unknown,,,Gift of Sandy and Cécile Mactaggart
2005.5.292.1,Embroidered Blue Silk Fragmentary Panel from a Woman's Surcoat,https://search.museums.ualberta.ca/21-20853,https://media.museums.ualberta.ca/UAAC/bfw/2005/2005_005_292_001_s19-12v01.jpg,panel,Qing 19th century,silk; silk floss; silk jacquard; silk twill; embroidery,overall: 84.7 cm x 56.9 cm,unknown,,,Gift of Sandy and Cécile Mactaggart
2005.5.587.2,Back Panel of a Rank Badge for a Ninth Rank Civil Official,https://search.museums.ualberta.ca/21-20682,https://media.museums.ualberta.ca/UAAC/bfw/2005/2005_005_587_002_ve_s19-12v01.jpg,rank badge,Qing 19th-20th centuries,gold wrapped silk thread; linen; silk; silver wrapped silk thread; embroidery,overall: 21.7 cm x 22.8 cm,unknown,"Rank badges, always made in pairs, were placed on the front and back of surcoats in order to communicate their wearer’s rank during the Ming (1368-1644) and Qing dynasties (1644-1911). Different motifs were regulated by the imperial court, including bird motifs used only for civil officials, while beasts were used for military officials. The hierarchy of ranks within these categories was represented by specific birds and beasts. 
This rank badge features a flycatcher, representing a ninth rank civil official. In the Ming Dynasty, the birds on rank badges were often presented in pairs in an upper and lower position. Later, in the Qing Dynasty, only one bird or beast was seen on rank badges. The bird perches on rocks, surrounded with bamboo and cherry blossoms. The badge is adorned with counted stitch embroidery on silk gauze.",,Gift of Sandy and Cécile Mactaggart
2005.5.550.1,Front Panel of a Rank Badge for a Fifth Rank Civil Official,https://search.museums.ualberta.ca/21-20624,https://media.museums.ualberta.ca/UAAC/fullres/2005/2005_005_550_001_ve_s23-03v01.jpg,rank badge,Qing 19th century,gold wrapped silk thread; silk damask; silk floss; silk satin; embroidery,overall: 29 cm x 29.5 cm,unknown,"Rank badges, always made in pairs, were placed on the front and back of surcoats in order to communicate their wearer’s rank during the Ming (1368-1644) and Qing dynasties (1644-1911). Different motifs were regulated by the imperial court, including bird motifs used only for civil officials, while beasts were used for military officials. The hierarchy of ranks within these categories was represented by specific birds and beasts.
This rank badge features a silver pheasant, representing a fifth rank civil official. In the Ming Dynasty, the birds on rank badges were often presented in pairs in an upper and lower position. Later, in the Qing Dynasty, only one bird or beast was seen on rank badges. It is perched on a rock and gazing at a sun disc in the top right corner. The pattern on the badge is embroidered with fine seed stitches of multicoloured silk floss. The metallic  background is made from couched gold metal-wrapped thread.",,Gift of Sandy and Cécile Mactaggart
2010.20.1.5.6,"Magnificent Record of the Southern Tours, volume 30, chapters 73-75",https://search.museums.ualberta.ca/21-23708,https://media.museums.ualberta.ca/UAAC/bfw/2010/2010_020_001_005_006_s20-02v01.jpg,book,,"printed woodblock, thread binding",overall: 29.8 cm x 20.5 cm,Gao Jin,"One set of the Yuzhi nanxun shengdian [Magnificent Record of the Southern Tours], edited by Gao Jin et al. Volume 30, Chapter 73-75. Baoshang [Honours and emoluments]. Woodblock printed, thread binding.",,Gift of Sandy and Cécile Mactaggart
2010.20.1.6.3,"Magnificent Record of the Southern Tours, volume 33, chapters 85-86",https://search.museums.ualberta.ca/21-23711,https://media.museums.ualberta.ca/UAAC/bfw/2010/2010_020_001_006_003_s20-02v01.jpg,book,,"printed woodblock, thread binding",overall: 29.8 cm x 20.5 cm,Gao Jin,"One set of the Yuzhi nanxun shengdian [Magnificent Record of the Southern Tours], edited by Gao Jin et al. Volume 33, Chapter 85-86. Yuewu [Mustering troops]. Woodblock printed, thread binding.",,Gift of Sandy and Cécile Mactaggart
2005.5.53,Pair of Embroidered Silk Sleeve Bands Mounted as a Panel,https://search.museums.ualberta.ca/21-19275,https://media.museums.ualberta.ca/UAAC/bfw/2005/2005_005_053_s19-12v01.jpg,panel,Qing 19th century,silk satin; silk; silk floss; gold wrapped silk thread; silk brocade; embroidery,overall: 63 cm x 34.9 cm,unknown,,,Gift of Sandy and Cécile Mactaggart
2005.5.461,Blue Silk Brocade Panel,https://search.museums.ualberta.ca/21-19683,https://media.museums.ualberta.ca/UAAC/fullres/2005/2005_005_461_ve_s23-01v01.jpg,panel,Qing 20th century,copper-wrapped silk thread; gold wrapped silk thread; silk brocade; silk satin,overall: 103.1 cm x 98.9 cm,unknown,,,Gift of Sandy and Cécile Mactaggart
2005.5.88.9,Embroidered Silk Fan Case,https://search.museums.ualberta.ca/21-20916,https://media.museums.ualberta.ca/UAAC/bfw/2005/2005_005_088_009_ve_s20-02v01.jpg,fan case,Qing 19th century,silk floss; embroidery; silk satin; gold wrapped silk thread; linen; peacock feathers,overall: 31.2 cm x 6 cm x .8 cm,unknown,,,Gift of Sandy and Cécile Mactaggart
